source_id,display_name,first_name,surname1,surname2,birth_date,country_id,country_name,broad_position,team_id,team_name,creation_batch,identity_source,identity_source_url,verified_national_pool_year,historical_position_1993_94,historical_club_1994,duplicate_check,matched_existing_id,bdfutbol_search_name,bdfutbol_id,bdfutbol_url,photo_filename,photo_width,photo_height,photo_format,photo_mode,photo_status
9496505,Acar,,Acar,,,,,DEF,9357008,Altay,turkey_league_rosters_0.26,BDFutbol 1993-94 squad; identity/position audit v0.26,https://www.bdfutbol.com/en/t/t1993-9411414.html,1994,Right Back,Altay,turkey_1993_94_explicit_identity_gate,,Acar,,,9496505.jpg,40,55,JPEG,RGB,pending_identity_profile
9496447,Ace Khuse,Ace,Khuse,,,,,MED,9357005,Gençlerbirliği,turkey_league_rosters_0.26,BDFutbol 1993-94 squad; identity/position audit v0.26,https://www.bdfutbol.com/en/t/t1993-9410358.html,1994,Left Midfielder,Gençlerbirliği,turkey_1993_94_explicit_identity_gate,,Ace Khuse,,,9496447.jpg,40,55,JPEG,RGB,pending_identity_profile
9496707,Afanasyev,,Afanasyev,,,,,DEF,1087,Torpedo Moskva,russia_league_rosters_0.27,BDFutbol 1993 squad; identity/position audit v0.27,https://www.bdfutbol.com/en/t/t1993-9410068.html,1994,Centre Back,Torpedo Moskva,russia_1993_explicit_identity_gate,,Afanasyev,,,9496707.jpg,40,55,JPEG,RGB,pending_identity_profile
9496053,Affo,,Affo,,,,,DEF,454,Charleroi,belgium_league_rosters_0.25,BDFutbol 1993-94 squad page; identity/position audit v0.25,https://www.bdfutbol.com/en/t/t1993-9410718.html,1994,Centre Back,Charleroi,belgium_1993_94_identity_gate,,Affo,,,9496053.jpg,40,55,JPEG,RGB,pending_identity_profile
9496511,Agashkov,,Agashkov,,,,,MED,9357009,Ankaragücü,turkey_league_rosters_0.26,BDFutbol 1993-94 squad; identity/position audit v0.26,https://www.bdfutbol.com/en/t/t1993-9410353.html,1994,Centre Midfielder,Ankaragücü,turkey_1993_94_explicit_identity_gate,,Agashkov,,,9496511.jpg,40,55,JPEG,RGB,pending_identity_profile
9496579,Akbaş,,Akbaş,,,,,DEF,9357013,Karşıyaka,turkey_league_rosters_0.26,BDFutbol 1993-94 squad; identity/position audit v0.26,https://www.bdfutbol.com/en/t/t1993-949026.html,1994,Centre Back,Karşıyaka,turkey_1993_94_explicit_identity_gate,,Akbaş,,,9496579.jpg,40,55,JPEG,RGB,pending_identity_profile
9496398,Akbulut,,Akbulut,,,,,MED,644,Beşiktaş,turkey_league_rosters_0.26,BDFutbol 1993-94 squad; identity/position audit v0.26,https://www.bdfutbol.com/en/t/t1993-9410031.html,1994,Right Midfielder,Beşiktaş,turkey_1993_94_explicit_identity_gate,,Akbulut,,,9496398.jpg,40,55,JPEG,RGB,pending_identity_profile
9496422,Akgün,,Akgün,,,,,MED,9357004,Kocaelispor,turkey_league_rosters_0.26,BDFutbol 1993-94 squad; identity/position audit v0.26,https://www.bdfutbol.com/en/t/t1993-9410861.html,1994,Right Midfielder,Kocaelispor,turkey_1993_94_explicit_identity_gate,,Akgün,,,9496422.jpg,40,55,JPEG,RGB,pending_identity_profile
9496540,Aktepe,,Aktepe,,,,,MED,9357010,Kayserispor,turkey_league_rosters_0.26,BDFutbol 1993-94 squad; identity/position audit v0.26,https://www.bdfutbol.com/en/t/t1993-9410432.html,1994,Centre Midfielder,Kayserispor,turkey_1993_94_explicit_identity_gate,,Aktepe,,,9496540.jpg,40,55,JPEG,RGB,pending_identity_profile
9496491,Akuygur,,Akuygur,,,,,DEF,9357008,Altay,turkey_league_rosters_0.26,BDFutbol 1993-94 squad; identity/position audit v0.26,https://www.bdfutbol.com/en/t/t1993-9411414.html,1994,Centre Back,Altay,turkey_1993_94_explicit_identity_gate,,Akuygur,,,9496491.jpg,40,55,JPEG,RGB,pending_identity_profile
9496406,Akyol,,Akyol,,,,,MED,9357003,Samsunspor,turkey_league_rosters_0.26,BDFutbol 1993-94 squad; identity/position audit v0.26,https://www.bdfutbol.com/en/t/t1993-9411698.html,1994,Centre Midfielder,Samsunspor,turkey_1993_94_explicit_identity_gate,,Akyol,,,9496406.jpg,40,55,JPEG,RGB,pending_identity_profile
9496453,Akçevre,,Akçevre,,,,,POR,9357006,Gaziantepspor,turkey_league_rosters_0.26,BDFutbol 1993-94 squad; identity/position audit v0.26,https://www.bdfutbol.com/en/t/t1993-9410300.html,1994,Goalkeeper,Gaziantepspor,turkey_1993_94_explicit_identity_gate,,Akçevre,,,9496453.jpg,40,55,JPEG,RGB,pending_identity_profile
9496224,Albert,,Albert,,,,,DEL,9352006,Molenbeek,belgium_league_rosters_0.25,BDFutbol 1993-94 squad page; identity/position audit v0.25,https://www.bdfutbol.com/en/t/t1993-9410067.html,1994,Left Winger,Molenbeek,belgium_1993_94_identity_gate,,Albert,,,9496224.jpg,40,55,JPEG,RGB,pending_identity_profile
9496691,Alchagirov,,Alchagirov,,,,,DEF,9315005,Spartak Vladikavkaz,russia_league_rosters_0.27,BDFutbol 1993 squad; identity/position audit v0.27,https://www.bdfutbol.com/en/t/t1993-9410778.html,1994,Left Back,Spartak Vladikavkaz,russia_1993_explicit_identity_gate,,Alchagirov,,,9496691.jpg,40,55,JPEG,RGB,pending_identity_profile
9496686,Aleksandrov,,Aleksandrov,,,,,DEF,9315004,Lokomotiv Moskva,russia_league_rosters_0.27,BDFutbol 1993 squad; identity/position audit v0.27,https://www.bdfutbol.com/en/t/t1993-9410040.html,1994,Centre Back,Lokomotiv Moskva,russia_1993_explicit_identity_gate,,Aleksandrov,,,9496686.jpg,40,55,JPEG,RGB,pending_identity_profile
9496793,Alekseev,,Alekseev,,,,,POR,9315009,Zhemchuzhina Sochi,russia_league_rosters_0.27,BDFutbol 1993 squad; identity/position audit v0.27,https://www.bdfutbol.com/en/t/t1993-9422018.html,1994,Goalkeeper,Zhemchuzhina Sochi,russia_1993_explicit_identity_gate,,Alekseev,,,9496793.jpg,40,55,JPEG,RGB,pending_identity_profile
9496596,Alkan,,Alkan,,,,,DEF,9357014,Sarıyer,turkey_league_rosters_0.26,BDFutbol 1993-94 squad; identity/position audit v0.26,https://www.bdfutbol.com/en/t/t1993-949024.html,1994,Right Back,Sarıyer,turkey_1993_94_explicit_identity_gate,,Alkan,,,9496596.jpg,40,55,JPEG,RGB,pending_identity_profile
9496286,Aloisi,,Aloisi,,,15,,DEL,1032,Royal Antwerp,belgium_league_rosters_0.25,BDFutbol 1993-94 squad page; identity/position audit v0.25,https://www.bdfutbol.com/en/t/t1993-9410010.html,1994,Left Winger,Royal Antwerp,belgium_1993_94_identity_gate,,Aloisi,,,9496286.jpg,40,55,JPEG,RGB,pending_identity_profile
9496372,Alp,,Alp,,,,,DEF,9357001,Fenerbahçe,turkey_league_rosters_0.26,BDFutbol 1993-94 squad; identity/position audit v0.26,https://www.bdfutbol.com/en/t/t1993-9410178.html,1994,Right Back,Fenerbahçe,turkey_1993_94_explicit_identity_gate,,Alp,,,9496372.jpg,40,55,JPEG,RGB,pending_identity_profile
9496545,Alpak,,Alpak,,,,,DEF,9357011,Zeytinburnuspor,turkey_league_rosters_0.26,BDFutbol 1993-94 squad; identity/position audit v0.26,https://www.bdfutbol.com/en/t/t1993-949025.html,1994,Left Back,Zeytinburnuspor,turkey_1993_94_explicit_identity_gate,,Alpak,,,9496545.jpg,40,55,JPEG,RGB,pending_identity_profile
9496396,Alpay,,Alpay,,,,,DEF,644,Beşiktaş,turkey_league_rosters_0.26,BDFutbol 1993-94 squad; identity/position audit v0.26,https://www.bdfutbol.com/en/t/t1993-9410031.html,1994,Right Back,Beşiktaş,turkey_1993_94_explicit_identity_gate,,Alpay,,,9496396.jpg,40,55,JPEG,RGB,pending_identity_profile
9496739,Alyapkin,,Alyapkin,,,,,POR,9315006,Uralmash,russia_league_rosters_0.27,BDFutbol 1993 squad; identity/position audit v0.27,https://www.bdfutbol.com/en/t/t1993-9411709.html,1994,Goalkeeper,Uralmash,russia_1993_explicit_identity_gate,,Alyapkin,,,9496739.jpg,40,55,JPEG,RGB,pending_identity_profile
9496729,Andreev,,Andreev,,,,,MED,9315006,Uralmash,russia_league_rosters_0.27,BDFutbol 1993 squad; identity/position audit v0.27,https://www.bdfutbol.com/en/t/t1993-9411709.html,1994,Centre Midfielder,Uralmash,russia_1993_explicit_identity_gate,,Andreev,,,9496729.jpg,40,55,JPEG,RGB,pending_identity_profile
9496144,Andrews,,Andrews,,,,,POR,9352003,Germinal Ekeren,belgium_league_rosters_0.25,BDFutbol 1993-94 squad page; identity/position audit v0.25,https://www.bdfutbol.com/en/t/t1993-9411039.html,1994,Goalkeeper,Germinal Ekeren,belgium_1993_94_identity_gate,,Andrews,,,9496144.jpg,40,55,JPEG,RGB,pending_identity_profile
9496308,André Cruz,André,Cruz,,,62,,DEF,409,Standard Liège,belgium_league_rosters_0.25,BDFutbol 1993-94 squad page; identity/position audit v0.25,https://www.bdfutbol.com/en/t/t1993-9410012.html,1994,Centre Back,Standard Liège,belgium_1993_94_identity_gate,,André Cruz,,,9496308.jpg,40,55,JPEG,RGB,pending_identity_profile
9496033,Annicaert,,Annicaert,,,,,MED,455,Cercle Brugge,belgium_league_rosters_0.25,BDFutbol 1993-94 squad page; identity/position audit v0.25,https://www.bdfutbol.com/en/t/t1993-9410785.html,1994,Attacking Midfielder,Cercle Brugge,belgium_1993_94_identity_gate,,Annicaert,,,9496033.jpg,40,55,JPEG,RGB,pending_identity_profile
9496745,Antonovich,,Antonovich,,,,,DEF,9315007,CSKA Moskva,russia_league_rosters_0.27,BDFutbol 1993 squad; identity/position audit v0.27,https://www.bdfutbol.com/en/t/t1993-9410030.html,1994,Left Back,CSKA Moskva,russia_1993_explicit_identity_gate,,Antonovich,,,9496745.jpg,40,55,JPEG,RGB,pending_identity_profile
9496166,Arambašić,,Arambašić,,,31,,DEL,459,KV Mechelen,belgium_league_rosters_0.25,BDFutbol 1993-94 squad page; identity/position audit v0.25,https://www.bdfutbol.com/en/t/t1993-9411101.html,1994,Right Winger,KV Mechelen,belgium_1993_94_identity_gate,,Arambašić,,,9496166.jpg,40,55,JPEG,RGB,pending_identity_profile
9496385,Archil Arveladze,Archil,Arveladze,,,,,DEL,9357002,Trabzonspor,turkey_league_rosters_0.26,BDFutbol 1993-94 squad; identity/position audit v0.26,https://www.bdfutbol.com/en/t/t1993-9410047.html,1994,Centre Forward,Trabzonspor,turkey_1993_94_explicit_identity_gate,,Archil Arveladze,,,9496385.jpg,40,55,JPEG,RGB,pending_identity_profile
9496675,Arifullin,,Arifullin,,,,,MED,9315004,Lokomotiv Moskva,russia_league_rosters_0.27,BDFutbol 1993 squad; identity/position audit v0.27,https://www.bdfutbol.com/en/t/t1993-9410040.html,1994,Right Midfielder,Lokomotiv Moskva,russia_1993_explicit_identity_gate,,Arifullin,,,9496675.jpg,40,55,JPEG,RGB,pending_identity_profile
9496100,Arisvaldo Pereira,Arisvaldo,Pereira,,,,,MED,462,Genk,belgium_league_rosters_0.25,BDFutbol 1993-94 squad page; identity/position audit v0.25,https://www.bdfutbol.com/en/t/t1993-9410201.html,1994,Left Midfielder,Genk,belgium_1993_94_identity_gate,,Arisvaldo Pereira,,,9496100.jpg,40,55,JPEG,RGB,pending_identity_profile
9496401,Arslan,,Arslan,,,,,DEF,9357003,Samsunspor,turkey_league_rosters_0.26,BDFutbol 1993-94 squad; identity/position audit v0.26,https://www.bdfutbol.com/en/t/t1993-9411698.html,1994,Right Back,Samsunspor,turkey_1993_94_explicit_identity_gate,,Arslan,,,9496401.jpg,40,55,JPEG,RGB,pending_identity_profile
9496433,Arslan,,Arslan,,,,,MED,9357004,Kocaelispor,turkey_league_rosters_0.26,BDFutbol 1993-94 squad; identity/position audit v0.26,https://www.bdfutbol.com/en/t/t1993-9410861.html,1994,Attacking Midfielder,Kocaelispor,turkey_1993_94_explicit_identity_gate,,Arslan,,,9496433.jpg,40,55,JPEG,RGB,pending_identity_profile
9496376,Aslan,,Aslan,,,,,DEF,9357002,Trabzonspor,turkey_league_rosters_0.26,BDFutbol 1993-94 squad; identity/position audit v0.26,https://www.bdfutbol.com/en/t/t1993-9410047.html,1994,Centre Back,Trabzonspor,turkey_1993_94_explicit_identity_gate,,Aslan,,,9496376.jpg,40,55,JPEG,RGB,pending_identity_profile
9496410,Aslan,,Aslan,,,,,POR,9357003,Samsunspor,turkey_league_rosters_0.26,BDFutbol 1993-94 squad; identity/position audit v0.26,https://www.bdfutbol.com/en/t/t1993-9411698.html,1994,Goalkeeper,Samsunspor,turkey_1993_94_explicit_identity_gate,,Aslan,,,9496410.jpg,40,55,JPEG,RGB,pending_identity_profile
9496309,Asselman,,Asselman,,,,,MED,409,Standard Liège,belgium_league_rosters_0.25,BDFutbol 1993-94 squad page; identity/position audit v0.25,https://www.bdfutbol.com/en/t/t1993-9410012.html,1994,Centre Midfielder,Standard Liège,belgium_1993_94_identity_gate,,Asselman,,,9496309.jpg,40,55,JPEG,RGB,pending_identity_profile
9496330,Atteveld,,Atteveld,,,3,,DEF,466,Waregem,belgium_league_rosters_0.25,BDFutbol 1993-94 squad page; identity/position audit v0.25,https://www.bdfutbol.com/en/t/t1993-9410295.html,1994,Left Back,Waregem,belgium_1993_94_identity_gate,,Atteveld,,,9496330.jpg,40,55,JPEG,RGB,pending_identity_profile
9495157,Aurelio Vidmar,Aurelio,Vidmar,,1967-02-03T00:00:00,15,,DEL,466,Waregem,verified_1993_national_pools_0.22,BDFutbol 1993-94 squad page; identity/position audit v0.25,https://www.bdfutbol.com/en/t/t1993-9410295.html,1994,Centre Forward,Waregem,belgium_1993_94_identity_gate,9495157,Aurelio Vidmar,,,9495157.jpg,40,55,JPEG,RGB,pending_identity_profile
9496839,Avalyan,,Avalyan,,,,,MED,9315012,Krylia Sovetov,russia_league_rosters_0.27,BDFutbol 1993 squad; identity/position audit v0.27,https://www.bdfutbol.com/en/t/t1993-9410800.html,1994,Left Midfielder,Krylia Sovetov,russia_1993_explicit_identity_gate,,Avalyan,,,9496839.jpg,40,55,JPEG,RGB,pending_identity_profile
9496871,Averyanov,,Averyanov,,,,,DEF,9315014,Okean Nakhodka,russia_league_rosters_0.27,BDFutbol 1993 squad; identity/position audit v0.27,https://www.bdfutbol.com/en/t/t1993-9422022.html,1994,Left Back,Okean Nakhodka,russia_1993_explicit_identity_gate,,Averyanov,,,9496871.jpg,40,55,JPEG,RGB,pending_identity_profile
9496544,Aydoğan,,Aydoğan,,,,,DEF,9357011,Zeytinburnuspor,turkey_league_rosters_0.26,BDFutbol 1993-94 squad; identity/position audit v0.26,https://www.bdfutbol.com/en/t/t1993-949025.html,1994,Centre Back,Zeytinburnuspor,turkey_1993_94_explicit_identity_gate,,Aydoğan,,,9496544.jpg,40,55,JPEG,RGB,pending_identity_profile
9496400,Aydın,,Aydın,,,,,POR,9357003,Samsunspor,turkey_league_rosters_0.26,BDFutbol 1993-94 squad; identity/position audit v0.26,https://www.bdfutbol.com/en/t/t1993-9411698.html,1994,Goalkeeper,Samsunspor,turkey_1993_94_explicit_identity_gate,,Aydın,,,9496400.jpg,40,55,JPEG,RGB,pending_identity_profile
9496515,Aydın,,Aydın,,,,,DEL,9357009,Ankaragücü,turkey_league_rosters_0.26,BDFutbol 1993-94 squad; identity/position audit v0.26,https://www.bdfutbol.com/en/t/t1993-9410353.html,1994,Centre Forward,Ankaragücü,turkey_1993_94_explicit_identity_gate,,Aydın,,,9496515.jpg,40,55,JPEG,RGB,pending_identity_profile
9496416,Aykut,,Aykut,,,,,DEL,9357003,Samsunspor,turkey_league_rosters_0.26,BDFutbol 1993-94 squad; identity/position audit v0.26,https://www.bdfutbol.com/en/t/t1993-9411698.html,1994,Centre Forward,Samsunspor,turkey_1993_94_explicit_identity_gate,,Aykut,,,9496416.jpg,40,55,JPEG,RGB,pending_identity_profile
9496909,Ayupov,,Ayupov,,,,,MED,9315016,Asmaral Moskva,russia_league_rosters_0.27,BDFutbol 1993 squad; identity/position audit v0.27,https://www.bdfutbol.com/en/t/t1993-9422023.html,1994,Centre Midfielder,Asmaral Moskva,russia_1993_explicit_identity_gate,,Ayupov,,,9496909.jpg,40,55,JPEG,RGB,pending_identity_profile
9496554,Ayçiçek,,Ayçiçek,,,,,DEF,9357011,Zeytinburnuspor,turkey_league_rosters_0.26,BDFutbol 1993-94 squad; identity/position audit v0.26,https://www.bdfutbol.com/en/t/t1993-949025.html,1994,Left Back,Zeytinburnuspor,turkey_1993_94_explicit_identity_gate,,Ayçiçek,,,9496554.jpg,40,55,JPEG,RGB,pending_identity_profile
9496535,Azman,,Azman,,,,,MED,9357010,Kayserispor,turkey_league_rosters_0.26,BDFutbol 1993-94 squad; identity/position audit v0.26,https://www.bdfutbol.com/en/t/t1993-9410432.html,1994,Right Midfielder,Kayserispor,turkey_1993_94_explicit_identity_gate,,Azman,,,9496535.jpg,40,55,JPEG,RGB,pending_identity_profile
9496562,Açıkgöz,,Açıkgöz,,,,,DEF,9357012,Karabükspor,turkey_league_rosters_0.26,BDFutbol 1993-94 squad; identity/position audit v0.26,https://www.bdfutbol.com/en/t/t1993-9410744.html,1994,Centre Back,Karabükspor,turkey_1993_94_explicit_identity_gate,,Açıkgöz,,,9496562.jpg,40,55,JPEG,RGB,pending_identity_profile
9496536,Ağdere,,Ağdere,,,,,MED,9357010,Kayserispor,turkey_league_rosters_0.26,BDFutbol 1993-94 squad; identity/position audit v0.26,https://www.bdfutbol.com/en/t/t1993-9410432.html,1994,Attacking Midfielder,Kayserispor,turkey_1993_94_explicit_identity_gate,,Ağdere,,,9496536.jpg,40,55,JPEG,RGB,pending_identity_profile
9496363,Aşık,,Aşık,,,,,DEF,9357001,Fenerbahçe,turkey_league_rosters_0.26,BDFutbol 1993-94 squad; identity/position audit v0.26,https://www.bdfutbol.com/en/t/t1993-9410178.html,1994,Centre Back,Fenerbahçe,turkey_1993_94_explicit_identity_gate,,Aşık,,,9496363.jpg,40,55,JPEG,RGB,pending_identity_profile
9496424,Bacacı,,Bacacı,,,,,MED,9357004,Kocaelispor,turkey_league_rosters_0.26,BDFutbol 1993-94 squad; identity/position audit v0.26,https://www.bdfutbol.com/en/t/t1993-9410861.html,1994,Centre Midfielder,Kocaelispor,turkey_1993_94_explicit_identity_gate,,Bacacı,,,9496424.jpg,40,55,JPEG,RGB,pending_identity_profile
9496574,Bademci,,Bademci,,,,,DEF,9357012,Karabükspor,turkey_league_rosters_0.26,BDFutbol 1993-94 squad; identity/position audit v0.26,https://www.bdfutbol.com/en/t/t1993-9410744.html,1994,Right Back,Karabükspor,turkey_1993_94_explicit_identity_gate,,Bademci,,,9496574.jpg,40,55,JPEG,RGB,pending_identity_profile
9496331,Balenga,,Balenga,,,,,MED,466,Waregem,belgium_league_rosters_0.25,BDFutbol 1993-94 squad page; identity/position audit v0.25,https://www.bdfutbol.com/en/t/t1993-9410295.html,1994,Attacking Midfielder,Waregem,belgium_1993_94_identity_gate,,Balenga,,,9496331.jpg,40,55,JPEG,RGB,pending_identity_profile
9496484,Balkanlı,,Balkanlı,,,,,DEL,9357007,Bursaspor,turkey_league_rosters_0.26,BDFutbol 1993-94 squad; identity/position audit v0.26,https://www.bdfutbol.com/en/t/t1993-9410247.html,1994,Left Winger,Bursaspor,turkey_1993_94_explicit_identity_gate,,Balkanlı,,,9496484.jpg,40,55,JPEG,RGB,pending_identity_profile
9496325,Ballenghien,,Ballenghien,,,,,DEL,466,Waregem,belgium_league_rosters_0.25,BDFutbol 1993-94 squad page; identity/position audit v0.25,https://www.bdfutbol.com/en/t/t1993-9410295.html,1994,Centre Forward,Waregem,belgium_1993_94_identity_gate,,Ballenghien,,,9496325.jpg,40,55,JPEG,RGB,pending_identity_profile
9496054,Balog,,Balog,,,93,,MED,454,Charleroi,belgium_league_rosters_0.25,BDFutbol 1993-94 squad page; identity/position audit v0.25,https://www.bdfutbol.com/en/t/t1993-9410718.html,1994,Centre Midfielder,Charleroi,belgium_1993_94_identity_gate,,Balog,,,9496054.jpg,40,55,JPEG,RGB,pending_identity_profile
9496247,Bapupa,,Bapupa,,,,,DEF,908,Oostende,belgium_league_rosters_0.25,BDFutbol 1993-94 squad page; identity/position audit v0.25,https://www.bdfutbol.com/en/t/t1993-9410949.html,1994,Centre Back,Oostende,belgium_1993_94_identity_gate,,Bapupa,,,9496247.jpg,40,55,JPEG,RGB,pending_identity_profile
9496851,Baranov,,Baranov,,,,,DEF,9315013,Luch Vladivostok,russia_league_rosters_0.27,BDFutbol 1993 squad; identity/position audit v0.27,https://www.bdfutbol.com/en/t/t1993-9422002.html,1994,Centre Back,Luch Vladivostok,russia_1993_explicit_identity_gate,,Baranov,,,9496851.jpg,40,55,JPEG,RGB,pending_identity_profile
9496215,Bart Peeters,Bart,Peeters,,,,,DEF,9352004,Lommel,belgium_league_rosters_0.25,BDFutbol 1993-94 squad page; identity/position audit v0.25,https://www.bdfutbol.com/en/t/t1993-9411701.html,1994,Right Back,Lommel,belgium_1993_94_identity_gate,,Bart Peeters,68582,https://www.bdfutbol.com/en/j/j68582.html,9496215.jpg,40,55,JPEG,RGB,ready_for_download
9496167,Bartholomeeussen,,Bartholomeeussen,,,,,MED,459,KV Mechelen,belgium_league_rosters_0.25,BDFutbol 1993-94 squad page; identity/position audit v0.25,https://www.bdfutbol.com/en/t/t1993-9411101.html,1994,Right Midfielder,KV Mechelen,belgium_1993_94_identity_gate,,Bartholomeeussen,,,9496167.jpg,40,55,JPEG,RGB,pending_identity_profile
9496466,Barut,,Barut,,,,,MED,9357006,Gaziantepspor,turkey_league_rosters_0.26,BDFutbol 1993-94 squad; identity/position audit v0.26,https://www.bdfutbol.com/en/t/t1993-9410300.html,1994,Centre Midfielder,Gaziantepspor,turkey_1993_94_explicit_identity_gate,,Barut,,,9496466.jpg,40,55,JPEG,RGB,pending_identity_profile
9496683,Baturenko,,Baturenko,,,,,MED,9315004,Lokomotiv Moskva,russia_league_rosters_0.27,BDFutbol 1993 squad; identity/position audit v0.27,https://www.bdfutbol.com/en/t/t1993-9410040.html,1994,Left Midfielder,Lokomotiv Moskva,russia_1993_explicit_identity_gate,,Baturenko,,,9496683.jpg,40,55,JPEG,RGB,pending_identity_profile
9496807,Batynkov,,Batynkov,,,,,MED,9315010,Dynamo Stavropol,russia_league_rosters_0.27,BDFutbol 1993 squad; identity/position audit v0.27,https://www.bdfutbol.com/en/t/t1993-9422021.html,1994,Right Midfielder,Dynamo Stavropol,russia_1993_explicit_identity_gate,,Batynkov,,,9496807.jpg,40,55,JPEG,RGB,pending_identity_profile
9496599,Bayram,,Bayram,,,,,DEF,9357014,Sarıyer,turkey_league_rosters_0.26,BDFutbol 1993-94 squad; identity/position audit v0.26,https://www.bdfutbol.com/en/t/t1993-949024.html,1994,Left Back,Sarıyer,turkey_1993_94_explicit_identity_gate,,Bayram,,,9496599.jpg,40,55,JPEG,RGB,pending_identity_profile
9496551,Baytar,,Baytar,,,,,DEL,9357011,Zeytinburnuspor,turkey_league_rosters_0.26,BDFutbol 1993-94 squad; identity/position audit v0.26,https://www.bdfutbol.com/en/t/t1993-949025.html,1994,Centre Forward,Zeytinburnuspor,turkey_1993_94_explicit_identity_gate,,Baytar,,,9496551.jpg,40,55,JPEG,RGB,pending_identity_profile
9496266,Beeken,,Beeken,,,,,POR,9352005,RFC Liège,belgium_league_rosters_0.25,BDFutbol 1993-94 squad page; identity/position audit v0.25,https://www.bdfutbol.com/en/t/t1993-9410266.html,1994,Goalkeeper,RFC Liège,belgium_1993_94_identity_gate,,Beeken,,,9496266.jpg,40,55,JPEG,RGB,pending_identity_profile
9496011,Belligh,,Belligh,,,,,DEF,9352002,Beveren,belgium_league_rosters_0.25,BDFutbol 1993-94 squad page; identity/position audit v0.25,https://www.bdfutbol.com/en/t/t1993-9412039.html,1994,Centre Back,Beveren,belgium_1993_94_identity_gate,,Belligh,,,9496011.jpg,40,55,JPEG,RGB,pending_identity_profile
9496866,Belov,,Belov,,,,,DEF,9315013,Luch Vladivostok,russia_league_rosters_0.27,BDFutbol 1993 squad; identity/position audit v0.27,https://www.bdfutbol.com/en/t/t1993-9422002.html,1994,Centre Back,Luch Vladivostok,russia_1993_explicit_identity_gate,,Belov,,,9496866.jpg,40,55,JPEG,RGB,pending_identity_profile
9496071,Belpaire,,Belpaire,,,,,POR,453,Club Brugge,belgium_league_rosters_0.25,BDFutbol 1993-94 squad page; identity/position audit v0.25,https://www.bdfutbol.com/en/t/t1993-9410004.html,1994,Goalkeeper,Club Brugge,belgium_1993_94_identity_gate,,Belpaire,,,9496071.jpg,40,55,JPEG,RGB,pending_identity_profile
9496034,Berkoe,,Berkoe,,,,,DEF,455,Cercle Brugge,belgium_league_rosters_0.25,BDFutbol 1993-94 squad page; identity/position audit v0.25,https://www.bdfutbol.com/en/t/t1993-9410785.html,1994,Left Back,Cercle Brugge,belgium_1993_94_identity_gate,,Berkoe,,,9496034.jpg,40,55,JPEG,RGB,pending_identity_profile
9496145,Berrevoets,,Berrevoets,,,,,DEL,9352003,Germinal Ekeren,belgium_league_rosters_0.25,BDFutbol 1993-94 squad page; identity/position audit v0.25,https://www.bdfutbol.com/en/t/t1993-9411039.html,1994,Centre Forward,Germinal Ekeren,belgium_1993_94_identity_gate,,Berrevoets,,,9496145.jpg,40,55,JPEG,RGB,pending_identity_profile
9496248,Bertein,,Bertein,,,,,DEF,908,Oostende,belgium_league_rosters_0.25,BDFutbol 1993-94 squad page; identity/position audit v0.25,https://www.bdfutbol.com/en/t/t1993-9410949.html,1994,Left Back,Oostende,belgium_1993_94_identity_gate,,Bertein,,,9496248.jpg,40,55,JPEG,RGB,pending_identity_profile
9496035,Beuken,,Beuken,,,,,MED,455,Cercle Brugge,belgium_league_rosters_0.25,BDFutbol 1993-94 squad page; identity/position audit v0.25,https://www.bdfutbol.com/en/t/t1993-9410785.html,1994,Right Midfielder,Cercle Brugge,belgium_1993_94_identity_gate,,Beuken,,,9496035.jpg,40,55,JPEG,RGB,pending_identity_profile
9496101,Beuls,,Beuls,,,,,DEF,462,Genk,belgium_league_rosters_0.25,BDFutbol 1993-94 squad page; identity/position audit v0.25,https://www.bdfutbol.com/en/t/t1993-9410201.html,1994,Centre Back,Genk,belgium_1993_94_identity_gate,,Beuls,,,9496101.jpg,40,55,JPEG,RGB,pending_identity_profile
9496102,Beyens,,Beyens,,,,,DEF,462,Genk,belgium_league_rosters_0.25,BDFutbol 1993-94 squad page; identity/position audit v0.25,https://www.bdfutbol.com/en/t/t1993-9410201.html,1994,Left Back,Genk,belgium_1993_94_identity_gate,,Beyens,,,9496102.jpg,40,55,JPEG,RGB,pending_identity_profile
9496681,Bidzhiyev,,Bidzhiyev,,,,,POR,9315004,Lokomotiv Moskva,russia_league_rosters_0.27,BDFutbol 1993 squad; identity/position audit v0.27,https://www.bdfutbol.com/en/t/t1993-9410040.html,1994,Goalkeeper,Lokomotiv Moskva,russia_1993_explicit_identity_gate,,Bidzhiyev,,,9496681.jpg,40,55,JPEG,RGB,pending_identity_profile
9496592,Bilal,,Bilal,,,,,DEL,9357013,Karşıyaka,turkey_league_rosters_0.26,BDFutbol 1993-94 squad; identity/position audit v0.26,https://www.bdfutbol.com/en/t/t1993-949026.html,1994,Centre Forward,Karşıyaka,turkey_1993_94_explicit_identity_gate,,Bilal,,,9496592.jpg,40,55,JPEG,RGB,pending_identity_profile
9496464,Bilir,,Bilir,,,,,POR,9357006,Gaziantepspor,turkey_league_rosters_0.26,BDFutbol 1993-94 squad; identity/position audit v0.26,https://www.bdfutbol.com/en/t/t1993-9410300.html,1994,Goalkeeper,Gaziantepspor,turkey_1993_94_explicit_identity_gate,,Bilir,,,9496464.jpg,40,55,JPEG,RGB,pending_identity_profile
9496425,Birol,,Birol,,,,,MED,9357004,Kocaelispor,turkey_league_rosters_0.26,BDFutbol 1993-94 squad; identity/position audit v0.26,https://www.bdfutbol.com/en/t/t1993-9410861.html,1994,Left Midfielder,Kocaelispor,turkey_1993_94_explicit_identity_gate,,Birol,,,9496425.jpg,40,55,JPEG,RGB,pending_identity_profile
9496310,Bisconti,,Bisconti,,,,,DEL,409,Standard Liège,belgium_league_rosters_0.25,BDFutbol 1993-94 squad page; identity/position audit v0.25,https://www.bdfutbol.com/en/t/t1993-9410012.html,1994,Centre Forward,Standard Liège,belgium_1993_94_identity_gate,,Bisconti,,,9496310.jpg,40,55,JPEG,RGB,pending_identity_profile
9496332,Blancke,,Blancke,,,,,DEF,466,Waregem,belgium_league_rosters_0.25,BDFutbol 1993-94 squad page; identity/position audit v0.25,https://www.bdfutbol.com/en/t/t1993-9410295.html,1994,Right Back,Waregem,belgium_1993_94_identity_gate,,Blancke,,,9496332.jpg,40,55,JPEG,RGB,pending_identity_profile
9496735,Bluzhin,,Bluzhin,,,,,DEF,9315006,Uralmash,russia_league_rosters_0.27,BDFutbol 1993 squad; identity/position audit v0.27,https://www.bdfutbol.com/en/t/t1993-9411709.html,1994,Right Back,Uralmash,russia_1993_explicit_identity_gate,,Bluzhin,,,9496735.jpg,40,55,JPEG,RGB,pending_identity_profile
9496194,Bob Peeters,Bob,Peeters,,,,,MED,851,Lierse,belgium_league_rosters_0.25,BDFutbol 1993-94 squad page; identity/position audit v0.25,https://www.bdfutbol.com/en/t/t1993-9410070.html,1994,Left Midfielder,Lierse,belgium_1993_94_identity_gate,,Bob Peeters,85779,https://www.bdfutbol.com/en/j/j85779.html,9496194.jpg,40,55,JPEG,RGB,ready_for_download
9496012,Bogaerts,,Bogaerts,,,,,DEF,9352002,Beveren,belgium_league_rosters_0.25,BDFutbol 1993-94 squad page; identity/position audit v0.25,https://www.bdfutbol.com/en/t/t1993-9412039.html,1994,Left Back,Beveren,belgium_1993_94_identity_gate,,Bogaerts,,,9496012.jpg,40,55,JPEG,RGB,pending_identity_profile
9496789,Bogatyrev,,Bogatyrev,,,,,DEL,9315009,Zhemchuzhina Sochi,russia_league_rosters_0.27,BDFutbol 1993 squad; identity/position audit v0.27,https://www.bdfutbol.com/en/t/t1993-9422018.html,1994,Centre Forward,Zhemchuzhina Sochi,russia_1993_explicit_identity_gate,,Bogatyrev,,,9496789.jpg,40,55,JPEG,RGB,pending_identity_profile
9494020,Bogdan Stelea,Bogdan,Stelea,,1967-12-05T00:00:00,72,,POR,409,Standard Liège,,BDFutbol 1993-94 squad page; identity/position audit v0.25,https://www.bdfutbol.com/en/t/t1993-9410012.html,1994,Goalkeeper,Standard Liège,belgium_1993_94_identity_gate,9494020,Bogdan Stelea,,,9494020.jpg,40,55,JPEG,RGB,pending_identity_profile
9496462,Bolić,,Bolić,,,,,DEL,9357006,Gaziantepspor,turkey_league_rosters_0.26,BDFutbol 1993-94 squad; identity/position audit v0.26,https://www.bdfutbol.com/en/t/t1993-9410300.html,1994,Centre Forward,Gaziantepspor,turkey_1993_94_explicit_identity_gate,,Bolić,,,9496462.jpg,40,55,JPEG,RGB,pending_identity_profile
9496868,Bondarenko,,Bondarenko,,,,,DEF,9315014,Okean Nakhodka,russia_league_rosters_0.27,BDFutbol 1993 squad; identity/position audit v0.27,https://www.bdfutbol.com/en/t/t1993-9422022.html,1994,Right Back,Okean Nakhodka,russia_1993_explicit_identity_gate,,Bondarenko,,,9496868.jpg,40,55,JPEG,RGB,pending_identity_profile
9496792,Bondarev,,Bondarev,,,,,MED,9315009,Zhemchuzhina Sochi,russia_league_rosters_0.27,BDFutbol 1993 squad; identity/position audit v0.27,https://www.bdfutbol.com/en/t/t1993-9422018.html,1994,Defensive Midfielder,Zhemchuzhina Sochi,russia_1993_explicit_identity_gate,,Bondarev,,,9496792.jpg,40,55,JPEG,RGB,pending_identity_profile
9496779,Bondaruk,,Bondaruk,,,,,DEF,9315009,Zhemchuzhina Sochi,russia_league_rosters_0.27,BDFutbol 1993 squad; identity/position audit v0.27,https://www.bdfutbol.com/en/t/t1993-9422018.html,1994,Centre Back,Zhemchuzhina Sochi,russia_1993_explicit_identity_gate,,Bondaruk,,,9496779.jpg,40,55,JPEG,RGB,pending_identity_profile
9496249,Bonomi,,Bonomi,,,,,DEF,908,Oostende,belgium_league_rosters_0.25,BDFutbol 1993-94 squad page; identity/position audit v0.25,https://www.bdfutbol.com/en/t/t1993-9410949.html,1994,Left Back,Oostende,belgium_1993_94_identity_gate,,Bonomi,,,9496249.jpg,40,55,JPEG,RGB,pending_identity_profile
9496013,Boonen,,Boonen,,,,,MED,9352002,Beveren,belgium_league_rosters_0.25,BDFutbol 1993-94 squad page; identity/position audit v0.25,https://www.bdfutbol.com/en/t/t1993-9412039.html,1994,Right Midfielder,Beveren,belgium_1993_94_identity_gate,,Boonen,,,9496013.jpg,40,55,JPEG,RGB,pending_identity_profile
9496123,Booy,,Booy,,,3,,DEL,456,Gent,belgium_league_rosters_0.25,BDFutbol 1993-94 squad page; identity/position audit v0.25,https://www.bdfutbol.com/en/t/t1993-9410090.html,1994,Centre Forward,Gent,belgium_1993_94_identity_gate,,Booy,,,9496123.jpg,40,55,JPEG,RGB,pending_identity_profile
9496712,Borisov,,Borisov,,,,,MED,1087,Torpedo Moskva,russia_league_rosters_0.27,BDFutbol 1993 squad; identity/position audit v0.27,https://www.bdfutbol.com/en/t/t1993-9410068.html,1994,Centre Midfielder,Torpedo Moskva,russia_1993_explicit_identity_gate,,Borisov,,,9496712.jpg,40,55,JPEG,RGB,pending_identity_profile
9496888,Borodkin,,Borodkin,,,,,DEF,9315015,Rostselmash,russia_league_rosters_0.27,BDFutbol 1993 squad; identity/position audit v0.27,https://www.bdfutbol.com/en/t/t1993-9410748.html,1994,Centre Back,Rostselmash,russia_1993_explicit_identity_gate,,Borodkin,,,9496888.jpg,40,55,JPEG,RGB,pending_identity_profile
9496898,Borovskoy,,Borovskoy,,,,,MED,9315015,Rostselmash,russia_league_rosters_0.27,BDFutbol 1993 squad; identity/position audit v0.27,https://www.bdfutbol.com/en/t/t1993-9410748.html,1994,Left Midfielder,Rostselmash,russia_1993_explicit_identity_gate,,Borovskoy,,,9496898.jpg,40,55,JPEG,RGB,pending_identity_profile
9496798,Borzenkov,,Borzenkov,,,,,DEF,9315010,Dynamo Stavropol,russia_league_rosters_0.27,BDFutbol 1993 squad; identity/position audit v0.27,https://www.bdfutbol.com/en/t/t1993-9422021.html,1994,Centre Back,Dynamo Stavropol,russia_1993_explicit_identity_gate,,Borzenkov,,,9496798.jpg,40,55,JPEG,RGB,pending_identity_profile
9496146,Bosmans,,Bosmans,,,,,DEF,9352003,Germinal Ekeren,belgium_league_rosters_0.25,BDFutbol 1993-94 squad page; identity/position audit v0.25,https://www.bdfutbol.com/en/t/t1993-9411039.html,1994,Left Back,Germinal Ekeren,belgium_1993_94_identity_gate,,Bosmans,,,9496146.jpg,40,55,JPEG,RGB,pending_identity_profile
9496333,Bossuyt,,Bossuyt,,,,,MED,466,Waregem,belgium_league_rosters_0.25,BDFutbol 1993-94 squad page; identity/position audit v0.25,https://www.bdfutbol.com/en/t/t1993-9410295.html,1994,Centre Midfielder,Waregem,belgium_1993_94_identity_gate,,Bossuyt,,,9496333.jpg,40,55,JPEG,RGB,pending_identity_profile
9496147,Bovri,,Bovri,,,,,MED,9352003,Germinal Ekeren,belgium_league_rosters_0.25,BDFutbol 1993-94 squad page; identity/position audit v0.25,https://www.bdfutbol.com/en/t/t1993-9411039.html,1994,Left Midfielder,Germinal Ekeren,belgium_1993_94_identity_gate,,Bovri,,,9496147.jpg,40,55,JPEG,RGB,pending_identity_profile
9496785,Bozhko,,Bozhko,,,,,MED,9315009,Zhemchuzhina Sochi,russia_league_rosters_0.27,BDFutbol 1993 squad; identity/position audit v0.27,https://www.bdfutbol.com/en/t/t1993-9422018.html,1994,Left Midfielder,Zhemchuzhina Sochi,russia_1993_explicit_identity_gate,,Bozhko,,,9496785.jpg,40,55,JPEG,RGB,pending_identity_profile
9496428,Boğuşlu,,Boğuşlu,,,,,DEL,9357004,Kocaelispor,turkey_league_rosters_0.26,BDFutbol 1993-94 squad; identity/position audit v0.26,https://www.bdfutbol.com/en/t/t1993-9410861.html,1994,Right Winger,Kocaelispor,turkey_1993_94_explicit_identity_gate,,Boğuşlu,,,9496428.jpg,40,55,JPEG,RGB,pending_identity_profile
9495160,Branko Milošević,Branko,Milošević,,1964-08-21T00:00:00,15,,DEL,9352005,RFC Liège,verified_1993_national_pools_0.22,BDFutbol 1993-94 squad page; identity/position audit v0.25,https://www.bdfutbol.com/en/t/t1993-9410266.html,1994,Centre Forward,RFC Liège,belgium_1993_94_identity_gate,9495160,Branko Milošević,,,9495160.jpg,40,55,JPEG,RGB,pending_identity_profile
9496185,Brocken,,Brocken,,,,,DEL,851,Lierse,belgium_league_rosters_0.25,BDFutbol 1993-94 squad page; identity/position audit v0.25,https://www.bdfutbol.com/en/t/t1993-9410070.html,1994,Right Winger,Lierse,belgium_1993_94_identity_gate,,Brocken,,,9496185.jpg,40,55,JPEG,RGB,pending_identity_profile
9496287,Broeckaert,,Broeckaert,,,,,DEF,1032,Royal Antwerp,belgium_league_rosters_0.25,BDFutbol 1993-94 squad page; identity/position audit v0.25,https://www.bdfutbol.com/en/t/t1993-9410010.html,1994,Centre Back,Royal Antwerp,belgium_1993_94_identity_gate,,Broeckaert,,,9496287.jpg,40,55,JPEG,RGB,pending_identity_profile
9496055,Brogno,,Brogno,,,,,MED,454,Charleroi,belgium_league_rosters_0.25,BDFutbol 1993-94 squad page; identity/position audit v0.25,https://www.bdfutbol.com/en/t/t1993-9410718.html,1994,Left Midfielder,Charleroi,belgium_1993_94_identity_gate,,Brogno,,,9496055.jpg,40,55,JPEG,RGB,pending_identity_profile
9496203,Buana,,Buana,,,,,DEF,9352004,Lommel,belgium_league_rosters_0.25,BDFutbol 1993-94 squad page; identity/position audit v0.25,https://www.bdfutbol.com/en/t/t1993-9411701.html,1994,Left Back,Lommel,belgium_1993_94_identity_gate,,Buana,,,9496203.jpg,40,55,JPEG,RGB,pending_identity_profile
9496148,Buia,,Buia,,,72,,MED,9352003,Germinal Ekeren,belgium_league_rosters_0.25,BDFutbol 1993-94 squad page; identity/position audit v0.25,https://www.bdfutbol.com/en/t/t1993-9411039.html,1994,Centre Midfielder,Germinal Ekeren,belgium_1993_94_identity_gate,,Buia,,,9496148.jpg,40,55,JPEG,RGB,pending_identity_profile
9496056,Bukran,,Bukran,,,,,MED,454,Charleroi,belgium_league_rosters_0.25,BDFutbol 1993-94 squad page; identity/position audit v0.25,https://www.bdfutbol.com/en/t/t1993-9410718.html,1994,Right Midfielder,Charleroi,belgium_1993_94_identity_gate,,Bukran,,,9496056.jpg,40,55,JPEG,RGB,pending_identity_profile
9496841,Bulgakov,,Bulgakov,,,,,DEL,9315012,Krylia Sovetov,russia_league_rosters_0.27,BDFutbol 1993 squad; identity/position audit v0.27,https://www.bdfutbol.com/en/t/t1993-9410800.html,1994,Centre Forward,Krylia Sovetov,russia_1993_explicit_identity_gate,,Bulgakov,,,9496841.jpg,40,55,JPEG,RGB,pending_identity_profile
9496623,Burlachenko,,Burlachenko,,,,,DEF,9315001,Rotor Volgograd,russia_league_rosters_0.27,BDFutbol 1993 squad; identity/position audit v0.27,https://www.bdfutbol.com/en/t/t1993-9411034.html,1994,Left Back,Rotor Volgograd,russia_1993_explicit_identity_gate,,Burlachenko,,,9496623.jpg,40,55,JPEG,RGB,pending_identity_profile
9496288,Bursać,,Bursać,,,75,,MED,1032,Royal Antwerp,belgium_league_rosters_0.25,BDFutbol 1993-94 squad page; identity/position audit v0.25,https://www.bdfutbol.com/en/t/t1993-9410010.html,1994,Attacking Midfielder,Royal Antwerp,belgium_1993_94_identity_gate,,Bursać,,,9496288.jpg,40,55,JPEG,RGB,pending_identity_profile
9496744,Bushmanov,,Bushmanov,,,,,DEF,9315007,CSKA Moskva,russia_league_rosters_0.27,BDFutbol 1993 squad; identity/position audit v0.27,https://www.bdfutbol.com/en/t/t1993-9410030.html,1994,Centre Back,CSKA Moskva,russia_1993_explicit_identity_gate,,Bushmanov,,,9496744.jpg,40,55,JPEG,RGB,pending_identity_profile
9496104,Busuttil,,Busuttil,,,,,DEL,462,Genk,belgium_league_rosters_0.25,BDFutbol 1993-94 squad page; identity/position audit v0.25,https://www.bdfutbol.com/en/t/t1993-9410201.html,1994,Centre Forward,Genk,belgium_1993_94_identity_gate,,Busuttil,,,9496104.jpg,40,55,JPEG,RGB,pending_identity_profile
9496334,Buyse,,Buyse,,,,,MED,466,Waregem,belgium_league_rosters_0.25,BDFutbol 1993-94 squad page; identity/position audit v0.25,https://www.bdfutbol.com/en/t/t1993-9410295.html,1994,Centre Midfielder,Waregem,belgium_1993_94_identity_gate,,Buyse,,,9496334.jpg,40,55,JPEG,RGB,pending_identity_profile
9496103,Bućan,,Bućan,,,,,DEF,462,Genk,belgium_league_rosters_0.25,BDFutbol 1993-94 squad page; identity/position audit v0.25,https://www.bdfutbol.com/en/t/t1993-9410201.html,1994,Left Back,Genk,belgium_1993_94_identity_gate,,Bućan,,,9496103.jpg,40,55,JPEG,RGB,pending_identity_profile
9496601,Bıyıklı,,Bıyıklı,,,,,MED,9357014,Sarıyer,turkey_league_rosters_0.26,BDFutbol 1993-94 squad; identity/position audit v0.26,https://www.bdfutbol.com/en/t/t1993-949024.html,1994,Centre Midfielder,Sarıyer,turkey_1993_94_explicit_identity_gate,,Bıyıklı,,,9496601.jpg,40,55,JPEG,RGB,pending_identity_profile
9496014,Caluwé,,Caluwé,,,,,DEF,9352002,Beveren,belgium_league_rosters_0.25,BDFutbol 1993-94 squad page; identity/position audit v0.25,https://www.bdfutbol.com/en/t/t1993-9412039.html,1994,Centre Back,Beveren,belgium_1993_94_identity_gate,,Caluwé,,,9496014.jpg,40,55,JPEG,RGB,pending_identity_profile
9496225,Camus,,Camus,,,,,MED,9352006,Molenbeek,belgium_league_rosters_0.25,BDFutbol 1993-94 squad page; identity/position audit v0.25,https://www.bdfutbol.com/en/t/t1993-9410067.html,1994,Right Midfielder,Molenbeek,belgium_1993_94_identity_gate,,Camus,,,9496225.jpg,40,55,JPEG,RGB,pending_identity_profile
9496576,Cankat,,Cankat,,,,,MED,9357012,Karabükspor,turkey_league_rosters_0.26,BDFutbol 1993-94 squad; identity/position audit v0.26,https://www.bdfutbol.com/en/t/t1993-9410744.html,1994,Right Midfielder,Karabükspor,turkey_1993_94_explicit_identity_gate,,Cankat,,,9496576.jpg,40,55,JPEG,RGB,pending_identity_profile
9496204,Cannaerts,,Cannaerts,,,,,MED,9352004,Lommel,belgium_league_rosters_0.25,BDFutbol 1993-94 squad page; identity/position audit v0.25,https://www.bdfutbol.com/en/t/t1993-9411701.html,1994,Centre Midfielder,Lommel,belgium_1993_94_identity_gate,,Cannaerts,,,9496204.jpg,40,55,JPEG,RGB,pending_identity_profile
9496057,Casto,,Casto,,,,,DEF,454,Charleroi,belgium_league_rosters_0.25,BDFutbol 1993-94 squad page; identity/position audit v0.25,https://www.bdfutbol.com/en/t/t1993-9410718.html,1994,Right Back,Charleroi,belgium_1993_94_identity_gate,,Casto,,,9496057.jpg,40,55,JPEG,RGB,pending_identity_profile
9496004,Charly Musonda,Charly,Musonda,,,,,MED,415,Anderlecht,belgium_league_rosters_0.25,BDFutbol 1993-94 squad page; identity/position audit v0.25,https://www.bdfutbol.com/en/t/t1993-9410015.html,1994,Centre Midfielder,Anderlecht,belgium_1993_94_identity_gate,,Charly Musonda,42448,https://www.bdfutbol.com/en/j/j42448.html,9496004.jpg,40,55,JPEG,RGB,ready_for_download
9496859,Chekanov,,Chekanov,,,,,DEL,9315013,Luch Vladivostok,russia_league_rosters_0.27,BDFutbol 1993 squad; identity/position audit v0.27,https://www.bdfutbol.com/en/t/t1993-9422002.html,1994,Centre Forward,Luch Vladivostok,russia_1993_explicit_identity_gate,,Chekanov,,,9496859.jpg,40,55,JPEG,RGB,pending_identity_profile
9496777,Chekmezov,,Chekmezov,,,,,POR,9315009,Zhemchuzhina Sochi,russia_league_rosters_0.27,BDFutbol 1993 squad; identity/position audit v0.27,https://www.bdfutbol.com/en/t/t1993-9422018.html,1994,Goalkeeper,Zhemchuzhina Sochi,russia_1993_explicit_identity_gate,,Chekmezov,,,9496777.jpg,40,55,JPEG,RGB,pending_identity_profile
9496778,Chekunov,,Chekunov,,,,,DEF,9315009,Zhemchuzhina Sochi,russia_league_rosters_0.27,BDFutbol 1993 squad; identity/position audit v0.27,https://www.bdfutbol.com/en/t/t1993-9422018.html,1994,Right Back,Zhemchuzhina Sochi,russia_1993_explicit_identity_gate,,Chekunov,,,9496778.jpg,40,55,JPEG,RGB,pending_identity_profile
9496706,Cheltsov,,Cheltsov,,,,,DEF,1087,Torpedo Moskva,russia_league_rosters_0.27,BDFutbol 1993 squad; identity/position audit v0.27,https://www.bdfutbol.com/en/t/t1993-9410068.html,1994,Right Back,Torpedo Moskva,russia_1993_explicit_identity_gate,,Cheltsov,,,9496706.jpg,40,55,JPEG,RGB,pending_identity_profile
9496036,Cheregi,,Cheregi,,,72,,MED,455,Cercle Brugge,belgium_league_rosters_0.25,BDFutbol 1993-94 squad page; identity/position audit v0.25,https://www.bdfutbol.com/en/t/t1993-9410785.html,1994,Left Midfielder,Cercle Brugge,belgium_1993_94_identity_gate,,Cheregi,,,9496036.jpg,40,55,JPEG,RGB,pending_identity_profile
9496414,Cheregi,,Cheregi,,,,,DEL,9357003,Samsunspor,turkey_league_rosters_0.26,BDFutbol 1993-94 squad; identity/position audit v0.26,https://www.bdfutbol.com/en/t/t1993-9411698.html,1994,Left Winger,Samsunspor,turkey_1993_94_explicit_identity_gate,,Cheregi,,,9496414.jpg,40,55,JPEG,RGB,pending_identity_profile
9496652,Chernyshov,,Chernyshov,,,,,DEF,9315002,Dynamo Moskva,russia_league_rosters_0.27,BDFutbol 1993 squad; identity/position audit v0.27,https://www.bdfutbol.com/en/t/t1993-9410165.html,1994,Centre Back,Dynamo Moskva,russia_1993_explicit_identity_gate,,Chernyshov,,,9496652.jpg,40,55,JPEG,RGB,pending_identity_profile
9496644,Cheryshev,,Cheryshev,,,,,DEL,9315002,Dynamo Moskva,russia_league_rosters_0.27,BDFutbol 1993 squad; identity/position audit v0.27,https://www.bdfutbol.com/en/t/t1993-9410165.html,1994,Centre Forward,Dynamo Moskva,russia_1993_explicit_identity_gate,,Cheryshev,,,9496644.jpg,40,55,JPEG,RGB,pending_identity_profile
9494182,Chidi Nwanu,Chidi,Nwanu,,1967-01-01T00:00:00,59,,DEF,9352002,Beveren,,BDFutbol 1993-94 squad page; identity/position audit v0.25,https://www.bdfutbol.com/en/t/t1993-9412039.html,1994,Centre Back,Beveren,belgium_1993_94_identity_gate,9494182,Chidi Nwanu,99668,https://www.bdfutbol.com/en/j/j99668.html,9494182.jpg,40,55,JPEG,RGB,ready_for_download
9496335,Christiaens,,Christiaens,,,,,DEL,466,Waregem,belgium_league_rosters_0.25,BDFutbol 1993-94 squad page; identity/position audit v0.25,https://www.bdfutbol.com/en/t/t1993-9410295.html,1994,Left Winger,Waregem,belgium_1993_94_identity_gate,,Christiaens,,,9496335.jpg,40,55,JPEG,RGB,pending_identity_profile
9496708,Chugainov,,Chugainov,,,,,DEF,1087,Torpedo Moskva,russia_league_rosters_0.27,BDFutbol 1993 squad; identity/position audit v0.27,https://www.bdfutbol.com/en/t/t1993-9410068.html,1994,Centre Back,Torpedo Moskva,russia_1993_explicit_identity_gate,,Chugainov,,,9496708.jpg,40,55,JPEG,RGB,pending_identity_profile
9496717,Chumachenko,,Chumachenko,,,,,MED,1087,Torpedo Moskva,russia_league_rosters_0.27,BDFutbol 1993 squad; identity/position audit v0.27,https://www.bdfutbol.com/en/t/t1993-9410068.html,1994,Left Midfielder,Torpedo Moskva,russia_1993_explicit_identity_gate,,Chumachenko,,,9496717.jpg,40,55,JPEG,RGB,pending_identity_profile
9496289,Claesen,,Claesen,,,,,DEL,1032,Royal Antwerp,belgium_league_rosters_0.25,BDFutbol 1993-94 squad page; identity/position audit v0.25,https://www.bdfutbol.com/en/t/t1993-9410010.html,1994,Centre Forward,Royal Antwerp,belgium_1993_94_identity_gate,,Claesen,,,9496289.jpg,40,55,JPEG,RGB,pending_identity_profile
9496105,Claessens,,Claessens,,,,,MED,462,Genk,belgium_league_rosters_0.25,BDFutbol 1993-94 squad page; identity/position audit v0.25,https://www.bdfutbol.com/en/t/t1993-9410201.html,1994,Centre Midfielder,Genk,belgium_1993_94_identity_gate,,Claessens,,,9496105.jpg,40,55,JPEG,RGB,pending_identity_profile
9496037,Claeys,,Claeys,,,,,MED,455,Cercle Brugge,belgium_league_rosters_0.25,BDFutbol 1993-94 squad page; identity/position audit v0.25,https://www.bdfutbol.com/en/t/t1993-9410785.html,1994,Attacking Midfielder,Cercle Brugge,belgium_1993_94_identity_gate,,Claeys,,,9496037.jpg,40,55,JPEG,RGB,pending_identity_profile
9496015,Colling,,Colling,,,,,MED,9352002,Beveren,belgium_league_rosters_0.25,BDFutbol 1993-94 squad page; identity/position audit v0.25,https://www.bdfutbol.com/en/t/t1993-9412039.html,1994,Left Midfielder,Beveren,belgium_1993_94_identity_gate,,Colling,,,9496015.jpg,40,55,JPEG,RGB,pending_identity_profile
9496413,Constantin,,Constantin,,,,,DEL,9357003,Samsunspor,turkey_league_rosters_0.26,BDFutbol 1993-94 squad; identity/position audit v0.26,https://www.bdfutbol.com/en/t/t1993-9411698.html,1994,Centre Forward,Samsunspor,turkey_1993_94_explicit_identity_gate,,Constantin,,,9496413.jpg,40,55,JPEG,RGB,pending_identity_profile
9496038,Cooreman,,Cooreman,,,,,DEL,455,Cercle Brugge,belgium_league_rosters_0.25,BDFutbol 1993-94 squad page; identity/position audit v0.25,https://www.bdfutbol.com/en/t/t1993-9410785.html,1994,Right Winger,Cercle Brugge,belgium_1993_94_identity_gate,,Cooreman,,,9496038.jpg,40,55,JPEG,RGB,pending_identity_profile
9496072,Cossey,,Cossey,,,,,DEF,453,Club Brugge,belgium_league_rosters_0.25,BDFutbol 1993-94 squad page; identity/position audit v0.25,https://www.bdfutbol.com/en/t/t1993-9410004.html,1994,Left Back,Club Brugge,belgium_1993_94_identity_gate,,Cossey,,,9496072.jpg,40,55,JPEG,RGB,pending_identity_profile
9496443,Coşkun,,Coşkun,,,,,MED,9357005,Gençlerbirliği,turkey_league_rosters_0.26,BDFutbol 1993-94 squad; identity/position audit v0.26,https://www.bdfutbol.com/en/t/t1993-9410358.html,1994,Left Midfielder,Gençlerbirliği,turkey_1993_94_explicit_identity_gate,,Coşkun,,,9496443.jpg,40,55,JPEG,RGB,pending_identity_profile
9496268,Crapa,,Crapa,,,,,MED,9352005,RFC Liège,belgium_league_rosters_0.25,BDFutbol 1993-94 squad page; identity/position audit v0.25,https://www.bdfutbol.com/en/t/t1993-9410266.html,1994,Defensive Midfielder,RFC Liège,belgium_1993_94_identity_gate,,Crapa,,,9496268.jpg,40,55,JPEG,RGB,pending_identity_profile
9496073,Crève,,Crève,,,,,DEF,453,Club Brugge,belgium_league_rosters_0.25,BDFutbol 1993-94 squad page; identity/position audit v0.25,https://www.bdfutbol.com/en/t/t1993-9410004.html,1994,Left Back,Club Brugge,belgium_1993_94_identity_gate,,Crève,,,9496073.jpg,40,55,JPEG,RGB,pending_identity_profile
9496556,Cvikl,,Cvikl,,,,,MED,9357011,Zeytinburnuspor,turkey_league_rosters_0.26,BDFutbol 1993-94 squad; identity/position audit v0.26,https://www.bdfutbol.com/en/t/t1993-949025.html,1994,Left Midfielder,Zeytinburnuspor,turkey_1993_94_explicit_identity_gate,,Cvikl,,,9496556.jpg,40,55,JPEG,RGB,pending_identity_profile
9496267,César Santos,César,Santos,,,,,MED,9352005,RFC Liège,belgium_league_rosters_0.25,BDFutbol 1993-94 squad page; identity/position audit v0.25,https://www.bdfutbol.com/en/t/t1993-9410266.html,1994,Right Midfielder,RFC Liège,belgium_1993_94_identity_gate,,César Santos,,,9496267.jpg,40,55,JPEG,RGB,pending_identity_profile
9496039,D'Hondt,,D'Hondt,,,,,DEF,455,Cercle Brugge,belgium_league_rosters_0.25,BDFutbol 1993-94 squad page; identity/position audit v0.25,https://www.bdfutbol.com/en/t/t1993-9410785.html,1994,Left Back,Cercle Brugge,belgium_1993_94_identity_gate,,D'Hondt,,,9496039.jpg,40,55,JPEG,RGB,pending_identity_profile
9494186,Daniel Amokachi,Daniel,Amokachi,,1972-12-30T00:00:00,59,,DEL,453,Club Brugge,,BDFutbol 1993-94 squad page; identity/position audit v0.25,https://www.bdfutbol.com/en/t/t1993-9410004.html,1994,Centre Forward,Club Brugge,belgium_1993_94_identity_gate,9494186,Daniel Amokachi,,,9494186.jpg,40,55,JPEG,RGB,pending_identity_profile
9496016,Daumantas,,Daumantas,,,,,DEF,9352002,Beveren,belgium_league_rosters_0.25,BDFutbol 1993-94 squad page; identity/position audit v0.25,https://www.bdfutbol.com/en/t/t1993-9412039.html,1994,Centre Back,Beveren,belgium_1993_94_identity_gate,,Daumantas,,,9496016.jpg,40,55,JPEG,RGB,pending_identity_profile
9496737,Davletshin,,Davletshin,,,,,MED,9315006,Uralmash,russia_league_rosters_0.27,BDFutbol 1993 squad; identity/position audit v0.27,https://www.bdfutbol.com/en/t/t1993-9411709.html,1994,Right Midfielder,Uralmash,russia_1993_explicit_identity_gate,,Davletshin,,,9496737.jpg,40,55,JPEG,RGB,pending_identity_profile
9496369,Dağdelen,,Dağdelen,,,,,MED,9357001,Fenerbahçe,turkey_league_rosters_0.26,BDFutbol 1993-94 squad; identity/position audit v0.26,https://www.bdfutbol.com/en/t/t1993-9410178.html,1994,Right Midfielder,Fenerbahçe,turkey_1993_94_explicit_identity_gate,,Dağdelen,,,9496369.jpg,40,55,JPEG,RGB,pending_identity_profile
9496499,Dağdelen,,Dağdelen,,,,,POR,9357008,Altay,turkey_league_rosters_0.26,BDFutbol 1993-94 squad; identity/position audit v0.26,https://www.bdfutbol.com/en/t/t1993-9411414.html,1994,Goalkeeper,Altay,turkey_1993_94_explicit_identity_gate,,Dağdelen,,,9496499.jpg,40,55,JPEG,RGB,pending_identity_profile
9496567,Dağdelen,,Dağdelen,,,,,MED,9357012,Karabükspor,turkey_league_rosters_0.26,BDFutbol 1993-94 squad; identity/position audit v0.26,https://www.bdfutbol.com/en/t/t1993-9410744.html,1994,Left Midfielder,Karabükspor,turkey_1993_94_explicit_identity_gate,,Dağdelen,,,9496567.jpg,40,55,JPEG,RGB,pending_identity_profile
9496450,Daşgün,,Daşgün,,,,,DEF,9357005,Gençlerbirliği,turkey_league_rosters_0.26,BDFutbol 1993-94 squad; identity/position audit v0.26,https://www.bdfutbol.com/en/t/t1993-9410358.html,1994,Centre Back,Gençlerbirliği,turkey_1993_94_explicit_identity_gate,,Daşgün,,,9496450.jpg,40,55,JPEG,RGB,pending_identity_profile
9496040,De Buyser,De,Buyser,,,,,MED,455,Cercle Brugge,belgium_league_rosters_0.25,BDFutbol 1993-94 squad page; identity/position audit v0.25,https://www.bdfutbol.com/en/t/t1993-9410785.html,1994,Right Midfielder,Cercle Brugge,belgium_1993_94_identity_gate,,De Buyser,,,9496040.jpg,40,55,JPEG,RGB,pending_identity_profile
9496205,De Condé,De,Condé,,,,,DEL,9352004,Lommel,belgium_league_rosters_0.25,BDFutbol 1993-94 squad page; identity/position audit v0.25,https://www.bdfutbol.com/en/t/t1993-9411701.html,1994,Left Winger,Lommel,belgium_1993_94_identity_gate,,De Condé,,,9496205.jpg,40,55,JPEG,RGB,pending_identity_profile
9496041,De Coninck,De,Coninck,,,,,DEF,455,Cercle Brugge,belgium_league_rosters_0.25,BDFutbol 1993-94 squad page; identity/position audit v0.25,https://www.bdfutbol.com/en/t/t1993-9410785.html,1994,Left Back,Cercle Brugge,belgium_1993_94_identity_gate,,De Coninck,,,9496041.jpg,40,55,JPEG,RGB,pending_identity_profile
9496290,De Graef,De,Graef,,,,,DEL,1032,Royal Antwerp,belgium_league_rosters_0.25,BDFutbol 1993-94 squad page; identity/position audit v0.25,https://www.bdfutbol.com/en/t/t1993-9410010.html,1994,Centre Forward,Royal Antwerp,belgium_1993_94_identity_gate,,De Graef,,,9496290.jpg,40,55,JPEG,RGB,pending_identity_profile
9496226,De Jaegher,De,Jaegher,,,,,DEF,9352006,Molenbeek,belgium_league_rosters_0.25,BDFutbol 1993-94 squad page; identity/position audit v0.25,https://www.bdfutbol.com/en/t/t1993-9410067.html,1994,Centre Back,Molenbeek,belgium_1993_94_identity_gate,,De Jaegher,,,9496226.jpg,40,55,JPEG,RGB,pending_identity_profile
9496336,De Kneef,De,Kneef,,,,,DEF,466,Waregem,belgium_league_rosters_0.25,BDFutbol 1993-94 squad page; identity/position audit v0.25,https://www.bdfutbol.com/en/t/t1993-9410295.html,1994,Right Back,Waregem,belgium_1993_94_identity_gate,,De Kneef,,,9496336.jpg,40,55,JPEG,RGB,pending_identity_profile
9496337,De Meersman,De,Meersman,,,,,DEL,466,Waregem,belgium_league_rosters_0.25,BDFutbol 1993-94 squad page; identity/position audit v0.25,https://www.bdfutbol.com/en/t/t1993-9410295.html,1994,Centre Forward,Waregem,belgium_1993_94_identity_gate,,De Meersman,,,9496337.jpg,40,55,JPEG,RGB,pending_identity_profile
9496168,De Mesmaeker,De,Mesmaeker,,,,,MED,459,KV Mechelen,belgium_league_rosters_0.25,BDFutbol 1993-94 squad page; identity/position audit v0.25,https://www.bdfutbol.com/en/t/t1993-9411101.html,1994,Left Midfielder,KV Mechelen,belgium_1993_94_identity_gate,,De Mesmaeker,,,9496168.jpg,40,55,JPEG,RGB,pending_identity_profile
9496124,De Meyer,De,Meyer,,,,,DEF,456,Gent,belgium_league_rosters_0.25,BDFutbol 1993-94 squad page; identity/position audit v0.25,https://www.bdfutbol.com/en/t/t1993-9410090.html,1994,Right Back,Gent,belgium_1993_94_identity_gate,,De Meyer,,,9496124.jpg,40,55,JPEG,RGB,pending_identity_profile
9496125,De Roover,De,Roover,,,,,DEF,456,Gent,belgium_league_rosters_0.25,BDFutbol 1993-94 squad page; identity/position audit v0.25,https://www.bdfutbol.com/en/t/t1993-9410090.html,1994,Centre Back,Gent,belgium_1993_94_identity_gate,,De Roover,,,9496125.jpg,40,55,JPEG,RGB,pending_identity_profile
9496126,De Roy,De,Roy,,,,,DEF,456,Gent,belgium_league_rosters_0.25,BDFutbol 1993-94 squad page; identity/position audit v0.25,https://www.bdfutbol.com/en/t/t1993-9410090.html,1994,Centre Back,Gent,belgium_1993_94_identity_gate,,De Roy,,,9496126.jpg,40,55,JPEG,RGB,pending_identity_profile
9496269,De Sart,De,Sart,,,,,DEF,9352005,RFC Liège,belgium_league_rosters_0.25,BDFutbol 1993-94 squad page; identity/position audit v0.25,https://www.bdfutbol.com/en/t/t1993-9410266.html,1994,Centre Back,RFC Liège,belgium_1993_94_identity_gate,,De Sart,,,9496269.jpg,40,55,JPEG,RGB,pending_identity_profile
9496186,De Smet,De,Smet,,,,,MED,851,Lierse,belgium_league_rosters_0.25,BDFutbol 1993-94 squad page; identity/position audit v0.25,https://www.bdfutbol.com/en/t/t1993-9410070.html,1994,Centre Midfielder,Lierse,belgium_1993_94_identity_gate,,De Smet,,,9496186.jpg,40,55,JPEG,RGB,pending_identity_profile
9496017,De Vlieger,De,Vlieger,,,,,POR,9352002,Beveren,belgium_league_rosters_0.25,BDFutbol 1993-94 squad page; identity/position audit v0.25,https://www.bdfutbol.com/en/t/t1993-9412039.html,1994,Goalkeeper,Beveren,belgium_1993_94_identity_gate,,De Vlieger,,,9496017.jpg,40,55,JPEG,RGB,pending_identity_profile
9496127,De Vriese,De,Vriese,,,,,MED,456,Gent,belgium_league_rosters_0.25,BDFutbol 1993-94 squad page; identity/position audit v0.25,https://www.bdfutbol.com/en/t/t1993-9410090.html,1994,Centre Midfielder,Gent,belgium_1993_94_identity_gate,,De Vriese,,,9496127.jpg,40,55,JPEG,RGB,pending_identity_profile
9496169,De Wilde,De,Wilde,,,,,POR,459,KV Mechelen,belgium_league_rosters_0.25,BDFutbol 1993-94 squad page; identity/position audit v0.25,https://www.bdfutbol.com/en/t/t1993-9411101.html,1994,Goalkeeper,KV Mechelen,belgium_1993_94_identity_gate,,De Wilde,,,9496169.jpg,40,55,JPEG,RGB,pending_identity_profile
9496082,Debusschere,,Debusschere,,,,,DEF,9352001,FC Seraing,belgium_league_rosters_0.25,BDFutbol 1993-94 squad page; identity/position audit v0.25,https://www.bdfutbol.com/en/t/t1993-9412101.html,1994,Centre Back,FC Seraing,belgium_1993_94_identity_gate,,Debusschere,,,9496082.jpg,40,55,JPEG,RGB,pending_identity_profile
9496170,Deferm,,Deferm,,,,,MED,459,KV Mechelen,belgium_league_rosters_0.25,BDFutbol 1993-94 squad page; identity/position audit v0.25,https://www.bdfutbol.com/en/t/t1993-9411101.html,1994,Defensive Midfielder,KV Mechelen,belgium_1993_94_identity_gate,,Deferm,,,9496170.jpg,40,55,JPEG,RGB,pending_identity_profile
9496270,Deflandre,,Deflandre,,,,,DEF,9352005,RFC Liège,belgium_league_rosters_0.25,BDFutbol 1993-94 squad page; identity/position audit v0.25,https://www.bdfutbol.com/en/t/t1993-9410266.html,1994,Left Back,RFC Liège,belgium_1993_94_identity_gate,,Deflandre,,,9496270.jpg,40,55,JPEG,RGB,pending_identity_profile
9496227,Deglas,,Deglas,,,,,DEF,9352006,Molenbeek,belgium_league_rosters_0.25,BDFutbol 1993-94 squad page; identity/position audit v0.25,https://www.bdfutbol.com/en/t/t1993-9410067.html,1994,Centre Back,Molenbeek,belgium_1993_94_identity_gate,,Deglas,,,9496227.jpg,40,55,JPEG,RGB,pending_identity_profile
9496338,Dekenne,,Dekenne,,,,,MED,466,Waregem,belgium_league_rosters_0.25,BDFutbol 1993-94 squad page; identity/position audit v0.25,https://www.bdfutbol.com/en/t/t1993-9410295.html,1994,Right Midfielder,Waregem,belgium_1993_94_identity_gate,,Dekenne,,,9496338.jpg,40,55,JPEG,RGB,pending_identity_profile
9496228,Delangre,,Delangre,,,,,MED,9352006,Molenbeek,belgium_league_rosters_0.25,BDFutbol 1993-94 squad page; identity/position audit v0.25,https://www.bdfutbol.com/en/t/t1993-9410067.html,1994,Right Midfielder,Molenbeek,belgium_1993_94_identity_gate,,Delangre,,,9496228.jpg,40,55,JPEG,RGB,pending_identity_profile
9496106,Delcampe,,Delcampe,,,,,DEF,462,Genk,belgium_league_rosters_0.25,BDFutbol 1993-94 squad page; identity/position audit v0.25,https://www.bdfutbol.com/en/t/t1993-9410201.html,1994,Centre Back,Genk,belgium_1993_94_identity_gate,,Delcampe,,,9496106.jpg,40,55,JPEG,RGB,pending_identity_profile
9496847,Delov,,Delov,,,,,MED,9315012,Krylia Sovetov,russia_league_rosters_0.27,BDFutbol 1993 squad; identity/position audit v0.27,https://www.bdfutbol.com/en/t/t1993-9410800.html,1994,Centre Midfielder,Krylia Sovetov,russia_1993_explicit_identity_gate,,Delov,,,9496847.jpg,40,55,JPEG,RGB,pending_identity_profile
9496128,Deman,,Deman,,,,,POR,456,Gent,belgium_league_rosters_0.25,BDFutbol 1993-94 squad page; identity/position audit v0.25,https://www.bdfutbol.com/en/t/t1993-9410090.html,1994,Goalkeeper,Gent,belgium_1993_94_identity_gate,,Deman,,,9496128.jpg,40,55,JPEG,RGB,pending_identity_profile
9496899,Dementjev,,Dementjev,,,,,DEL,9315015,Rostselmash,russia_league_rosters_0.27,BDFutbol 1993 squad; identity/position audit v0.27,https://www.bdfutbol.com/en/t/t1993-9410748.html,1994,Centre Forward,Rostselmash,russia_1993_explicit_identity_gate,,Dementjev,,,9496899.jpg,40,55,JPEG,RGB,pending_identity_profile
9496607,Demirhan,,Demirhan,,,,,DEL,9357014,Sarıyer,turkey_league_rosters_0.26,BDFutbol 1993-94 squad; identity/position audit v0.26,https://www.bdfutbol.com/en/t/t1993-949024.html,1994,Right Winger,Sarıyer,turkey_1993_94_explicit_identity_gate,,Demirhan,,,9496607.jpg,40,55,JPEG,RGB,pending_identity_profile
9496042,Demol,,Demol,,,,,DEL,455,Cercle Brugge,belgium_league_rosters_0.25,BDFutbol 1993-94 squad page; identity/position audit v0.25,https://www.bdfutbol.com/en/t/t1993-9410785.html,1994,Right Winger,Cercle Brugge,belgium_1993_94_identity_gate,,Demol,,,9496042.jpg,40,55,JPEG,RGB,pending_identity_profile
9496271,Demonceau,,Demonceau,,,,,DEF,9352005,RFC Liège,belgium_league_rosters_0.25,BDFutbol 1993-94 squad page; identity/position audit v0.25,https://www.bdfutbol.com/en/t/t1993-9410266.html,1994,Centre Back,RFC Liège,belgium_1993_94_identity_gate,,Demonceau,,,9496271.jpg,40,55,JPEG,RGB,pending_identity_profile
9496688,Denisov,,Denisov,,,,,DEF,9315005,Spartak Vladikavkaz,russia_league_rosters_0.27,BDFutbol 1993 squad; identity/position audit v0.27,https://www.bdfutbol.com/en/t/t1993-9410778.html,1994,Right Back,Spartak Vladikavkaz,russia_1993_explicit_identity_gate,,Denisov,,,9496688.jpg,40,55,JPEG,RGB,pending_identity_profile
9496058,Depireux,,Depireux,,,,,DEL,454,Charleroi,belgium_league_rosters_0.25,BDFutbol 1993-94 squad page; identity/position audit v0.25,https://www.bdfutbol.com/en/t/t1993-9410718.html,1994,Centre Forward,Charleroi,belgium_1993_94_identity_gate,,Depireux,,,9496058.jpg,40,55,JPEG,RGB,pending_identity_profile
9496339,Descamps,,Descamps,,,,,DEF,466,Waregem,belgium_league_rosters_0.25,BDFutbol 1993-94 squad page; identity/position audit v0.25,https://www.bdfutbol.com/en/t/t1993-9410295.html,1994,Left Back,Waregem,belgium_1993_94_identity_gate,,Descamps,,,9496339.jpg,40,55,JPEG,RGB,pending_identity_profile
9496250,Deschacht,,Deschacht,,,,,DEL,908,Oostende,belgium_league_rosters_0.25,BDFutbol 1993-94 squad page; identity/position audit v0.25,https://www.bdfutbol.com/en/t/t1993-9410949.html,1994,Centre Forward,Oostende,belgium_1993_94_identity_gate,,Deschacht,,,9496250.jpg,40,55,JPEG,RGB,pending_identity_profile
9496340,Desloover,,Desloover,,,,,DEF,466,Waregem,belgium_league_rosters_0.25,BDFutbol 1993-94 squad page; identity/position audit v0.25,https://www.bdfutbol.com/en/t/t1993-9410295.html,1994,Centre Back,Waregem,belgium_1993_94_identity_gate,,Desloover,,,9496340.jpg,40,55,JPEG,RGB,pending_identity_profile
9496530,Devrim,,Devrim,,,,,MED,9357010,Kayserispor,turkey_league_rosters_0.26,BDFutbol 1993-94 squad; identity/position audit v0.26,https://www.bdfutbol.com/en/t/t1993-9410432.html,1994,Centre Midfielder,Kayserispor,turkey_1993_94_explicit_identity_gate,,Devrim,,,9496530.jpg,40,55,JPEG,RGB,pending_identity_profile
9496251,Devuyst,,Devuyst,,,,,DEF,908,Oostende,belgium_league_rosters_0.25,BDFutbol 1993-94 squad page; identity/position audit v0.25,https://www.bdfutbol.com/en/t/t1993-9410949.html,1994,Centre Back,Oostende,belgium_1993_94_identity_gate,,Devuyst,,,9496251.jpg,40,55,JPEG,RGB,pending_identity_profile
9496252,Dewaele,,Dewaele,,,,,MED,908,Oostende,belgium_league_rosters_0.25,BDFutbol 1993-94 squad page; identity/position audit v0.25,https://www.bdfutbol.com/en/t/t1993-9410949.html,1994,Left Midfielder,Oostende,belgium_1993_94_identity_gate,,Dewaele,,,9496252.jpg,40,55,JPEG,RGB,pending_identity_profile
9496149,Dheedene,,Dheedene,,,,,DEF,9352003,Germinal Ekeren,belgium_league_rosters_0.25,BDFutbol 1993-94 squad page; identity/position audit v0.25,https://www.bdfutbol.com/en/t/t1993-9411039.html,1994,Centre Back,Germinal Ekeren,belgium_1993_94_identity_gate,,Dheedene,,,9496149.jpg,40,55,JPEG,RGB,pending_identity_profile
9496150,Diagne,,Diagne,,,,,MED,9352003,Germinal Ekeren,belgium_league_rosters_0.25,BDFutbol 1993-94 squad page; identity/position audit v0.25,https://www.bdfutbol.com/en/t/t1993-9411039.html,1994,Left Midfielder,Germinal Ekeren,belgium_1993_94_identity_gate,,Diagne,,,9496150.jpg,40,55,JPEG,RGB,pending_identity_profile
9496311,Dinga,,Dinga,,,,,DEF,409,Standard Liège,belgium_league_rosters_0.25,BDFutbol 1993-94 squad page; identity/position audit v0.25,https://www.bdfutbol.com/en/t/t1993-9410012.html,1994,Left Back,Standard Liège,belgium_1993_94_identity_gate,,Dinga,,,9496311.jpg,40,55,JPEG,RGB,pending_identity_profile
9496074,Disztl,,Disztl,,,93,,DEF,453,Club Brugge,belgium_league_rosters_0.25,BDFutbol 1993-94 squad page; identity/position audit v0.25,https://www.bdfutbol.com/en/t/t1993-9410004.html,1994,Right Back,Club Brugge,belgium_1993_94_identity_gate,,Disztl,,,9496074.jpg,40,55,JPEG,RGB,pending_identity_profile
9496440,Diyadin,,Diyadin,,,,,MED,9357005,Gençlerbirliği,turkey_league_rosters_0.26,BDFutbol 1993-94 squad; identity/position audit v0.26,https://www.bdfutbol.com/en/t/t1993-9410358.html,1994,Right Midfielder,Gençlerbirliği,turkey_1993_94_explicit_identity_gate,,Diyadin,,,9496440.jpg,40,55,JPEG,RGB,pending_identity_profile
9496648,Dobrovolski,,Dobrovolski,,,,,DEL,9315002,Dynamo Moskva,russia_league_rosters_0.27,BDFutbol 1993 squad; identity/position audit v0.27,https://www.bdfutbol.com/en/t/t1993-9410165.html,1994,Centre Forward,Dynamo Moskva,russia_1993_explicit_identity_gate,,Dobrovolski,,,9496648.jpg,40,55,JPEG,RGB,pending_identity_profile
9496083,Doll,,Doll,,,,,DEF,9352001,FC Seraing,belgium_league_rosters_0.25,BDFutbol 1993-94 squad page; identity/position audit v0.25,https://www.bdfutbol.com/en/t/t1993-9412101.html,1994,Left Back,FC Seraing,belgium_1993_94_identity_gate,,Doll,,,9496083.jpg,40,55,JPEG,RGB,pending_identity_profile
9495153,Dominic Longo,Dominic,Longo,,1970-08-23T00:00:00,15,,DEF,455,Cercle Brugge,verified_1993_national_pools_0.22,BDFutbol 1993-94 squad page; identity/position audit v0.25,https://www.bdfutbol.com/en/t/t1993-9410785.html,1994,Left Back,Cercle Brugge,belgium_1993_94_identity_gate,9495153,Dominic Longo,,,9495153.jpg,40,55,JPEG,RGB,pending_identity_profile
9494017,Dorinel Munteanu,Dorinel,Munteanu,,1968-06-25T00:00:00,72,,MED,455,Cercle Brugge,,BDFutbol 1993-94 squad page; identity/position audit v0.25,https://www.bdfutbol.com/en/t/t1993-9410785.html,1994,Left Midfielder,Cercle Brugge,belgium_1993_94_identity_gate,9494017,Dorinel Munteanu,,,9494017.jpg,40,55,JPEG,RGB,pending_identity_profile
9496107,Doumen,,Doumen,,,,,POR,462,Genk,belgium_league_rosters_0.25,BDFutbol 1993-94 squad page; identity/position audit v0.25,https://www.bdfutbol.com/en/t/t1993-9410201.html,1994,Goalkeeper,Genk,belgium_1993_94_identity_gate,,Doumen,,,9496107.jpg,40,55,JPEG,RGB,pending_identity_profile
9496108,Dreesen,,Dreesen,,,,,DEL,462,Genk,belgium_league_rosters_0.25,BDFutbol 1993-94 squad page; identity/position audit v0.25,https://www.bdfutbol.com/en/t/t1993-9410201.html,1994,Centre Forward,Genk,belgium_1993_94_identity_gate,,Dreesen,,,9496108.jpg,40,55,JPEG,RGB,pending_identity_profile
9496674,Drozdov,,Drozdov,,,,,DEF,9315004,Lokomotiv Moskva,russia_league_rosters_0.27,BDFutbol 1993 squad; identity/position audit v0.27,https://www.bdfutbol.com/en/t/t1993-9410040.html,1994,Left Back,Lokomotiv Moskva,russia_1993_explicit_identity_gate,,Drozdov,,,9496674.jpg,40,55,JPEG,RGB,pending_identity_profile
9496862,Dubovik,,Dubovik,,,,,MED,9315013,Luch Vladivostok,russia_league_rosters_0.27,BDFutbol 1993 squad; identity/position audit v0.27,https://www.bdfutbol.com/en/t/t1993-9422002.html,1994,Defensive Midfielder,Luch Vladivostok,russia_1993_explicit_identity_gate,,Dubovik,,,9496862.jpg,40,55,JPEG,RGB,pending_identity_profile
9496341,Ducoulombier,,Ducoulombier,,,,,DEF,466,Waregem,belgium_league_rosters_0.25,BDFutbol 1993-94 squad page; identity/position audit v0.25,https://www.bdfutbol.com/en/t/t1993-9410295.html,1994,Centre Back,Waregem,belgium_1993_94_identity_gate,,Ducoulombier,,,9496341.jpg,40,55,JPEG,RGB,pending_identity_profile
9496756,Dudnyk,,Dudnyk,,,,,DEF,9315007,CSKA Moskva,russia_league_rosters_0.27,BDFutbol 1993 squad; identity/position audit v0.27,https://www.bdfutbol.com/en/t/t1993-9410030.html,1994,Left Back,CSKA Moskva,russia_1993_explicit_identity_gate,,Dudnyk,,,9496756.jpg,40,55,JPEG,RGB,pending_identity_profile
9496558,Durak,,Durak,,,,,DEL,9357011,Zeytinburnuspor,turkey_league_rosters_0.26,BDFutbol 1993-94 squad; identity/position audit v0.26,https://www.bdfutbol.com/en/t/t1993-949025.html,1994,Left Winger,Zeytinburnuspor,turkey_1993_94_explicit_identity_gate,,Durak,,,9496558.jpg,40,55,JPEG,RGB,pending_identity_profile
9496529,Duran,,Duran,,,,,MED,9357010,Kayserispor,turkey_league_rosters_0.26,BDFutbol 1993-94 squad; identity/position audit v0.26,https://www.bdfutbol.com/en/t/t1993-9410432.html,1994,Centre Midfielder,Kayserispor,turkey_1993_94_explicit_identity_gate,,Duran,,,9496529.jpg,40,55,JPEG,RGB,pending_identity_profile
9496481,Durmuş,,Durmuş,,,,,DEL,9357007,Bursaspor,turkey_league_rosters_0.26,BDFutbol 1993-94 squad; identity/position audit v0.26,https://www.bdfutbol.com/en/t/t1993-9410247.html,1994,Centre Forward,Bursaspor,turkey_1993_94_explicit_identity_gate,,Durmuş,,,9496481.jpg,40,55,JPEG,RGB,pending_identity_profile
9496764,Durnev,,Durnev,,,,,MED,9315008,KAMAZ,russia_league_rosters_0.27,BDFutbol 1993 squad; identity/position audit v0.27,https://www.bdfutbol.com/en/t/t1993-9411710.html,1994,Right Midfielder,KAMAZ,russia_1993_explicit_identity_gate,,Durnev,,,9496764.jpg,40,55,JPEG,RGB,pending_identity_profile
9496891,Dyadyuk,,Dyadyuk,,,,,MED,9315015,Rostselmash,russia_league_rosters_0.27,BDFutbol 1993 squad; identity/position audit v0.27,https://www.bdfutbol.com/en/t/t1993-9410748.html,1994,Centre Midfielder,Rostselmash,russia_1993_explicit_identity_gate,,Dyadyuk,,,9496891.jpg,40,55,JPEG,RGB,pending_identity_profile
9496699,Dzhioev,,Dzhioev,,,,,DEF,9315005,Spartak Vladikavkaz,russia_league_rosters_0.27,BDFutbol 1993 squad; identity/position audit v0.27,https://www.bdfutbol.com/en/t/t1993-9410778.html,1994,Centre Back,Spartak Vladikavkaz,russia_1993_explicit_identity_gate,,Dzhioev,,,9496699.jpg,40,55,JPEG,RGB,pending_identity_profile
9496075,Dziubiński,,Dziubiński,,,70,,MED,453,Club Brugge,belgium_league_rosters_0.25,BDFutbol 1993-94 squad page; identity/position audit v0.25,https://www.bdfutbol.com/en/t/t1993-9410004.html,1994,Centre Midfielder,Club Brugge,belgium_1993_94_identity_gate,,Dziubiński,,,9496075.jpg,40,55,JPEG,RGB,pending_identity_profile
9496700,Dzoblaev,,Dzoblaev,,,,,DEF,9315005,Spartak Vladikavkaz,russia_league_rosters_0.27,BDFutbol 1993 squad; identity/position audit v0.27,https://www.bdfutbol.com/en/t/t1993-9410778.html,1994,Right Back,Spartak Vladikavkaz,russia_1993_explicit_identity_gate,,Dzoblaev,,,9496700.jpg,40,55,JPEG,RGB,pending_identity_profile
9496557,Ece,,Ece,,,,,POR,9357011,Zeytinburnuspor,turkey_league_rosters_0.26,BDFutbol 1993-94 squad; identity/position audit v0.26,https://www.bdfutbol.com/en/t/t1993-949025.html,1994,Goalkeeper,Zeytinburnuspor,turkey_1993_94_explicit_identity_gate,,Ece,,,9496557.jpg,40,55,JPEG,RGB,pending_identity_profile
9496084,Edson,,Edson,,,,,DEL,9352001,FC Seraing,belgium_league_rosters_0.25,BDFutbol 1993-94 squad page; identity/position audit v0.25,https://www.bdfutbol.com/en/t/t1993-9412101.html,1994,Left Winger,FC Seraing,belgium_1993_94_identity_gate,,Edson,,,9496084.jpg,40,55,JPEG,RGB,pending_identity_profile
9496076,Eijkelkamp,,Eijkelkamp,,,3,,DEL,453,Club Brugge,belgium_league_rosters_0.25,BDFutbol 1993-94 squad page; identity/position audit v0.25,https://www.bdfutbol.com/en/t/t1993-9410004.html,1994,Centre Forward,Club Brugge,belgium_1993_94_identity_gate,,Eijkelkamp,,,9496076.jpg,40,55,JPEG,RGB,pending_identity_profile
9496531,Eken,,Eken,,,,,MED,9357010,Kayserispor,turkey_league_rosters_0.26,BDFutbol 1993-94 squad; identity/position audit v0.26,https://www.bdfutbol.com/en/t/t1993-9410432.html,1994,Left Midfielder,Kayserispor,turkey_1993_94_explicit_identity_gate,,Eken,,,9496531.jpg,40,55,JPEG,RGB,pending_identity_profile
9496659,Elyshev,,Elyshev,,,,,MED,9315003,Tekstilshchik Kamyshin,russia_league_rosters_0.27,BDFutbol 1993 squad; identity/position audit v0.27,https://www.bdfutbol.com/en/t/t1993-9411094.html,1994,Centre Midfielder,Tekstilshchik Kamyshin,russia_1993_explicit_identity_gate,,Elyshev,,,9496659.jpg,40,55,JPEG,RGB,pending_identity_profile
9496291,Emmerechts,,Emmerechts,,,,,DEF,1032,Royal Antwerp,belgium_league_rosters_0.25,BDFutbol 1993-94 squad page; identity/position audit v0.25,https://www.bdfutbol.com/en/t/t1993-9410010.html,1994,Left Back,Royal Antwerp,belgium_1993_94_identity_gate,,Emmerechts,,,9496291.jpg,40,55,JPEG,RGB,pending_identity_profile
9496606,Engin,,Engin,,,,,POR,9357014,Sarıyer,turkey_league_rosters_0.26,BDFutbol 1993-94 squad; identity/position audit v0.26,https://www.bdfutbol.com/en/t/t1993-949024.html,1994,Goalkeeper,Sarıyer,turkey_1993_94_explicit_identity_gate,,Engin,,,9496606.jpg,40,55,JPEG,RGB,pending_identity_profile
9496610,Engin,,Engin,,,,,MED,9357014,Sarıyer,turkey_league_rosters_0.26,BDFutbol 1993-94 squad; identity/position audit v0.26,https://www.bdfutbol.com/en/t/t1993-949024.html,1994,Centre Midfielder,Sarıyer,turkey_1993_94_explicit_identity_gate,,Engin,,,9496610.jpg,40,55,JPEG,RGB,pending_identity_profile
9496603,Erdi,,Erdi,,,,,MED,9357014,Sarıyer,turkey_league_rosters_0.26,BDFutbol 1993-94 squad; identity/position audit v0.26,https://www.bdfutbol.com/en/t/t1993-949024.html,1994,Left Midfielder,Sarıyer,turkey_1993_94_explicit_identity_gate,,Erdi,,,9496603.jpg,40,55,JPEG,RGB,pending_identity_profile
9496506,Erkan,,Erkan,,,,,POR,9357009,Ankaragücü,turkey_league_rosters_0.26,BDFutbol 1993-94 squad; identity/position audit v0.26,https://www.bdfutbol.com/en/t/t1993-9410353.html,1994,Goalkeeper,Ankaragücü,turkey_1993_94_explicit_identity_gate,,Erkan,,,9496506.jpg,40,55,JPEG,RGB,pending_identity_profile
9496901,Ermilov,,Ermilov,,,,,DEF,9315015,Rostselmash,russia_league_rosters_0.27,BDFutbol 1993 squad; identity/position audit v0.27,https://www.bdfutbol.com/en/t/t1993-9410748.html,1994,Centre Back,Rostselmash,russia_1993_explicit_identity_gate,,Ermilov,,,9496901.jpg,40,55,JPEG,RGB,pending_identity_profile
9496312,Ernst,,Ernst,,,,,DEL,409,Standard Liège,belgium_league_rosters_0.25,BDFutbol 1993-94 squad page; identity/position audit v0.25,https://www.bdfutbol.com/en/t/t1993-9410012.html,1994,Right Winger,Standard Liège,belgium_1993_94_identity_gate,,Ernst,,,9496312.jpg,40,55,JPEG,RGB,pending_identity_profile
9496507,Ertaş,,Ertaş,,,,,DEF,9357009,Ankaragücü,turkey_league_rosters_0.26,BDFutbol 1993-94 squad; identity/position audit v0.26,https://www.bdfutbol.com/en/t/t1993-9410353.html,1994,Centre Back,Ankaragücü,turkey_1993_94_explicit_identity_gate,,Ertaş,,,9496507.jpg,40,55,JPEG,RGB,pending_identity_profile
9496635,Eshchenko,,Eshchenko,,,,,MED,9315001,Rotor Volgograd,russia_league_rosters_0.27,BDFutbol 1993 squad; identity/position audit v0.27,https://www.bdfutbol.com/en/t/t1993-9411034.html,1994,Centre Midfielder,Rotor Volgograd,russia_1993_explicit_identity_gate,,Eshchenko,,,9496635.jpg,40,55,JPEG,RGB,pending_identity_profile
9496018,Essende-Liombi,,Essende-Liombi,,,,,DEF,9352002,Beveren,belgium_league_rosters_0.25,BDFutbol 1993-94 squad page; identity/position audit v0.25,https://www.bdfutbol.com/en/t/t1993-9412039.html,1994,Centre Back,Beveren,belgium_1993_94_identity_gate,,Essende-Liombi,,,9496018.jpg,40,55,JPEG,RGB,pending_identity_profile
9496171,Eszenyi,,Eszenyi,,,93,,DEL,459,KV Mechelen,belgium_league_rosters_0.25,BDFutbol 1993-94 squad page; identity/position audit v0.25,https://www.bdfutbol.com/en/t/t1993-9411101.html,1994,Centre Forward,KV Mechelen,belgium_1993_94_identity_gate,,Eszenyi,,,9496171.jpg,40,55,JPEG,RGB,pending_identity_profile
9496766,Evdokimov,,Evdokimov,,,,,MED,9315008,KAMAZ,russia_league_rosters_0.27,BDFutbol 1993 squad; identity/position audit v0.27,https://www.bdfutbol.com/en/t/t1993-9411710.html,1994,Centre Midfielder,KAMAZ,russia_1993_explicit_identity_gate,,Evdokimov,,,9496766.jpg,40,55,JPEG,RGB,pending_identity_profile
9496486,Evke,,Evke,,,,,DEF,9357007,Bursaspor,turkey_league_rosters_0.26,BDFutbol 1993-94 squad; identity/position audit v0.26,https://www.bdfutbol.com/en/t/t1993-9410247.html,1994,Left Back,Bursaspor,turkey_1993_94_explicit_identity_gate,,Evke,,,9496486.jpg,40,55,JPEG,RGB,pending_identity_profile
9496059,Fasano,,Fasano,,,,,DEL,454,Charleroi,belgium_league_rosters_0.25,BDFutbol 1993-94 squad page; identity/position audit v0.25,https://www.bdfutbol.com/en/t/t1993-9410718.html,1994,Left Winger,Charleroi,belgium_1993_94_identity_gate,,Fasano,,,9496059.jpg,40,55,JPEG,RGB,pending_identity_profile
9496872,Fatin,,Fatin,,,,,MED,9315014,Okean Nakhodka,russia_league_rosters_0.27,BDFutbol 1993 squad; identity/position audit v0.27,https://www.bdfutbol.com/en/t/t1993-9422022.html,1994,Right Midfielder,Okean Nakhodka,russia_1993_explicit_identity_gate,,Fatin,,,9496872.jpg,40,55,JPEG,RGB,pending_identity_profile
9496751,Fayzulin,,Fayzulin,,,,,DEL,9315007,CSKA Moskva,russia_league_rosters_0.27,BDFutbol 1993 squad; identity/position audit v0.27,https://www.bdfutbol.com/en/t/t1993-9410030.html,1994,Centre Forward,CSKA Moskva,russia_1993_explicit_identity_gate,,Fayzulin,,,9496751.jpg,40,55,JPEG,RGB,pending_identity_profile
9496594,Fedai,,Fedai,,,,,DEF,9357013,Karşıyaka,turkey_league_rosters_0.26,BDFutbol 1993-94 squad; identity/position audit v0.26,https://www.bdfutbol.com/en/t/t1993-949026.html,1994,Centre Back,Karşıyaka,turkey_1993_94_explicit_identity_gate,,Fedai,,,9496594.jpg,40,55,JPEG,RGB,pending_identity_profile
9496728,Fedotov,,Fedotov,,,,,MED,9315006,Uralmash,russia_league_rosters_0.27,BDFutbol 1993 squad; identity/position audit v0.27,https://www.bdfutbol.com/en/t/t1993-9411709.html,1994,Right Midfielder,Uralmash,russia_1993_explicit_identity_gate,,Fedotov,,,9496728.jpg,40,55,JPEG,RGB,pending_identity_profile
9496850,Fedyakin,,Fedyakin,,,,,DEF,9315013,Luch Vladivostok,russia_league_rosters_0.27,BDFutbol 1993 squad; identity/position audit v0.27,https://www.bdfutbol.com/en/t/t1993-9422002.html,1994,Right Back,Luch Vladivostok,russia_1993_explicit_identity_gate,,Fedyakin,,,9496850.jpg,40,55,JPEG,RGB,pending_identity_profile
9496827,Feoktistov,,Feoktistov,,,,,MED,9315011,Lokomotiv Nizhny Novgorod,russia_league_rosters_0.27,BDFutbol 1993 squad; identity/position audit v0.27,https://www.bdfutbol.com/en/t/t1993-9422016.html,1994,Defensive Midfielder,Lokomotiv Nizhny Novgorod,russia_1993_explicit_identity_gate,,Feoktistov,,,9496827.jpg,40,55,JPEG,RGB,pending_identity_profile
9496043,Feys,,Feys,,,,,POR,455,Cercle Brugge,belgium_league_rosters_0.25,BDFutbol 1993-94 squad page; identity/position audit v0.25,https://www.bdfutbol.com/en/t/t1993-9410785.html,1994,Goalkeeper,Cercle Brugge,belgium_1993_94_identity_gate,,Feys,,,9496043.jpg,40,55,JPEG,RGB,pending_identity_profile
9496458,Fidan,,Fidan,,,,,MED,9357006,Gaziantepspor,turkey_league_rosters_0.26,BDFutbol 1993-94 squad; identity/position audit v0.26,https://www.bdfutbol.com/en/t/t1993-9410300.html,1994,Right Midfielder,Gaziantepspor,turkey_1993_94_explicit_identity_gate,,Fidan,,,9496458.jpg,40,55,JPEG,RGB,pending_identity_profile
9496187,Fierens,,Fierens,,,,,MED,851,Lierse,belgium_league_rosters_0.25,BDFutbol 1993-94 squad page; identity/position audit v0.25,https://www.bdfutbol.com/en/t/t1993-9410070.html,1994,Right Midfielder,Lierse,belgium_1993_94_identity_gate,,Fierens,,,9496187.jpg,40,55,JPEG,RGB,pending_identity_profile
9496713,Filimonov,,Filimonov,,,,,MED,1087,Torpedo Moskva,russia_league_rosters_0.27,BDFutbol 1993 squad; identity/position audit v0.27,https://www.bdfutbol.com/en/t/t1993-9410068.html,1994,Left Midfielder,Torpedo Moskva,russia_1993_explicit_identity_gate,,Filimonov,,,9496713.jpg,40,55,JPEG,RGB,pending_identity_profile
9496840,Filippov,,Filippov,,,,,DEL,9315012,Krylia Sovetov,russia_league_rosters_0.27,BDFutbol 1993 squad; identity/position audit v0.27,https://www.bdfutbol.com/en/t/t1993-9410800.html,1994,Centre Forward,Krylia Sovetov,russia_1993_explicit_identity_gate,,Filippov,,,9496840.jpg,40,55,JPEG,RGB,pending_identity_profile
9496890,Filippov,,Filippov,,,,,MED,9315015,Rostselmash,russia_league_rosters_0.27,BDFutbol 1993 squad; identity/position audit v0.27,https://www.bdfutbol.com/en/t/t1993-9410748.html,1994,Right Midfielder,Rostselmash,russia_1993_explicit_identity_gate,,Filippov,,,9496890.jpg,40,55,JPEG,RGB,pending_identity_profile
9496329,Flórián Urbán,Flórián,Urbán,,,93,,MED,466,Waregem,belgium_league_rosters_0.25,BDFutbol 1993-94 squad page; identity/position audit v0.25,https://www.bdfutbol.com/en/t/t1993-9410295.html,1994,Right Midfielder,Waregem,belgium_1993_94_identity_gate,,Flórián Urbán,68620,https://www.bdfutbol.com/en/j/j68620.html,9496329.jpg,40,55,JPEG,RGB,ready_for_download
9496085,Foguenne,,Foguenne,,,,,MED,9352001,FC Seraing,belgium_league_rosters_0.25,BDFutbol 1993-94 squad page; identity/position audit v0.25,https://www.bdfutbol.com/en/t/t1993-9412101.html,1994,Left Midfielder,FC Seraing,belgium_1993_94_identity_gate,,Foguenne,,,9496085.jpg,40,55,JPEG,RGB,pending_identity_profile
9496044,Frenay,,Frenay,,,,,DEF,455,Cercle Brugge,belgium_league_rosters_0.25,BDFutbol 1993-94 squad page; identity/position audit v0.25,https://www.bdfutbol.com/en/t/t1993-9410785.html,1994,Left Back,Cercle Brugge,belgium_1993_94_identity_gate,,Frenay,,,9496044.jpg,40,55,JPEG,RGB,pending_identity_profile
9496830,Frolov,,Frolov,,,,,DEL,9315011,Lokomotiv Nizhny Novgorod,russia_league_rosters_0.27,BDFutbol 1993 squad; identity/position audit v0.27,https://www.bdfutbol.com/en/t/t1993-9422016.html,1994,Left Winger,Lokomotiv Nizhny Novgorod,russia_1993_explicit_identity_gate,,Frolov,,,9496830.jpg,40,55,JPEG,RGB,pending_identity_profile
9496005,Frédéric Peiremans,Frédéric,Peiremans,,,,,MED,415,Anderlecht,belgium_league_rosters_0.25,BDFutbol 1993-94 squad page; identity/position audit v0.25,https://www.bdfutbol.com/en/t/t1993-9410015.html,1994,Centre Midfielder,Anderlecht,belgium_1993_94_identity_gate,,Frédéric Peiremans,2857,https://www.bdfutbol.com/en/j/j2857.html,9496005.jpg,40,55,JPEG,RGB,ready_for_download
9496684,Fuzaylov,,Fuzaylov,,,,,DEL,9315004,Lokomotiv Moskva,russia_league_rosters_0.27,BDFutbol 1993 squad; identity/position audit v0.27,https://www.bdfutbol.com/en/t/t1993-9410040.html,1994,Centre Forward,Lokomotiv Moskva,russia_1993_explicit_identity_gate,,Fuzaylov,,,9496684.jpg,40,55,JPEG,RGB,pending_identity_profile
9496547,Gabriel,,Gabriel,,,,,MED,9357011,Zeytinburnuspor,turkey_league_rosters_0.26,BDFutbol 1993-94 squad; identity/position audit v0.26,https://www.bdfutbol.com/en/t/t1993-949025.html,1994,Centre Midfielder,Zeytinburnuspor,turkey_1993_94_explicit_identity_gate,,Gabriel,,,9496547.jpg,40,55,JPEG,RGB,pending_identity_profile
9496801,Gagloev,,Gagloev,,,,,MED,9315010,Dynamo Stavropol,russia_league_rosters_0.27,BDFutbol 1993 squad; identity/position audit v0.27,https://www.bdfutbol.com/en/t/t1993-9422021.html,1994,Centre Midfielder,Dynamo Stavropol,russia_1993_explicit_identity_gate,,Gagloev,,,9496801.jpg,40,55,JPEG,RGB,pending_identity_profile
9496726,Galimov,,Galimov,,,,,DEF,9315006,Uralmash,russia_league_rosters_0.27,BDFutbol 1993 squad; identity/position audit v0.27,https://www.bdfutbol.com/en/t/t1993-9411709.html,1994,Centre Back,Uralmash,russia_1993_explicit_identity_gate,,Galimov,,,9496726.jpg,40,55,JPEG,RGB,pending_identity_profile
9496857,Galimov,,Galimov,,,,,MED,9315013,Luch Vladivostok,russia_league_rosters_0.27,BDFutbol 1993 squad; identity/position audit v0.27,https://www.bdfutbol.com/en/t/t1993-9422002.html,1994,Left Midfielder,Luch Vladivostok,russia_1993_explicit_identity_gate,,Galimov,,,9496857.jpg,40,55,JPEG,RGB,pending_identity_profile
9496471,Ganchev,,Ganchev,,,,,POR,9357007,Bursaspor,turkey_league_rosters_0.26,BDFutbol 1993-94 squad; identity/position audit v0.26,https://www.bdfutbol.com/en/t/t1993-9410247.html,1994,Goalkeeper,Bursaspor,turkey_1993_94_explicit_identity_gate,,Ganchev,,,9496471.jpg,40,55,JPEG,RGB,pending_identity_profile
9496679,Garin,,Garin,,,,,DEL,9315004,Lokomotiv Moskva,russia_league_rosters_0.27,BDFutbol 1993 squad; identity/position audit v0.27,https://www.bdfutbol.com/en/t/t1993-9410040.html,1994,Centre Forward,Lokomotiv Moskva,russia_1993_explicit_identity_gate,,Garin,,,9496679.jpg,40,55,JPEG,RGB,pending_identity_profile
9496833,Garin,,Garin,,,,,DEF,9315012,Krylia Sovetov,russia_league_rosters_0.27,BDFutbol 1993 squad; identity/position audit v0.27,https://www.bdfutbol.com/en/t/t1993-9410800.html,1994,Centre Back,Krylia Sovetov,russia_1993_explicit_identity_gate,,Garin,,,9496833.jpg,40,55,JPEG,RGB,pending_identity_profile
9496109,Gaspercic,,Gaspercic,,,,,POR,462,Genk,belgium_league_rosters_0.25,BDFutbol 1993-94 squad page; identity/position audit v0.25,https://www.bdfutbol.com/en/t/t1993-9410201.html,1994,Goalkeeper,Genk,belgium_1993_94_identity_gate,,Gaspercic,,,9496109.jpg,40,55,JPEG,RGB,pending_identity_profile
9496831,Gaus,,Gaus,,,,,POR,9315012,Krylia Sovetov,russia_league_rosters_0.27,BDFutbol 1993 squad; identity/position audit v0.27,https://www.bdfutbol.com/en/t/t1993-9410800.html,1994,Goalkeeper,Krylia Sovetov,russia_1993_explicit_identity_gate,,Gaus,,,9496831.jpg,40,55,JPEG,RGB,pending_identity_profile
9496689,Gazdanov,,Gazdanov,,,,,DEF,9315005,Spartak Vladikavkaz,russia_league_rosters_0.27,BDFutbol 1993 squad; identity/position audit v0.27,https://www.bdfutbol.com/en/t/t1993-9410778.html,1994,Centre Back,Spartak Vladikavkaz,russia_1993_explicit_identity_gate,,Gazdanov,,,9496689.jpg,40,55,JPEG,RGB,pending_identity_profile
9496522,Gedikali,,Gedikali,,,,,DEL,9357009,Ankaragücü,turkey_league_rosters_0.26,BDFutbol 1993-94 squad; identity/position audit v0.26,https://www.bdfutbol.com/en/t/t1993-9410353.html,1994,Centre Forward,Ankaragücü,turkey_1993_94_explicit_identity_gate,,Gedikali,,,9496522.jpg,40,55,JPEG,RGB,pending_identity_profile
9496621,Gerashchenko,,Gerashchenko,,,,,DEF,9315001,Rotor Volgograd,russia_league_rosters_0.27,BDFutbol 1993 squad; identity/position audit v0.27,https://www.bdfutbol.com/en/t/t1993-9411034.html,1994,Centre Back,Rotor Volgograd,russia_1993_explicit_identity_gate,,Gerashchenko,,,9496621.jpg,40,55,JPEG,RGB,pending_identity_profile
9496633,Gerasimenko,,Gerasimenko,,,,,DEF,9315001,Rotor Volgograd,russia_league_rosters_0.27,BDFutbol 1993 squad; identity/position audit v0.27,https://www.bdfutbol.com/en/t/t1993-9411034.html,1994,Centre Back,Rotor Volgograd,russia_1993_explicit_identity_gate,,Gerasimenko,,,9496633.jpg,40,55,JPEG,RGB,pending_identity_profile
9496823,Gerasimov,,Gerasimov,,,,,DEL,9315011,Lokomotiv Nizhny Novgorod,russia_league_rosters_0.27,BDFutbol 1993 squad; identity/position audit v0.27,https://www.bdfutbol.com/en/t/t1993-9422016.html,1994,Centre Forward,Lokomotiv Nizhny Novgorod,russia_1993_explicit_identity_gate,,Gerasimov,,,9496823.jpg,40,55,JPEG,RGB,pending_identity_profile
9496151,Ghislain,,Ghislain,,,,,DEL,9352003,Germinal Ekeren,belgium_league_rosters_0.25,BDFutbol 1993-94 squad page; identity/position audit v0.25,https://www.bdfutbol.com/en/t/t1993-9411039.html,1994,Left Winger,Germinal Ekeren,belgium_1993_94_identity_gate,,Ghislain,,,9496151.jpg,40,55,JPEG,RGB,pending_identity_profile
9496206,Gijbels,,Gijbels,,,,,DEF,9352004,Lommel,belgium_league_rosters_0.25,BDFutbol 1993-94 squad page; identity/position audit v0.25,https://www.bdfutbol.com/en/t/t1993-9411701.html,1994,Left Back,Lommel,belgium_1993_94_identity_gate,,Gijbels,,,9496206.jpg,40,55,JPEG,RGB,pending_identity_profile
9496207,Gijbels,,Gijbels,,,,,DEF,9352004,Lommel,belgium_league_rosters_0.25,BDFutbol 1993-94 squad page; identity/position audit v0.25,https://www.bdfutbol.com/en/t/t1993-9411701.html,1994,Centre Back,Lommel,belgium_1993_94_identity_gate,,Gijbels,,,9496207.jpg,40,55,JPEG,RGB,pending_identity_profile
9496172,Gijsbrechts,,Gijsbrechts,,,,,DEF,459,KV Mechelen,belgium_league_rosters_0.25,BDFutbol 1993-94 squad page; identity/position audit v0.25,https://www.bdfutbol.com/en/t/t1993-9411101.html,1994,Right Back,KV Mechelen,belgium_1993_94_identity_gate,,Gijsbrechts,,,9496172.jpg,40,55,JPEG,RGB,pending_identity_profile
9496272,Giusto,,Giusto,,,,,MED,9352005,RFC Liège,belgium_league_rosters_0.25,BDFutbol 1993-94 squad page; identity/position audit v0.25,https://www.bdfutbol.com/en/t/t1993-9410266.html,1994,Right Midfielder,RFC Liège,belgium_1993_94_identity_gate,,Giusto,,,9496272.jpg,40,55,JPEG,RGB,pending_identity_profile
9496229,Godart,,Godart,,,,,POR,9352006,Molenbeek,belgium_league_rosters_0.25,BDFutbol 1993-94 squad page; identity/position audit v0.25,https://www.bdfutbol.com/en/t/t1993-9410067.html,1994,Goalkeeper,Molenbeek,belgium_1993_94_identity_gate,,Godart,,,9496229.jpg,40,55,JPEG,RGB,pending_identity_profile
9496273,Godfroid,,Godfroid,,,,,MED,9352005,RFC Liège,belgium_league_rosters_0.25,BDFutbol 1993-94 squad page; identity/position audit v0.25,https://www.bdfutbol.com/en/t/t1993-9410266.html,1994,Centre Midfielder,RFC Liège,belgium_1993_94_identity_gate,,Godfroid,,,9496273.jpg,40,55,JPEG,RGB,pending_identity_profile
9496790,Gogrichiani,,Gogrichiani,,,,,DEL,9315009,Zhemchuzhina Sochi,russia_league_rosters_0.27,BDFutbol 1993 squad; identity/position audit v0.27,https://www.bdfutbol.com/en/t/t1993-9422018.html,1994,Centre Forward,Zhemchuzhina Sochi,russia_1993_explicit_identity_gate,,Gogrichiani,,,9496790.jpg,40,55,JPEG,RGB,pending_identity_profile
9496916,Golikov,,Golikov,,,,,DEF,9315016,Asmaral Moskva,russia_league_rosters_0.27,BDFutbol 1993 squad; identity/position audit v0.27,https://www.bdfutbol.com/en/t/t1993-9422023.html,1994,Right Back,Asmaral Moskva,russia_1993_explicit_identity_gate,,Golikov,,,9496916.jpg,40,55,JPEG,RGB,pending_identity_profile
9496828,Golubev,,Golubev,,,,,MED,9315011,Lokomotiv Nizhny Novgorod,russia_league_rosters_0.27,BDFutbol 1993 squad; identity/position audit v0.27,https://www.bdfutbol.com/en/t/t1993-9422016.html,1994,Left Midfielder,Lokomotiv Nizhny Novgorod,russia_1993_explicit_identity_gate,,Golubev,,,9496828.jpg,40,55,JPEG,RGB,pending_identity_profile
9496861,Goncharenko,,Goncharenko,,,,,DEF,9315013,Luch Vladivostok,russia_league_rosters_0.27,BDFutbol 1993 squad; identity/position audit v0.27,https://www.bdfutbol.com/en/t/t1993-9422002.html,1994,Left Back,Luch Vladivostok,russia_1993_explicit_identity_gate,,Goncharenko,,,9496861.jpg,40,55,JPEG,RGB,pending_identity_profile
9496188,Goossen,,Goossen,,,,,DEF,851,Lierse,belgium_league_rosters_0.25,BDFutbol 1993-94 squad page; identity/position audit v0.25,https://www.bdfutbol.com/en/t/t1993-9410070.html,1994,Centre Back,Lierse,belgium_1993_94_identity_gate,,Goossen,,,9496188.jpg,40,55,JPEG,RGB,pending_identity_profile
9496110,Goots,,Goots,,,,,DEL,462,Genk,belgium_league_rosters_0.25,BDFutbol 1993-94 squad page; identity/position audit v0.25,https://www.bdfutbol.com/en/t/t1993-9410201.html,1994,Centre Forward,Genk,belgium_1993_94_identity_gate,,Goots,,,9496110.jpg,40,55,JPEG,RGB,pending_identity_profile
9496796,Gorbachev,,Gorbachev,,,,,DEF,9315010,Dynamo Stavropol,russia_league_rosters_0.27,BDFutbol 1993 squad; identity/position audit v0.27,https://www.bdfutbol.com/en/t/t1993-9422021.html,1994,Right Back,Dynamo Stavropol,russia_1993_explicit_identity_gate,,Gorbachev,,,9496796.jpg,40,55,JPEG,RGB,pending_identity_profile
9496825,Gorelov,,Gorelov,,,,,DEL,9315011,Lokomotiv Nizhny Novgorod,russia_league_rosters_0.27,BDFutbol 1993 squad; identity/position audit v0.27,https://www.bdfutbol.com/en/t/t1993-9422016.html,1994,Centre Forward,Lokomotiv Nizhny Novgorod,russia_1993_explicit_identity_gate,,Gorelov,,,9496825.jpg,40,55,JPEG,RGB,pending_identity_profile
9496685,Gorkov,,Gorkov,,,,,DEL,9315004,Lokomotiv Moskva,russia_league_rosters_0.27,BDFutbol 1993 squad; identity/position audit v0.27,https://www.bdfutbol.com/en/t/t1993-9410040.html,1994,Left Winger,Lokomotiv Moskva,russia_1993_explicit_identity_gate,,Gorkov,,,9496685.jpg,40,55,JPEG,RGB,pending_identity_profile
9496208,Gorter,,Gorter,,,3,,DEL,9352004,Lommel,belgium_league_rosters_0.25,BDFutbol 1993-94 squad page; identity/position audit v0.25,https://www.bdfutbol.com/en/t/t1993-9411701.html,1994,Left Winger,Lommel,belgium_1993_94_identity_gate,,Gorter,,,9496208.jpg,40,55,JPEG,RGB,pending_identity_profile
9496007,Graeme Rutjes,Graeme,Rutjes,,,3,,DEF,415,Anderlecht,belgium_league_rosters_0.25,BDFutbol 1993-94 squad page; identity/position audit v0.25,https://www.bdfutbol.com/en/t/t1993-9410015.html,1994,Centre Back,Anderlecht,belgium_1993_94_identity_gate,,Graeme Rutjes,46192,https://www.bdfutbol.com/en/j/j46192.html,9496007.jpg,40,55,JPEG,RGB,ready_for_download
9495163,Graham Arnold,Graham,Arnold,,1963-08-03T00:00:00,15,,DEL,9352005,RFC Liège,verified_1993_national_pools_0.22,BDFutbol 1993-94 squad page; identity/position audit v0.25,https://www.bdfutbol.com/en/t/t1993-9410266.html,1994,Centre Forward,RFC Liège,belgium_1993_94_identity_gate,9495163,Graham Arnold,,,9495163.jpg,40,55,JPEG,RGB,pending_identity_profile
9496832,Gribov,,Gribov,,,,,DEF,9315012,Krylia Sovetov,russia_league_rosters_0.27,BDFutbol 1993 squad; identity/position audit v0.27,https://www.bdfutbol.com/en/t/t1993-9410800.html,1994,Right Back,Krylia Sovetov,russia_1993_explicit_identity_gate,,Gribov,,,9496832.jpg,40,55,JPEG,RGB,pending_identity_profile
9496381,Grischko,,Grischko,,,,,POR,9357002,Trabzonspor,turkey_league_rosters_0.26,BDFutbol 1993-94 squad; identity/position audit v0.26,https://www.bdfutbol.com/en/t/t1993-9410047.html,1994,Goalkeeper,Trabzonspor,turkey_1993_94_explicit_identity_gate,,Grischko,,,9496381.jpg,40,55,JPEG,RGB,pending_identity_profile
9496749,Grishin,,Grishin,,,,,MED,9315007,CSKA Moskva,russia_league_rosters_0.27,BDFutbol 1993 squad; identity/position audit v0.27,https://www.bdfutbol.com/en/t/t1993-9410030.html,1994,Left Midfielder,CSKA Moskva,russia_1993_explicit_identity_gate,,Grishin,,,9496749.jpg,40,55,JPEG,RGB,pending_identity_profile
9496630,Gritsenko,,Gritsenko,,,,,POR,9315001,Rotor Volgograd,russia_league_rosters_0.27,BDFutbol 1993 squad; identity/position audit v0.27,https://www.bdfutbol.com/en/t/t1993-9411034.html,1994,Goalkeeper,Rotor Volgograd,russia_1993_explicit_identity_gate,,Gritsenko,,,9496630.jpg,40,55,JPEG,RGB,pending_identity_profile
9496809,Grunichev,,Grunichev,,,,,DEL,9315010,Dynamo Stavropol,russia_league_rosters_0.27,BDFutbol 1993 squad; identity/position audit v0.27,https://www.bdfutbol.com/en/t/t1993-9422021.html,1994,Right Winger,Dynamo Stavropol,russia_1993_explicit_identity_gate,,Grunichev,,,9496809.jpg,40,55,JPEG,RGB,pending_identity_profile
9496869,Grytsan,,Grytsan,,,,,DEF,9315014,Okean Nakhodka,russia_league_rosters_0.27,BDFutbol 1993 squad; identity/position audit v0.27,https://www.bdfutbol.com/en/t/t1993-9422022.html,1994,Centre Back,Okean Nakhodka,russia_1993_explicit_identity_gate,,Grytsan,,,9496869.jpg,40,55,JPEG,RGB,pending_identity_profile
9496897,Gubaz,,Gubaz,,,,,MED,9315015,Rostselmash,russia_league_rosters_0.27,BDFutbol 1993 squad; identity/position audit v0.27,https://www.bdfutbol.com/en/t/t1993-9410748.html,1994,Defensive Midfielder,Rostselmash,russia_1993_explicit_identity_gate,,Gubaz,,,9496897.jpg,40,55,JPEG,RGB,pending_identity_profile
9496878,Gulenkov,,Gulenkov,,,,,POR,9315014,Okean Nakhodka,russia_league_rosters_0.27,BDFutbol 1993 squad; identity/position audit v0.27,https://www.bdfutbol.com/en/t/t1993-9422022.html,1994,Goalkeeper,Okean Nakhodka,russia_1993_explicit_identity_gate,,Gulenkov,,,9496878.jpg,40,55,JPEG,RGB,pending_identity_profile
9496061,Gulyás,,Gulyás,,,93,,POR,454,Charleroi,belgium_league_rosters_0.25,BDFutbol 1993-94 squad page; identity/position audit v0.25,https://www.bdfutbol.com/en/t/t1993-9410718.html,1994,Goalkeeper,Charleroi,belgium_1993_94_identity_gate,,Gulyás,,,9496061.jpg,40,55,JPEG,RGB,pending_identity_profile
9496328,Gunther Schepens,Gunther,Schepens,,,,,DEF,456,Gent,belgium_league_rosters_0.25,BDFutbol 1993-94 squad page; identity/position audit v0.25,https://www.bdfutbol.com/en/t/t1993-9410090.html,1994,Right Back,Gent,belgium_1993_94_identity_gate,,Gunther Schepens,98424,https://www.bdfutbol.com/en/j/j98424.html,9496328.jpg,40,55,JPEG,RGB,ready_for_download
9496498,Gusev,,Gusev,,,,,DEL,9357008,Altay,turkey_league_rosters_0.26,BDFutbol 1993-94 squad; identity/position audit v0.26,https://www.bdfutbol.com/en/t/t1993-9411414.html,1994,Centre Forward,Altay,turkey_1993_94_explicit_identity_gate,,Gusev,,,9496498.jpg,40,55,JPEG,RGB,pending_identity_profile
9496742,Gushchin,,Gushchin,,,,,DEF,9315007,CSKA Moskva,russia_league_rosters_0.27,BDFutbol 1993 squad; identity/position audit v0.27,https://www.bdfutbol.com/en/t/t1993-9410030.html,1994,Right Back,CSKA Moskva,russia_1993_explicit_identity_gate,,Gushchin,,,9496742.jpg,40,55,JPEG,RGB,pending_identity_profile
9496752,Guteev,,Guteev,,,,,POR,9315007,CSKA Moskva,russia_league_rosters_0.27,BDFutbol 1993 squad; identity/position audit v0.27,https://www.bdfutbol.com/en/t/t1993-9410030.html,1994,Goalkeeper,CSKA Moskva,russia_1993_explicit_identity_gate,,Guteev,,,9496752.jpg,40,55,JPEG,RGB,pending_identity_profile
9496003,Guy Marchoul,Guy,Marchoul,,,,,DEF,415,Anderlecht,belgium_league_rosters_0.25,BDFutbol 1993-94 squad page; identity/position audit v0.25,https://www.bdfutbol.com/en/t/t1993-9410015.html,1994,Right Back,Anderlecht,belgium_1993_94_identity_gate,,Guy Marchoul,42447,https://www.bdfutbol.com/en/j/j42447.html,9496003.jpg,40,55,JPEG,RGB,ready_for_download
9496060,Gérard,,Gérard,,,,,DEF,454,Charleroi,belgium_league_rosters_0.25,BDFutbol 1993-94 squad page; identity/position audit v0.25,https://www.bdfutbol.com/en/t/t1993-9410718.html,1994,Right Back,Charleroi,belgium_1993_94_identity_gate,,Gérard,,,9496060.jpg,40,55,JPEG,RGB,pending_identity_profile
9496253,Gérard,,Gérard,,,,,DEL,908,Oostende,belgium_league_rosters_0.25,BDFutbol 1993-94 squad page; identity/position audit v0.25,https://www.bdfutbol.com/en/t/t1993-9410949.html,1994,Left Winger,Oostende,belgium_1993_94_identity_gate,,Gérard,,,9496253.jpg,40,55,JPEG,RGB,pending_identity_profile
9496604,Görgülü,,Görgülü,,,,,DEL,9357014,Sarıyer,turkey_league_rosters_0.26,BDFutbol 1993-94 squad; identity/position audit v0.26,https://www.bdfutbol.com/en/t/t1993-949024.html,1994,Centre Forward,Sarıyer,turkey_1993_94_explicit_identity_gate,,Görgülü,,,9496604.jpg,40,55,JPEG,RGB,pending_identity_profile
9496435,Gültang,,Gültang,,,,,POR,9357005,Gençlerbirliği,turkey_league_rosters_0.26,BDFutbol 1993-94 squad; identity/position audit v0.26,https://www.bdfutbol.com/en/t/t1993-9410358.html,1994,Goalkeeper,Gençlerbirliği,turkey_1993_94_explicit_identity_gate,,Gültang,,,9496435.jpg,40,55,JPEG,RGB,pending_identity_profile
9496546,Gündoğdu,,Gündoğdu,,,,,MED,9357011,Zeytinburnuspor,turkey_league_rosters_0.26,BDFutbol 1993-94 squad; identity/position audit v0.26,https://www.bdfutbol.com/en/t/t1993-949025.html,1994,Right Midfielder,Zeytinburnuspor,turkey_1993_94_explicit_identity_gate,,Gündoğdu,,,9496546.jpg,40,55,JPEG,RGB,pending_identity_profile
9496485,Gündüz,,Gündüz,,,,,DEF,9357007,Bursaspor,turkey_league_rosters_0.26,BDFutbol 1993-94 squad; identity/position audit v0.26,https://www.bdfutbol.com/en/t/t1993-9410247.html,1994,Centre Back,Bursaspor,turkey_1993_94_explicit_identity_gate,,Gündüz,,,9496485.jpg,40,55,JPEG,RGB,pending_identity_profile
9496508,Günes,,Günes,,,,,DEF,9357009,Ankaragücü,turkey_league_rosters_0.26,BDFutbol 1993-94 squad; identity/position audit v0.26,https://www.bdfutbol.com/en/t/t1993-9410353.html,1994,Centre Back,Ankaragücü,turkey_1993_94_explicit_identity_gate,,Günes,,,9496508.jpg,40,55,JPEG,RGB,pending_identity_profile
9496582,Güneş,,Güneş,,,,,MED,9357013,Karşıyaka,turkey_league_rosters_0.26,BDFutbol 1993-94 squad; identity/position audit v0.26,https://www.bdfutbol.com/en/t/t1993-949026.html,1994,Right Midfielder,Karşıyaka,turkey_1993_94_explicit_identity_gate,,Güneş,,,9496582.jpg,40,55,JPEG,RGB,pending_identity_profile
9496429,Gürbüztürk,,Gürbüztürk,,,,,DEF,9357004,Kocaelispor,turkey_league_rosters_0.26,BDFutbol 1993-94 squad; identity/position audit v0.26,https://www.bdfutbol.com/en/t/t1993-9410861.html,1994,Centre Back,Kocaelispor,turkey_1993_94_explicit_identity_gate,,Gürbüztürk,,,9496429.jpg,40,55,JPEG,RGB,pending_identity_profile
9496407,Gürsu,,Gürsu,,,,,MED,9357003,Samsunspor,turkey_league_rosters_0.26,BDFutbol 1993-94 squad; identity/position audit v0.26,https://www.bdfutbol.com/en/t/t1993-9411698.html,1994,Centre Midfielder,Samsunspor,turkey_1993_94_explicit_identity_gate,,Gürsu,,,9496407.jpg,40,55,JPEG,RGB,pending_identity_profile
9496605,Güzeltepe,,Güzeltepe,,,,,DEL,9357014,Sarıyer,turkey_league_rosters_0.26,BDFutbol 1993-94 squad; identity/position audit v0.26,https://www.bdfutbol.com/en/t/t1993-949024.html,1994,Centre Forward,Sarıyer,turkey_1993_94_explicit_identity_gate,,Güzeltepe,,,9496605.jpg,40,55,JPEG,RGB,pending_identity_profile
9496274,Habets,,Habets,,,,,MED,9352005,RFC Liège,belgium_league_rosters_0.25,BDFutbol 1993-94 squad page; identity/position audit v0.25,https://www.bdfutbol.com/en/t/t1993-9410266.html,1994,Defensive Midfielder,RFC Liège,belgium_1993_94_identity_gate,,Habets,,,9496274.jpg,40,55,JPEG,RGB,pending_identity_profile
9496152,Halmai,,Halmai,,,93,,DEL,9352003,Germinal Ekeren,belgium_league_rosters_0.25,BDFutbol 1993-94 squad page; identity/position audit v0.25,https://www.bdfutbol.com/en/t/t1993-9411039.html,1994,Centre Forward,Germinal Ekeren,belgium_1993_94_identity_gate,,Halmai,,,9496152.jpg,40,55,JPEG,RGB,pending_identity_profile
9496045,Hanganu,,Hanganu,,,72,,MED,455,Cercle Brugge,belgium_league_rosters_0.25,BDFutbol 1993-94 squad page; identity/position audit v0.25,https://www.bdfutbol.com/en/t/t1993-9410785.html,1994,Right Midfielder,Cercle Brugge,belgium_1993_94_identity_gate,,Hanganu,,,9496045.jpg,40,55,JPEG,RGB,pending_identity_profile
9496571,Haraoui,,Haraoui,,,,,DEL,9357012,Karabükspor,turkey_league_rosters_0.26,BDFutbol 1993-94 squad; identity/position audit v0.26,https://www.bdfutbol.com/en/t/t1993-9410744.html,1994,Centre Forward,Karabükspor,turkey_1993_94_explicit_identity_gate,,Haraoui,,,9496571.jpg,40,55,JPEG,RGB,pending_identity_profile
9496570,Hasançebi,,Hasançebi,,,,,POR,9357012,Karabükspor,turkey_league_rosters_0.26,BDFutbol 1993-94 squad; identity/position audit v0.26,https://www.bdfutbol.com/en/t/t1993-9410744.html,1994,Goalkeeper,Karabükspor,turkey_1993_94_explicit_identity_gate,,Hasançebi,,,9496570.jpg,40,55,JPEG,RGB,pending_identity_profile
9496313,Hellers,,Hellers,,,,,MED,409,Standard Liège,belgium_league_rosters_0.25,BDFutbol 1993-94 squad page; identity/position audit v0.25,https://www.bdfutbol.com/en/t/t1993-9410012.html,1994,Left Midfielder,Standard Liège,belgium_1993_94_identity_gate,,Hellers,,,9496313.jpg,40,55,JPEG,RGB,pending_identity_profile
9496209,Hendrikx,,Hendrikx,,,,,DEL,9352004,Lommel,belgium_league_rosters_0.25,BDFutbol 1993-94 squad page; identity/position audit v0.25,https://www.bdfutbol.com/en/t/t1993-9411701.html,1994,Left Winger,Lommel,belgium_1993_94_identity_gate,,Hendrikx,,,9496209.jpg,40,55,JPEG,RGB,pending_identity_profile
9496275,Henry,,Henry,,,,,DEF,9352005,RFC Liège,belgium_league_rosters_0.25,BDFutbol 1993-94 squad page; identity/position audit v0.25,https://www.bdfutbol.com/en/t/t1993-9410266.html,1994,Centre Back,RFC Liège,belgium_1993_94_identity_gate,,Henry,,,9496275.jpg,40,55,JPEG,RGB,pending_identity_profile
9496129,Herreman,,Herreman,,,,,DEF,456,Gent,belgium_league_rosters_0.25,BDFutbol 1993-94 squad page; identity/position audit v0.25,https://www.bdfutbol.com/en/t/t1993-9410090.html,1994,Centre Back,Gent,belgium_1993_94_identity_gate,,Herreman,,,9496129.jpg,40,55,JPEG,RGB,pending_identity_profile
9496189,Heylen,,Heylen,,,,,MED,851,Lierse,belgium_league_rosters_0.25,BDFutbol 1993-94 squad page; identity/position audit v0.25,https://www.bdfutbol.com/en/t/t1993-9410070.html,1994,Centre Midfielder,Lierse,belgium_1993_94_identity_gate,,Heylen,,,9496189.jpg,40,55,JPEG,RGB,pending_identity_profile
9496019,Heymans,,Heymans,,,,,MED,9352002,Beveren,belgium_league_rosters_0.25,BDFutbol 1993-94 squad page; identity/position audit v0.25,https://www.bdfutbol.com/en/t/t1993-9412039.html,1994,Defensive Midfielder,Beveren,belgium_1993_94_identity_gate,,Heymans,,,9496019.jpg,40,55,JPEG,RGB,pending_identity_profile
9496086,Houben,,Houben,,,,,DEL,9352001,FC Seraing,belgium_league_rosters_0.25,BDFutbol 1993-94 squad page; identity/position audit v0.25,https://www.bdfutbol.com/en/t/t1993-9412101.html,1994,Right Winger,FC Seraing,belgium_1993_94_identity_gate,,Houben,,,9496086.jpg,40,55,JPEG,RGB,pending_identity_profile
9496173,Hulsmans,,Hulsmans,,,,,DEL,459,KV Mechelen,belgium_league_rosters_0.25,BDFutbol 1993-94 squad page; identity/position audit v0.25,https://www.bdfutbol.com/en/t/t1993-9411101.html,1994,Left Winger,KV Mechelen,belgium_1993_94_identity_gate,,Hulsmans,,,9496173.jpg,40,55,JPEG,RGB,pending_identity_profile
9496520,Hut,,Hut,,,,,MED,9357009,Ankaragücü,turkey_league_rosters_0.26,BDFutbol 1993-94 squad; identity/position audit v0.26,https://www.bdfutbol.com/en/t/t1993-9410353.html,1994,Defensive Midfielder,Ankaragücü,turkey_1993_94_explicit_identity_gate,,Hut,,,9496520.jpg,40,55,JPEG,RGB,pending_identity_profile
9496190,Huysmans,,Huysmans,,,,,DEL,851,Lierse,belgium_league_rosters_0.25,BDFutbol 1993-94 squad page; identity/position audit v0.25,https://www.bdfutbol.com/en/t/t1993-9410070.html,1994,Centre Forward,Lierse,belgium_1993_94_identity_gate,,Huysmans,,,9496190.jpg,40,55,JPEG,RGB,pending_identity_profile
9496342,Huysmans,,Huysmans,,,,,POR,466,Waregem,belgium_league_rosters_0.25,BDFutbol 1993-94 squad page; identity/position audit v0.25,https://www.bdfutbol.com/en/t/t1993-9410295.html,1994,Goalkeeper,Waregem,belgium_1993_94_identity_gate,,Huysmans,,,9496342.jpg,40,55,JPEG,RGB,pending_identity_profile
9496541,Ibrahimović,,Ibrahimović,,,,,POR,9357011,Zeytinburnuspor,turkey_league_rosters_0.26,BDFutbol 1993-94 squad; identity/position audit v0.26,https://www.bdfutbol.com/en/t/t1993-949025.html,1994,Goalkeeper,Zeytinburnuspor,turkey_1993_94_explicit_identity_gate,,Ibrahimović,,,9496541.jpg,40,55,JPEG,RGB,pending_identity_profile
9496856,Ignatenko,,Ignatenko,,,,,MED,9315013,Luch Vladivostok,russia_league_rosters_0.27,BDFutbol 1993 squad; identity/position audit v0.27,https://www.bdfutbol.com/en/t/t1993-9422002.html,1994,Centre Midfielder,Luch Vladivostok,russia_1993_explicit_identity_gate,,Ignatenko,,,9496856.jpg,40,55,JPEG,RGB,pending_identity_profile
9496503,Iliev,,Iliev,,,,,DEL,9357008,Altay,turkey_league_rosters_0.26,BDFutbol 1993-94 squad; identity/position audit v0.26,https://www.bdfutbol.com/en/t/t1993-9411414.html,1994,Right Winger,Altay,turkey_1993_94_explicit_identity_gate,,Iliev,,,9496503.jpg,40,55,JPEG,RGB,pending_identity_profile
9496670,Iljin,,Iljin,,,,,MED,9315003,Tekstilshchik Kamyshin,russia_league_rosters_0.27,BDFutbol 1993 squad; identity/position audit v0.27,https://www.bdfutbol.com/en/t/t1993-9411094.html,1994,Attacking Midfielder,Tekstilshchik Kamyshin,russia_1993_explicit_identity_gate,,Iljin,,,9496670.jpg,40,55,JPEG,RGB,pending_identity_profile
9496773,Iljin,,Iljin,,,,,MED,9315008,KAMAZ,russia_league_rosters_0.27,BDFutbol 1993 squad; identity/position audit v0.27,https://www.bdfutbol.com/en/t/t1993-9411710.html,1994,Attacking Midfielder,KAMAZ,russia_1993_explicit_identity_gate,,Iljin,,,9496773.jpg,40,55,JPEG,RGB,pending_identity_profile
9495172,Isaac Asare,Isaac,Asare,,1974-09-01T00:00:00,42,,MED,415,Anderlecht,verified_1993_national_pools_0.22,BDFutbol 1993-94 squad page; identity/position audit v0.25,https://www.bdfutbol.com/en/t/t1993-9410015.html,1994,Defensive Midfielder,Anderlecht,belgium_1993_94_identity_gate,9495172,Isaac Asare,99947,https://www.bdfutbol.com/en/j/j99947.html,9495172.jpg,40,55,JPEG,RGB,bundled_normalized_bdfutbol
9496694,Isaev,,Isaev,,,,,MED,9315005,Spartak Vladikavkaz,russia_league_rosters_0.27,BDFutbol 1993 squad; identity/position audit v0.27,https://www.bdfutbol.com/en/t/t1993-9410778.html,1994,Centre Midfielder,Spartak Vladikavkaz,russia_1993_explicit_identity_gate,,Isaev,,,9496694.jpg,40,55,JPEG,RGB,pending_identity_profile
9496087,Isaias,,Isaias,,,,,MED,9352001,FC Seraing,belgium_league_rosters_0.25,BDFutbol 1993-94 squad page; identity/position audit v0.25,https://www.bdfutbol.com/en/t/t1993-9412101.html,1994,Centre Midfielder,FC Seraing,belgium_1993_94_identity_gate,,Isaias,,,9496087.jpg,40,55,JPEG,RGB,pending_identity_profile
9496210,Isumgampala,,Isumgampala,,,,,MED,9352004,Lommel,belgium_league_rosters_0.25,BDFutbol 1993-94 squad page; identity/position audit v0.25,https://www.bdfutbol.com/en/t/t1993-9411701.html,1994,Defensive Midfielder,Lommel,belgium_1993_94_identity_gate,,Isumgampala,,,9496210.jpg,40,55,JPEG,RGB,pending_identity_profile
9496614,Ivanov,,Ivanov,,,,,DEF,617,Spartak Moskva,russia_league_rosters_0.27,BDFutbol 1993 squad; identity/position audit v0.27,https://www.bdfutbol.com/en/t/t1993-9410023.html,1994,Centre Back,Spartak Moskva,russia_1993_explicit_identity_gate,,Ivanov,,,9496614.jpg,40,55,JPEG,RGB,pending_identity_profile
9496753,Ivanov,,Ivanov,,,,,DEL,9315007,CSKA Moskva,russia_league_rosters_0.27,BDFutbol 1993 squad; identity/position audit v0.27,https://www.bdfutbol.com/en/t/t1993-9410030.html,1994,Centre Forward,CSKA Moskva,russia_1993_explicit_identity_gate,,Ivanov,,,9496753.jpg,40,55,JPEG,RGB,pending_identity_profile
9496853,Ivanov,,Ivanov,,,,,DEF,9315013,Luch Vladivostok,russia_league_rosters_0.27,BDFutbol 1993 squad; identity/position audit v0.27,https://www.bdfutbol.com/en/t/t1993-9422002.html,1994,Left Back,Luch Vladivostok,russia_1993_explicit_identity_gate,,Ivanov,,,9496853.jpg,40,55,JPEG,RGB,pending_identity_profile
9496449,Işık,,Işık,,,,,DEL,9357005,Gençlerbirliği,turkey_league_rosters_0.26,BDFutbol 1993-94 squad; identity/position audit v0.26,https://www.bdfutbol.com/en/t/t1993-9410358.html,1994,Left Winger,Gençlerbirliği,turkey_1993_94_explicit_identity_gate,,Işık,,,9496449.jpg,40,55,JPEG,RGB,pending_identity_profile
9496230,Jacob,,Jacob,,,,,MED,9352006,Molenbeek,belgium_league_rosters_0.25,BDFutbol 1993-94 squad page; identity/position audit v0.25,https://www.bdfutbol.com/en/t/t1993-9410067.html,1994,Centre Midfielder,Molenbeek,belgium_1993_94_identity_gate,,Jacob,,,9496230.jpg,40,55,JPEG,RGB,pending_identity_profile
9496231,Jacobs,,Jacobs,,,,,DEF,9352006,Molenbeek,belgium_league_rosters_0.25,BDFutbol 1993-94 squad page; identity/position audit v0.25,https://www.bdfutbol.com/en/t/t1993-9410067.html,1994,Centre Back,Molenbeek,belgium_1993_94_identity_gate,,Jacobs,,,9496231.jpg,40,55,JPEG,RGB,pending_identity_profile
9496062,Jacquemart,,Jacquemart,,,,,DEL,454,Charleroi,belgium_league_rosters_0.25,BDFutbol 1993-94 squad page; identity/position audit v0.25,https://www.bdfutbol.com/en/t/t1993-9410718.html,1994,Centre Forward,Charleroi,belgium_1993_94_identity_gate,,Jacquemart,,,9496062.jpg,40,55,JPEG,RGB,pending_identity_profile
9496292,Jakovljević,,Jakovljević,,,75,,MED,1032,Royal Antwerp,belgium_league_rosters_0.25,BDFutbol 1993-94 squad page; identity/position audit v0.25,https://www.bdfutbol.com/en/t/t1993-9410010.html,1994,Attacking Midfielder,Royal Antwerp,belgium_1993_94_identity_gate,,Jakovljević,,,9496292.jpg,40,55,JPEG,RGB,pending_identity_profile
9496063,Janevski,,Janevski,,,75,,MED,454,Charleroi,belgium_league_rosters_0.25,BDFutbol 1993-94 squad page; identity/position audit v0.25,https://www.bdfutbol.com/en/t/t1993-9410718.html,1994,Right Midfielder,Charleroi,belgium_1993_94_identity_gate,,Janevski,,,9496063.jpg,40,55,JPEG,RGB,pending_identity_profile
9496254,Janik,,Janik,,,,,MED,908,Oostende,belgium_league_rosters_0.25,BDFutbol 1993-94 squad page; identity/position audit v0.25,https://www.bdfutbol.com/en/t/t1993-9410949.html,1994,Centre Midfielder,Oostende,belgium_1993_94_identity_gate,,Janik,,,9496254.jpg,40,55,JPEG,RGB,pending_identity_profile
9496174,Janssen,,Janssen,,,,,DEF,459,KV Mechelen,belgium_league_rosters_0.25,BDFutbol 1993-94 squad page; identity/position audit v0.25,https://www.bdfutbol.com/en/t/t1993-9411101.html,1994,Right Back,KV Mechelen,belgium_1993_94_identity_gate,,Janssen,,,9496174.jpg,40,55,JPEG,RGB,pending_identity_profile
9496020,Janssens,,Janssens,,,,,DEF,9352002,Beveren,belgium_league_rosters_0.25,BDFutbol 1993-94 squad page; identity/position audit v0.25,https://www.bdfutbol.com/en/t/t1993-9412039.html,1994,Right Back,Beveren,belgium_1993_94_identity_gate,,Janssens,,,9496020.jpg,40,55,JPEG,RGB,pending_identity_profile
9496153,Janssens,,Janssens,,,,,MED,9352003,Germinal Ekeren,belgium_league_rosters_0.25,BDFutbol 1993-94 squad page; identity/position audit v0.25,https://www.bdfutbol.com/en/t/t1993-9411039.html,1994,Right Midfielder,Germinal Ekeren,belgium_1993_94_identity_gate,,Janssens,,,9496153.jpg,40,55,JPEG,RGB,pending_identity_profile
9496324,Jean-Marie Abeels,Jean-Marie,Abeels,,,,,MED,466,Waregem,belgium_league_rosters_0.25,BDFutbol 1993-94 squad page; identity/position audit v0.25,https://www.bdfutbol.com/en/t/t1993-9410295.html,1994,Right Midfielder,Waregem,belgium_1993_94_identity_gate,,Jean-Marie Abeels,,,9496324.jpg,40,55,JPEG,RGB,pending_identity_profile
9494244,John Bosman,John,Bosman,,1965-02-01T00:00:00,3,,DEL,415,Anderlecht,,BDFutbol 1993-94 squad page; identity/position audit v0.25,https://www.bdfutbol.com/en/t/t1993-9410015.html,1994,Centre Forward,Anderlecht,belgium_1993_94_identity_gate,9494244,John Bosman,,,9494244.jpg,40,55,JPEG,RGB,pending_identity_profile
9496154,Jussila,,Jussila,,,41,,DEF,9352003,Germinal Ekeren,belgium_league_rosters_0.25,BDFutbol 1993-94 squad page; identity/position audit v0.25,https://www.bdfutbol.com/en/t/t1993-9411039.html,1994,Right Back,Germinal Ekeren,belgium_1993_94_identity_gate,,Jussila,,,9496154.jpg,40,55,JPEG,RGB,pending_identity_profile
9496703,Kachmazov,,Kachmazov,,,,,MED,9315005,Spartak Vladikavkaz,russia_league_rosters_0.27,BDFutbol 1993 squad; identity/position audit v0.27,https://www.bdfutbol.com/en/t/t1993-9410778.html,1994,Attacking Midfielder,Spartak Vladikavkaz,russia_1993_explicit_identity_gate,,Kachmazov,,,9496703.jpg,40,55,JPEG,RGB,pending_identity_profile
9496590,Kahraman,,Kahraman,,,,,MED,9357013,Karşıyaka,turkey_league_rosters_0.26,BDFutbol 1993-94 squad; identity/position audit v0.26,https://www.bdfutbol.com/en/t/t1993-949026.html,1994,Defensive Midfielder,Karşıyaka,turkey_1993_94_explicit_identity_gate,,Kahraman,,,9496590.jpg,40,55,JPEG,RGB,pending_identity_profile
9496565,Kalaycı,,Kalaycı,,,,,MED,9357012,Karabükspor,turkey_league_rosters_0.26,BDFutbol 1993-94 squad; identity/position audit v0.26,https://www.bdfutbol.com/en/t/t1993-9410744.html,1994,Centre Midfielder,Karabükspor,turkey_1993_94_explicit_identity_gate,,Kalaycı,,,9496565.jpg,40,55,JPEG,RGB,pending_identity_profile
9496860,Kalinin,,Kalinin,,,,,POR,9315013,Luch Vladivostok,russia_league_rosters_0.27,BDFutbol 1993 squad; identity/position audit v0.27,https://www.bdfutbol.com/en/t/t1993-9422002.html,1994,Goalkeeper,Luch Vladivostok,russia_1993_explicit_identity_gate,,Kalinin,,,9496860.jpg,40,55,JPEG,RGB,pending_identity_profile
9496641,Kalitvintsev,,Kalitvintsev,,,,,MED,9315002,Dynamo Moskva,russia_league_rosters_0.27,BDFutbol 1993 squad; identity/position audit v0.27,https://www.bdfutbol.com/en/t/t1993-9410165.html,1994,Centre Midfielder,Dynamo Moskva,russia_1993_explicit_identity_gate,,Kalitvintsev,,,9496641.jpg,40,55,JPEG,RGB,pending_identity_profile
9496915,Kamnev,,Kamnev,,,,,DEF,9315016,Asmaral Moskva,russia_league_rosters_0.27,BDFutbol 1993 squad; identity/position audit v0.27,https://www.bdfutbol.com/en/t/t1993-9422023.html,1994,Centre Back,Asmaral Moskva,russia_1993_explicit_identity_gate,,Kamnev,,,9496915.jpg,40,55,JPEG,RGB,pending_identity_profile
9496591,Kanatlarovski,,Kanatlarovski,,,,,MED,9357013,Karşıyaka,turkey_league_rosters_0.26,BDFutbol 1993-94 squad; identity/position audit v0.26,https://www.bdfutbol.com/en/t/t1993-949026.html,1994,Left Midfielder,Karşıyaka,turkey_1993_94_explicit_identity_gate,,Kanatlarovski,,,9496591.jpg,40,55,JPEG,RGB,pending_identity_profile
9496371,Kanburoğlu,,Kanburoğlu,,,,,DEF,9357001,Fenerbahçe,turkey_league_rosters_0.26,BDFutbol 1993-94 squad; identity/position audit v0.26,https://www.bdfutbol.com/en/t/t1993-9410178.html,1994,Centre Back,Fenerbahçe,turkey_1993_94_explicit_identity_gate,,Kanburoğlu,,,9496371.jpg,40,55,JPEG,RGB,pending_identity_profile
9496548,Kanca,,Kanca,,,,,MED,9357011,Zeytinburnuspor,turkey_league_rosters_0.26,BDFutbol 1993-94 squad; identity/position audit v0.26,https://www.bdfutbol.com/en/t/t1993-949025.html,1994,Centre Midfielder,Zeytinburnuspor,turkey_1993_94_explicit_identity_gate,,Kanca,,,9496548.jpg,40,55,JPEG,RGB,pending_identity_profile
9496602,Kaplan,,Kaplan,,,,,MED,9357014,Sarıyer,turkey_league_rosters_0.26,BDFutbol 1993-94 squad; identity/position audit v0.26,https://www.bdfutbol.com/en/t/t1993-949024.html,1994,Centre Midfielder,Sarıyer,turkey_1993_94_explicit_identity_gate,,Kaplan,,,9496602.jpg,40,55,JPEG,RGB,pending_identity_profile
9496427,Kara,,Kara,,,,,DEL,9357004,Kocaelispor,turkey_league_rosters_0.26,BDFutbol 1993-94 squad; identity/position audit v0.26,https://www.bdfutbol.com/en/t/t1993-9410861.html,1994,Centre Forward,Kocaelispor,turkey_1993_94_explicit_identity_gate,,Kara,,,9496427.jpg,40,55,JPEG,RGB,pending_identity_profile
9496452,Kara,,Kara,,,,,MED,9357005,Gençlerbirliği,turkey_league_rosters_0.26,BDFutbol 1993-94 squad; identity/position audit v0.26,https://www.bdfutbol.com/en/t/t1993-9410358.html,1994,Defensive Midfielder,Gençlerbirliği,turkey_1993_94_explicit_identity_gate,,Kara,,,9496452.jpg,40,55,JPEG,RGB,pending_identity_profile
9496088,Karagiannis,,Karagiannis,,,47,,MED,9352001,FC Seraing,belgium_league_rosters_0.25,BDFutbol 1993-94 squad page; identity/position audit v0.25,https://www.bdfutbol.com/en/t/t1993-9412101.html,1994,Centre Midfielder,FC Seraing,belgium_1993_94_identity_gate,,Karagiannis,,,9496088.jpg,40,55,JPEG,RGB,pending_identity_profile
9496493,Karapınar,,Karapınar,,,,,MED,9357008,Altay,turkey_league_rosters_0.26,BDFutbol 1993-94 squad; identity/position audit v0.26,https://www.bdfutbol.com/en/t/t1993-9411414.html,1994,Right Midfielder,Altay,turkey_1993_94_explicit_identity_gate,,Karapınar,,,9496493.jpg,40,55,JPEG,RGB,pending_identity_profile
9496467,Karaçam,,Karaçam,,,,,MED,9357006,Gaziantepspor,turkey_league_rosters_0.26,BDFutbol 1993-94 squad; identity/position audit v0.26,https://www.bdfutbol.com/en/t/t1993-9410300.html,1994,Right Midfielder,Gaziantepspor,turkey_1993_94_explicit_identity_gate,,Karaçam,,,9496467.jpg,40,55,JPEG,RGB,pending_identity_profile
9496130,Karačić,,Karačić,,,31,,MED,456,Gent,belgium_league_rosters_0.25,BDFutbol 1993-94 squad page; identity/position audit v0.25,https://www.bdfutbol.com/en/t/t1993-9410090.html,1994,Left Midfielder,Gent,belgium_1993_94_identity_gate,,Karačić,,,9496130.jpg,40,55,JPEG,RGB,pending_identity_profile
9496666,Karpenko,,Karpenko,,,,,DEF,9315003,Tekstilshchik Kamyshin,russia_league_rosters_0.27,BDFutbol 1993 squad; identity/position audit v0.27,https://www.bdfutbol.com/en/t/t1993-9411094.html,1994,Centre Back,Tekstilshchik Kamyshin,russia_1993_explicit_identity_gate,,Karpenko,,,9496666.jpg,40,55,JPEG,RGB,pending_identity_profile
9496748,Karsakov,,Karsakov,,,,,MED,9315007,CSKA Moskva,russia_league_rosters_0.27,BDFutbol 1993 squad; identity/position audit v0.27,https://www.bdfutbol.com/en/t/t1993-9410030.html,1994,Centre Midfielder,CSKA Moskva,russia_1993_explicit_identity_gate,,Karsakov,,,9496748.jpg,40,55,JPEG,RGB,pending_identity_profile
9496111,Katana,,Katana,,,,,DEF,462,Genk,belgium_league_rosters_0.25,BDFutbol 1993-94 squad page; identity/position audit v0.25,https://www.bdfutbol.com/en/t/t1993-9410201.html,1994,Centre Back,Genk,belgium_1993_94_identity_gate,,Katana,,,9496111.jpg,40,55,JPEG,RGB,pending_identity_profile
9496495,Kayalar,,Kayalar,,,,,MED,9357008,Altay,turkey_league_rosters_0.26,BDFutbol 1993-94 squad; identity/position audit v0.26,https://www.bdfutbol.com/en/t/t1993-9411414.html,1994,Centre Midfielder,Altay,turkey_1993_94_explicit_identity_gate,,Kayalar,,,9496495.jpg,40,55,JPEG,RGB,pending_identity_profile
9496516,Kayan,,Kayan,,,,,POR,9357009,Ankaragücü,turkey_league_rosters_0.26,BDFutbol 1993-94 squad; identity/position audit v0.26,https://www.bdfutbol.com/en/t/t1993-9410353.html,1994,Goalkeeper,Ankaragücü,turkey_1993_94_explicit_identity_gate,,Kayan,,,9496516.jpg,40,55,JPEG,RGB,pending_identity_profile
9496501,Kaymaz,,Kaymaz,,,,,MED,9357008,Altay,turkey_league_rosters_0.26,BDFutbol 1993-94 squad; identity/position audit v0.26,https://www.bdfutbol.com/en/t/t1993-9411414.html,1994,Right Midfielder,Altay,turkey_1993_94_explicit_identity_gate,,Kaymaz,,,9496501.jpg,40,55,JPEG,RGB,pending_identity_profile
9496384,Kaynak,,Kaynak,,,,,MED,9357002,Trabzonspor,turkey_league_rosters_0.26,BDFutbol 1993-94 squad; identity/position audit v0.26,https://www.bdfutbol.com/en/t/t1993-9410047.html,1994,Left Midfielder,Trabzonspor,turkey_1993_94_explicit_identity_gate,,Kaynak,,,9496384.jpg,40,55,JPEG,RGB,pending_identity_profile
9496818,Kazakov,,Kazakov,,,,,MED,9315011,Lokomotiv Nizhny Novgorod,russia_league_rosters_0.27,BDFutbol 1993 squad; identity/position audit v0.27,https://www.bdfutbol.com/en/t/t1993-9422016.html,1994,Right Midfielder,Lokomotiv Nizhny Novgorod,russia_1993_explicit_identity_gate,,Kazakov,,,9496818.jpg,40,55,JPEG,RGB,pending_identity_profile
9496232,Kepa,,Kepa,,,,,DEF,9352006,Molenbeek,belgium_league_rosters_0.25,BDFutbol 1993-94 squad page; identity/position audit v0.25,https://www.bdfutbol.com/en/t/t1993-9410067.html,1994,Centre Back,Molenbeek,belgium_1993_94_identity_gate,,Kepa,,,9496232.jpg,40,55,JPEG,RGB,pending_identity_profile
9496583,Kepoğlu,,Kepoğlu,,,,,MED,9357013,Karşıyaka,turkey_league_rosters_0.26,BDFutbol 1993-94 squad; identity/position audit v0.26,https://www.bdfutbol.com/en/t/t1993-949026.html,1994,Centre Midfielder,Karşıyaka,turkey_1993_94_explicit_identity_gate,,Kepoğlu,,,9496583.jpg,40,55,JPEG,RGB,pending_identity_profile
9496064,Kerremans,,Kerremans,,,,,POR,454,Charleroi,belgium_league_rosters_0.25,BDFutbol 1993-94 squad page; identity/position audit v0.25,https://www.bdfutbol.com/en/t/t1993-9410718.html,1994,Goalkeeper,Charleroi,belgium_1993_94_identity_gate,,Kerremans,,,9496064.jpg,40,55,JPEG,RGB,pending_identity_profile
9496255,Keshinro,,Keshinro,,,,,DEL,908,Oostende,belgium_league_rosters_0.25,BDFutbol 1993-94 squad page; identity/position audit v0.25,https://www.bdfutbol.com/en/t/t1993-9410949.html,1994,Centre Forward,Oostende,belgium_1993_94_identity_gate,,Keshinro,,,9496255.jpg,40,55,JPEG,RGB,pending_identity_profile
9496155,Keïta,,Keïta,,,,,MED,9352003,Germinal Ekeren,belgium_league_rosters_0.25,BDFutbol 1993-94 squad page; identity/position audit v0.25,https://www.bdfutbol.com/en/t/t1993-9411039.html,1994,Right Midfielder,Germinal Ekeren,belgium_1993_94_identity_gate,,Keïta,,,9496155.jpg,40,55,JPEG,RGB,pending_identity_profile
9496786,Khagba,,Khagba,,,,,DEL,9315009,Zhemchuzhina Sochi,russia_league_rosters_0.27,BDFutbol 1993 squad; identity/position audit v0.27,https://www.bdfutbol.com/en/t/t1993-9422018.html,1994,Centre Forward,Zhemchuzhina Sochi,russia_1993_explicit_identity_gate,,Khagba,,,9496786.jpg,40,55,JPEG,RGB,pending_identity_profile
9496731,Khankeyev,,Khankeyev,,,,,MED,9315006,Uralmash,russia_league_rosters_0.27,BDFutbol 1993 squad; identity/position audit v0.27,https://www.bdfutbol.com/en/t/t1993-9411709.html,1994,Left Midfielder,Uralmash,russia_1993_explicit_identity_gate,,Khankeyev,,,9496731.jpg,40,55,JPEG,RGB,pending_identity_profile
9496844,Kharlachyov,,Kharlachyov,,,,,DEL,9315012,Krylia Sovetov,russia_league_rosters_0.27,BDFutbol 1993 squad; identity/position audit v0.27,https://www.bdfutbol.com/en/t/t1993-9410800.html,1994,Right Winger,Krylia Sovetov,russia_1993_explicit_identity_gate,,Kharlachyov,,,9496844.jpg,40,55,JPEG,RGB,pending_identity_profile
9496740,Khovanskiy,,Khovanskiy,,,,,DEF,9315006,Uralmash,russia_league_rosters_0.27,BDFutbol 1993 squad; identity/position audit v0.27,https://www.bdfutbol.com/en/t/t1993-9411709.html,1994,Centre Back,Uralmash,russia_1993_explicit_identity_gate,,Khovanskiy,,,9496740.jpg,40,55,JPEG,RGB,pending_identity_profile
9496698,Khubetsov,,Khubetsov,,,,,POR,9315005,Spartak Vladikavkaz,russia_league_rosters_0.27,BDFutbol 1993 squad; identity/position audit v0.27,https://www.bdfutbol.com/en/t/t1993-9410778.html,1994,Goalkeeper,Spartak Vladikavkaz,russia_1993_explicit_identity_gate,,Khubetsov,,,9496698.jpg,40,55,JPEG,RGB,pending_identity_profile
9496293,Kiekens,,Kiekens,,,,,MED,1032,Royal Antwerp,belgium_league_rosters_0.25,BDFutbol 1993-94 squad page; identity/position audit v0.25,https://www.bdfutbol.com/en/t/t1993-9410010.html,1994,Right Midfielder,Royal Antwerp,belgium_1993_94_identity_gate,,Kiekens,,,9496293.jpg,40,55,JPEG,RGB,pending_identity_profile
9496276,Kimoni,,Kimoni,,,,,DEF,9352005,RFC Liège,belgium_league_rosters_0.25,BDFutbol 1993-94 squad page; identity/position audit v0.25,https://www.bdfutbol.com/en/t/t1993-9410266.html,1994,Centre Back,RFC Liège,belgium_1993_94_identity_gate,,Kimoni,,,9496276.jpg,40,55,JPEG,RGB,pending_identity_profile
9496277,Kingambo,,Kingambo,,,,,DEL,9352005,RFC Liège,belgium_league_rosters_0.25,BDFutbol 1993-94 squad page; identity/position audit v0.25,https://www.bdfutbol.com/en/t/t1993-9410266.html,1994,Centre Forward,RFC Liège,belgium_1993_94_identity_gate,,Kingambo,,,9496277.jpg,40,55,JPEG,RGB,pending_identity_profile
9496829,Kireev,,Kireev,,,,,DEL,9315011,Lokomotiv Nizhny Novgorod,russia_league_rosters_0.27,BDFutbol 1993 squad; identity/position audit v0.27,https://www.bdfutbol.com/en/t/t1993-9422016.html,1994,Centre Forward,Lokomotiv Nizhny Novgorod,russia_1993_explicit_identity_gate,,Kireev,,,9496829.jpg,40,55,JPEG,RGB,pending_identity_profile
9496550,Kiremitçi,,Kiremitçi,,,,,DEL,9357011,Zeytinburnuspor,turkey_league_rosters_0.26,BDFutbol 1993-94 squad; identity/position audit v0.26,https://www.bdfutbol.com/en/t/t1993-949025.html,1994,Centre Forward,Zeytinburnuspor,turkey_1993_94_explicit_identity_gate,,Kiremitçi,,,9496550.jpg,40,55,JPEG,RGB,pending_identity_profile
9496587,Kiremitçi,,Kiremitçi,,,,,DEL,9357013,Karşıyaka,turkey_league_rosters_0.26,BDFutbol 1993-94 squad; identity/position audit v0.26,https://www.bdfutbol.com/en/t/t1993-949026.html,1994,Centre Forward,Karşıyaka,turkey_1993_94_explicit_identity_gate,,Kiremitçi,,,9496587.jpg,40,55,JPEG,RGB,pending_identity_profile
9494197,Kjetil Rekdal,Kjetil,Rekdal,,1968-11-06T00:00:00,60,,MED,851,Lierse,,BDFutbol 1993-94 squad page; identity/position audit v0.25,https://www.bdfutbol.com/en/t/t1993-9410070.html,1994,Centre Midfielder,Lierse,belgium_1993_94_identity_gate,9494197,Kjetil Rekdal,,,9494197.jpg,40,55,JPEG,RGB,pending_identity_profile
9496637,Kleymenov,,Kleymenov,,,,,POR,9315002,Dynamo Moskva,russia_league_rosters_0.27,BDFutbol 1993 squad; identity/position audit v0.27,https://www.bdfutbol.com/en/t/t1993-9410165.html,1994,Goalkeeper,Dynamo Moskva,russia_1993_explicit_identity_gate,,Kleymenov,,,9496637.jpg,40,55,JPEG,RGB,pending_identity_profile
9496760,Klontsak,,Klontsak,,,,,DEF,9315008,KAMAZ,russia_league_rosters_0.27,BDFutbol 1993 squad; identity/position audit v0.27,https://www.bdfutbol.com/en/t/t1993-9411710.html,1994,Right Back,KAMAZ,russia_1993_explicit_identity_gate,,Klontsak,,,9496760.jpg,40,55,JPEG,RGB,pending_identity_profile
9496910,Klyuev,,Klyuev,,,,,MED,9315016,Asmaral Moskva,russia_league_rosters_0.27,BDFutbol 1993 squad; identity/position audit v0.27,https://www.bdfutbol.com/en/t/t1993-9422023.html,1994,Centre Midfielder,Asmaral Moskva,russia_1993_explicit_identity_gate,,Klyuev,,,9496910.jpg,40,55,JPEG,RGB,pending_identity_profile
9496552,Kocakara,,Kocakara,,,,,POR,9357011,Zeytinburnuspor,turkey_league_rosters_0.26,BDFutbol 1993-94 squad; identity/position audit v0.26,https://www.bdfutbol.com/en/t/t1993-949025.html,1994,Goalkeeper,Zeytinburnuspor,turkey_1993_94_explicit_identity_gate,,Kocakara,,,9496552.jpg,40,55,JPEG,RGB,pending_identity_profile
9496876,Kokarev,,Kokarev,,,,,DEL,9315014,Okean Nakhodka,russia_league_rosters_0.27,BDFutbol 1993 squad; identity/position audit v0.27,https://www.bdfutbol.com/en/t/t1993-9422022.html,1994,Centre Forward,Okean Nakhodka,russia_1993_explicit_identity_gate,,Kokarev,,,9496876.jpg,40,55,JPEG,RGB,pending_identity_profile
9496883,Kokoev,,Kokoev,,,,,POR,9315014,Okean Nakhodka,russia_league_rosters_0.27,BDFutbol 1993 squad; identity/position audit v0.27,https://www.bdfutbol.com/en/t/t1993-9422022.html,1994,Goalkeeper,Okean Nakhodka,russia_1993_explicit_identity_gate,,Kokoev,,,9496883.jpg,40,55,JPEG,RGB,pending_identity_profile
9496769,Kolesov,,Kolesov,,,,,DEL,9315008,KAMAZ,russia_league_rosters_0.27,BDFutbol 1993 squad; identity/position audit v0.27,https://www.bdfutbol.com/en/t/t1993-9411710.html,1994,Centre Forward,KAMAZ,russia_1993_explicit_identity_gate,,Kolesov,,,9496769.jpg,40,55,JPEG,RGB,pending_identity_profile
9496755,Kolotovkin,,Kolotovkin,,,,,DEF,9315007,CSKA Moskva,russia_league_rosters_0.27,BDFutbol 1993 squad; identity/position audit v0.27,https://www.bdfutbol.com/en/t/t1993-9410030.html,1994,Centre Back,CSKA Moskva,russia_1993_explicit_identity_gate,,Kolotovkin,,,9496755.jpg,40,55,JPEG,RGB,pending_identity_profile
9496402,Koloğlu,,Koloğlu,,,,,DEF,9357003,Samsunspor,turkey_league_rosters_0.26,BDFutbol 1993-94 squad; identity/position audit v0.26,https://www.bdfutbol.com/en/t/t1993-9411698.html,1994,Centre Back,Samsunspor,turkey_1993_94_explicit_identity_gate,,Koloğlu,,,9496402.jpg,40,55,JPEG,RGB,pending_identity_profile
9496456,Komphela,,Komphela,,,,,DEF,9357006,Gaziantepspor,turkey_league_rosters_0.26,BDFutbol 1993-94 squad; identity/position audit v0.26,https://www.bdfutbol.com/en/t/t1993-9410300.html,1994,Centre Back,Gaziantepspor,turkey_1993_94_explicit_identity_gate,,Komphela,,,9496456.jpg,40,55,JPEG,RGB,pending_identity_profile
9496514,Konya,,Konya,,,,,DEL,9357009,Ankaragücü,turkey_league_rosters_0.26,BDFutbol 1993-94 squad; identity/position audit v0.26,https://www.bdfutbol.com/en/t/t1993-9410353.html,1994,Centre Forward,Ankaragücü,turkey_1993_94_explicit_identity_gate,,Konya,,,9496514.jpg,40,55,JPEG,RGB,pending_identity_profile
9496802,Kopylov,,Kopylov,,,,,MED,9315010,Dynamo Stavropol,russia_league_rosters_0.27,BDFutbol 1993 squad; identity/position audit v0.27,https://www.bdfutbol.com/en/t/t1993-9422021.html,1994,Centre Midfielder,Dynamo Stavropol,russia_1993_explicit_identity_gate,,Kopylov,,,9496802.jpg,40,55,JPEG,RGB,pending_identity_profile
9496404,Korkmaz,,Korkmaz,,,,,DEF,9357003,Samsunspor,turkey_league_rosters_0.26,BDFutbol 1993-94 squad; identity/position audit v0.26,https://www.bdfutbol.com/en/t/t1993-9411698.html,1994,Left Back,Samsunspor,turkey_1993_94_explicit_identity_gate,,Korkmaz,,,9496404.jpg,40,55,JPEG,RGB,pending_identity_profile
9496409,Korkmaz,,Korkmaz,,,,,DEL,9357003,Samsunspor,turkey_league_rosters_0.26,BDFutbol 1993-94 squad; identity/position audit v0.26,https://www.bdfutbol.com/en/t/t1993-9411698.html,1994,Centre Forward,Samsunspor,turkey_1993_94_explicit_identity_gate,,Korkmaz,,,9496409.jpg,40,55,JPEG,RGB,pending_identity_profile
9496412,Korkmaz,,Korkmaz,,,,,MED,9357003,Samsunspor,turkey_league_rosters_0.26,BDFutbol 1993-94 squad; identity/position audit v0.26,https://www.bdfutbol.com/en/t/t1993-9411698.html,1994,Left Midfielder,Samsunspor,turkey_1993_94_explicit_identity_gate,,Korkmaz,,,9496412.jpg,40,55,JPEG,RGB,pending_identity_profile
9496803,Korneev,,Korneev,,,,,MED,9315010,Dynamo Stavropol,russia_league_rosters_0.27,BDFutbol 1993 squad; identity/position audit v0.27,https://www.bdfutbol.com/en/t/t1993-9422021.html,1994,Left Midfielder,Dynamo Stavropol,russia_1993_explicit_identity_gate,,Korneev,,,9496803.jpg,40,55,JPEG,RGB,pending_identity_profile
9496676,Kosolapov,,Kosolapov,,,,,MED,9315004,Lokomotiv Moskva,russia_league_rosters_0.27,BDFutbol 1993 squad; identity/position audit v0.27,https://www.bdfutbol.com/en/t/t1993-9410040.html,1994,Centre Midfielder,Lokomotiv Moskva,russia_1993_explicit_identity_gate,,Kosolapov,,,9496676.jpg,40,55,JPEG,RGB,pending_identity_profile
9496692,Kostin,,Kostin,,,,,MED,9315005,Spartak Vladikavkaz,russia_league_rosters_0.27,BDFutbol 1993 squad; identity/position audit v0.27,https://www.bdfutbol.com/en/t/t1993-9410778.html,1994,Right Midfielder,Spartak Vladikavkaz,russia_1993_explicit_identity_gate,,Kostin,,,9496692.jpg,40,55,JPEG,RGB,pending_identity_profile
9496631,Kovalenko,,Kovalenko,,,,,MED,9315001,Rotor Volgograd,russia_league_rosters_0.27,BDFutbol 1993 squad; identity/position audit v0.27,https://www.bdfutbol.com/en/t/t1993-9411034.html,1994,Attacking Midfielder,Rotor Volgograd,russia_1993_explicit_identity_gate,,Kovalenko,,,9496631.jpg,40,55,JPEG,RGB,pending_identity_profile
9496919,Kovalenko,,Kovalenko,,,,,POR,9315016,Asmaral Moskva,russia_league_rosters_0.27,BDFutbol 1993 squad; identity/position audit v0.27,https://www.bdfutbol.com/en/t/t1993-9422023.html,1994,Goalkeeper,Asmaral Moskva,russia_1993_explicit_identity_gate,,Kovalenko,,,9496919.jpg,40,55,JPEG,RGB,pending_identity_profile
9496771,Kovalev,,Kovalev,,,,,MED,9315008,KAMAZ,russia_league_rosters_0.27,BDFutbol 1993 squad; identity/position audit v0.27,https://www.bdfutbol.com/en/t/t1993-9411710.html,1994,Centre Midfielder,KAMAZ,russia_1993_explicit_identity_gate,,Kovalev,,,9496771.jpg,40,55,JPEG,RGB,pending_identity_profile
9496156,Kovács,,Kovács,,,,,DEL,9352003,Germinal Ekeren,belgium_league_rosters_0.25,BDFutbol 1993-94 squad page; identity/position audit v0.25,https://www.bdfutbol.com/en/t/t1993-9411039.html,1994,Right Winger,Germinal Ekeren,belgium_1993_94_identity_gate,,Kovács,,,9496156.jpg,40,55,JPEG,RGB,pending_identity_profile
9496294,Kovács,,Kovács,,,,,DEL,1032,Royal Antwerp,belgium_league_rosters_0.25,BDFutbol 1993-94 squad page; identity/position audit v0.25,https://www.bdfutbol.com/en/t/t1993-9410010.html,1994,Centre Forward,Royal Antwerp,belgium_1993_94_identity_gate,,Kovács,,,9496294.jpg,40,55,JPEG,RGB,pending_identity_profile
9496884,Kozlov,,Kozlov,,,,,MED,9315014,Okean Nakhodka,russia_league_rosters_0.27,BDFutbol 1993 squad; identity/position audit v0.27,https://www.bdfutbol.com/en/t/t1993-9422022.html,1994,Attacking Midfielder,Okean Nakhodka,russia_1993_explicit_identity_gate,,Kozlov,,,9496884.jpg,40,55,JPEG,RGB,pending_identity_profile
9496651,Kramarenko,,Kramarenko,,,,,POR,9315002,Dynamo Moskva,russia_league_rosters_0.27,BDFutbol 1993 squad; identity/position audit v0.27,https://www.bdfutbol.com/en/t/t1993-9410165.html,1994,Goalkeeper,Dynamo Moskva,russia_1993_explicit_identity_gate,,Kramarenko,,,9496651.jpg,40,55,JPEG,RGB,pending_identity_profile
9496758,Krbashyan,,Krbashyan,,,,,MED,9315007,CSKA Moskva,russia_league_rosters_0.27,BDFutbol 1993 squad; identity/position audit v0.27,https://www.bdfutbol.com/en/t/t1993-9410030.html,1994,Left Midfielder,CSKA Moskva,russia_1993_explicit_identity_gate,,Krbashyan,,,9496758.jpg,40,55,JPEG,RGB,pending_identity_profile
9496904,Krestobintsev,,Krestobintsev,,,,,DEF,9315016,Asmaral Moskva,russia_league_rosters_0.27,BDFutbol 1993 squad; identity/position audit v0.27,https://www.bdfutbol.com/en/t/t1993-9422023.html,1994,Right Back,Asmaral Moskva,russia_1993_explicit_identity_gate,,Krestobintsev,,,9496904.jpg,40,55,JPEG,RGB,pending_identity_profile
9496647,Krutov,,Krutov,,,,,DEF,9315002,Dynamo Moskva,russia_league_rosters_0.27,BDFutbol 1993 squad; identity/position audit v0.27,https://www.bdfutbol.com/en/t/t1993-9410165.html,1994,Left Back,Dynamo Moskva,russia_1993_explicit_identity_gate,,Krutov,,,9496647.jpg,40,55,JPEG,RGB,pending_identity_profile
9496664,Krykanov,,Krykanov,,,,,POR,9315003,Tekstilshchik Kamyshin,russia_league_rosters_0.27,BDFutbol 1993 squad; identity/position audit v0.27,https://www.bdfutbol.com/en/t/t1993-9411094.html,1994,Goalkeeper,Tekstilshchik Kamyshin,russia_1993_explicit_identity_gate,,Krykanov,,,9496664.jpg,40,55,JPEG,RGB,pending_identity_profile
9496885,Kryukov,,Kryukov,,,,,POR,9315015,Rostselmash,russia_league_rosters_0.27,BDFutbol 1993 squad; identity/position audit v0.27,https://www.bdfutbol.com/en/t/t1993-9410748.html,1994,Goalkeeper,Rostselmash,russia_1993_explicit_identity_gate,,Kryukov,,,9496885.jpg,40,55,JPEG,RGB,pending_identity_profile
9496343,Krüzen,,Krüzen,,,3,,MED,466,Waregem,belgium_league_rosters_0.25,BDFutbol 1993-94 squad page; identity/position audit v0.25,https://www.bdfutbol.com/en/t/t1993-9410295.html,1994,Left Midfielder,Waregem,belgium_1993_94_identity_gate,,Krüzen,,,9496343.jpg,40,55,JPEG,RGB,pending_identity_profile
9496408,Kubat,,Kubat,,,,,DEL,9357003,Samsunspor,turkey_league_rosters_0.26,BDFutbol 1993-94 squad; identity/position audit v0.26,https://www.bdfutbol.com/en/t/t1993-9411698.html,1994,Centre Forward,Samsunspor,turkey_1993_94_explicit_identity_gate,,Kubat,,,9496408.jpg,40,55,JPEG,RGB,pending_identity_profile
9496295,Kulcsar,,Kulcsar,,,93,,MED,1032,Royal Antwerp,belgium_league_rosters_0.25,BDFutbol 1993-94 squad page; identity/position audit v0.25,https://www.bdfutbol.com/en/t/t1993-9410010.html,1994,Right Midfielder,Royal Antwerp,belgium_1993_94_identity_gate,,Kulcsar,,,9496295.jpg,40,55,JPEG,RGB,pending_identity_profile
9496455,Kumbasar,,Kumbasar,,,,,DEF,9357006,Gaziantepspor,turkey_league_rosters_0.26,BDFutbol 1993-94 squad; identity/position audit v0.26,https://www.bdfutbol.com/en/t/t1993-9410300.html,1994,Centre Back,Gaziantepspor,turkey_1993_94_explicit_identity_gate,,Kumbasar,,,9496455.jpg,40,55,JPEG,RGB,pending_identity_profile
9496815,Kurayev,,Kurayev,,,,,DEF,9315011,Lokomotiv Nizhny Novgorod,russia_league_rosters_0.27,BDFutbol 1993 squad; identity/position audit v0.27,https://www.bdfutbol.com/en/t/t1993-9422016.html,1994,Centre Back,Lokomotiv Nizhny Novgorod,russia_1993_explicit_identity_gate,,Kurayev,,,9496815.jpg,40,55,JPEG,RGB,pending_identity_profile
9496393,Kurtulmuş,,Kurtulmuş,,,,,POR,644,Beşiktaş,turkey_league_rosters_0.26,BDFutbol 1993-94 squad; identity/position audit v0.26,https://www.bdfutbol.com/en/t/t1993-9410031.html,1994,Goalkeeper,Beşiktaş,turkey_1993_94_explicit_identity_gate,,Kurtulmuş,,,9496393.jpg,40,55,JPEG,RGB,pending_identity_profile
9496131,Kurtuluş,,Kurtuluş,,,,,MED,456,Gent,belgium_league_rosters_0.25,BDFutbol 1993-94 squad page; identity/position audit v0.25,https://www.bdfutbol.com/en/t/t1993-9410090.html,1994,Left Midfielder,Gent,belgium_1993_94_identity_gate,,Kurtuluş,,,9496131.jpg,40,55,JPEG,RGB,pending_identity_profile
9496419,Kuzmanovski,,Kuzmanovski,,,,,DEF,9357004,Kocaelispor,turkey_league_rosters_0.26,BDFutbol 1993-94 squad; identity/position audit v0.26,https://www.bdfutbol.com/en/t/t1993-9410861.html,1994,Centre Back,Kocaelispor,turkey_1993_94_explicit_identity_gate,,Kuzmanovski,,,9496419.jpg,40,55,JPEG,RGB,pending_identity_profile
9496817,Kuzmin,,Kuzmin,,,,,DEF,9315011,Lokomotiv Nizhny Novgorod,russia_league_rosters_0.27,BDFutbol 1993 squad; identity/position audit v0.27,https://www.bdfutbol.com/en/t/t1993-9422016.html,1994,Left Back,Lokomotiv Nizhny Novgorod,russia_1993_explicit_identity_gate,,Kuzmin,,,9496817.jpg,40,55,JPEG,RGB,pending_identity_profile
9496588,Küçüktaka,,Küçüktaka,,,,,DEF,9357013,Karşıyaka,turkey_league_rosters_0.26,BDFutbol 1993-94 squad; identity/position audit v0.26,https://www.bdfutbol.com/en/t/t1993-949026.html,1994,Centre Back,Karşıyaka,turkey_1993_94_explicit_identity_gate,,Küçüktaka,,,9496588.jpg,40,55,JPEG,RGB,pending_identity_profile
9496432,Kıldıran,,Kıldıran,,,,,MED,9357004,Kocaelispor,turkey_league_rosters_0.26,BDFutbol 1993-94 squad; identity/position audit v0.26,https://www.bdfutbol.com/en/t/t1993-9410861.html,1994,Right Midfielder,Kocaelispor,turkey_1993_94_explicit_identity_gate,,Kıldıran,,,9496432.jpg,40,55,JPEG,RGB,pending_identity_profile
9496487,Kılıç,,Kılıç,,,,,MED,9357007,Bursaspor,turkey_league_rosters_0.26,BDFutbol 1993-94 squad; identity/position audit v0.26,https://www.bdfutbol.com/en/t/t1993-9410247.html,1994,Defensive Midfielder,Bursaspor,turkey_1993_94_explicit_identity_gate,,Kılıç,,,9496487.jpg,40,55,JPEG,RGB,pending_identity_profile
9496528,Kılıç,,Kılıç,,,,,MED,9357010,Kayserispor,turkey_league_rosters_0.26,BDFutbol 1993-94 squad; identity/position audit v0.26,https://www.bdfutbol.com/en/t/t1993-9410432.html,1994,Right Midfielder,Kayserispor,turkey_1993_94_explicit_identity_gate,,Kılıç,,,9496528.jpg,40,55,JPEG,RGB,pending_identity_profile
9496555,Kılıç,,Kılıç,,,,,MED,9357011,Zeytinburnuspor,turkey_league_rosters_0.26,BDFutbol 1993-94 squad; identity/position audit v0.26,https://www.bdfutbol.com/en/t/t1993-949025.html,1994,Defensive Midfielder,Zeytinburnuspor,turkey_1993_94_explicit_identity_gate,,Kılıç,,,9496555.jpg,40,55,JPEG,RGB,pending_identity_profile
9496492,Kırtoğlu,,Kırtoğlu,,,,,DEF,9357008,Altay,turkey_league_rosters_0.26,BDFutbol 1993-94 squad; identity/position audit v0.26,https://www.bdfutbol.com/en/t/t1993-9411414.html,1994,Left Back,Altay,turkey_1993_94_explicit_identity_gate,,Kırtoğlu,,,9496492.jpg,40,55,JPEG,RGB,pending_identity_profile
9496575,Kıvanç,,Kıvanç,,,,,POR,9357012,Karabükspor,turkey_league_rosters_0.26,BDFutbol 1993-94 squad; identity/position audit v0.26,https://www.bdfutbol.com/en/t/t1993-9410744.html,1994,Goalkeeper,Karabükspor,turkey_1993_94_explicit_identity_gate,,Kıvanç,,,9496575.jpg,40,55,JPEG,RGB,pending_identity_profile
9496233,Laeremans,,Laeremans,,,,,DEF,9352006,Molenbeek,belgium_league_rosters_0.25,BDFutbol 1993-94 squad page; identity/position audit v0.25,https://www.bdfutbol.com/en/t/t1993-9410067.html,1994,Right Back,Molenbeek,belgium_1993_94_identity_gate,,Laeremans,,,9496233.jpg,40,55,JPEG,RGB,pending_identity_profile
9496234,Laeremans,,Laeremans,,,,,MED,9352006,Molenbeek,belgium_league_rosters_0.25,BDFutbol 1993-94 squad page; identity/position audit v0.25,https://www.bdfutbol.com/en/t/t1993-9410067.html,1994,Right Midfielder,Molenbeek,belgium_1993_94_identity_gate,,Laeremans,,,9496234.jpg,40,55,JPEG,RGB,pending_identity_profile
9496046,Lamaire,,Lamaire,,,,,DEF,455,Cercle Brugge,belgium_league_rosters_0.25,BDFutbol 1993-94 squad page; identity/position audit v0.25,https://www.bdfutbol.com/en/t/t1993-9410785.html,1994,Right Back,Cercle Brugge,belgium_1993_94_identity_gate,,Lamaire,,,9496046.jpg,40,55,JPEG,RGB,pending_identity_profile
9496191,Lankhaar,,Lankhaar,,,3,,MED,851,Lierse,belgium_league_rosters_0.25,BDFutbol 1993-94 squad page; identity/position audit v0.25,https://www.bdfutbol.com/en/t/t1993-9410070.html,1994,Centre Midfielder,Lierse,belgium_1993_94_identity_gate,,Lankhaar,,,9496191.jpg,40,55,JPEG,RGB,pending_identity_profile
9496314,Lashaf,,Lashaf,,,,,DEF,409,Standard Liège,belgium_league_rosters_0.25,BDFutbol 1993-94 squad page; identity/position audit v0.25,https://www.bdfutbol.com/en/t/t1993-9410012.html,1994,Centre Back,Standard Liège,belgium_1993_94_identity_gate,,Lashaf,,,9496314.jpg,40,55,JPEG,RGB,pending_identity_profile
9496047,Lauwers,,Lauwers,,,,,DEL,455,Cercle Brugge,belgium_league_rosters_0.25,BDFutbol 1993-94 squad page; identity/position audit v0.25,https://www.bdfutbol.com/en/t/t1993-9410785.html,1994,Centre Forward,Cercle Brugge,belgium_1993_94_identity_gate,,Lauwers,,,9496047.jpg,40,55,JPEG,RGB,pending_identity_profile
9496296,Lavigne,,Lavigne,,,,,DEF,1032,Royal Antwerp,belgium_league_rosters_0.25,BDFutbol 1993-94 squad page; identity/position audit v0.25,https://www.bdfutbol.com/en/t/t1993-9410010.html,1994,Centre Back,Royal Antwerp,belgium_1993_94_identity_gate,,Lavigne,,,9496296.jpg,40,55,JPEG,RGB,pending_identity_profile
9496089,Lawarée,,Lawarée,,,,,DEF,9352001,FC Seraing,belgium_league_rosters_0.25,BDFutbol 1993-94 squad page; identity/position audit v0.25,https://www.bdfutbol.com/en/t/t1993-9412101.html,1994,Right Back,FC Seraing,belgium_1993_94_identity_gate,,Lawarée,,,9496089.jpg,40,55,JPEG,RGB,pending_identity_profile
9496559,Layiç,,Layiç,,,,,POR,9357012,Karabükspor,turkey_league_rosters_0.26,BDFutbol 1993-94 squad; identity/position audit v0.26,https://www.bdfutbol.com/en/t/t1993-9410744.html,1994,Goalkeeper,Karabükspor,turkey_1993_94_explicit_identity_gate,,Layiç,,,9496559.jpg,40,55,JPEG,RGB,pending_identity_profile
9496865,Lebedev,,Lebedev,,,,,DEL,9315013,Luch Vladivostok,russia_league_rosters_0.27,BDFutbol 1993 squad; identity/position audit v0.27,https://www.bdfutbol.com/en/t/t1993-9422002.html,1994,Left Winger,Luch Vladivostok,russia_1993_explicit_identity_gate,,Lebedev,,,9496865.jpg,40,55,JPEG,RGB,pending_identity_profile
9496278,Lecomte,,Lecomte,,,,,POR,9352005,RFC Liège,belgium_league_rosters_0.25,BDFutbol 1993-94 squad page; identity/position audit v0.25,https://www.bdfutbol.com/en/t/t1993-9410266.html,1994,Goalkeeper,RFC Liège,belgium_1993_94_identity_gate,,Lecomte,,,9496278.jpg,40,55,JPEG,RGB,pending_identity_profile
9496723,Ledovskikh,,Ledovskikh,,,,,POR,9315006,Uralmash,russia_league_rosters_0.27,BDFutbol 1993 squad; identity/position audit v0.27,https://www.bdfutbol.com/en/t/t1993-9411709.html,1994,Goalkeeper,Uralmash,russia_1993_explicit_identity_gate,,Ledovskikh,,,9496723.jpg,40,55,JPEG,RGB,pending_identity_profile
9496783,Ledovskikh,,Ledovskikh,,,,,MED,9315009,Zhemchuzhina Sochi,russia_league_rosters_0.27,BDFutbol 1993 squad; identity/position audit v0.27,https://www.bdfutbol.com/en/t/t1993-9422018.html,1994,Centre Midfielder,Zhemchuzhina Sochi,russia_1993_explicit_identity_gate,,Ledovskikh,,,9496783.jpg,40,55,JPEG,RGB,pending_identity_profile
9496175,Leen,,Leen,,,,,DEF,459,KV Mechelen,belgium_league_rosters_0.25,BDFutbol 1993-94 squad page; identity/position audit v0.25,https://www.bdfutbol.com/en/t/t1993-9411101.html,1994,Left Back,KV Mechelen,belgium_1993_94_identity_gate,,Leen,,,9496175.jpg,40,55,JPEG,RGB,pending_identity_profile
9496297,Lehnhoff,,Lehnhoff,,,4,,MED,1032,Royal Antwerp,belgium_league_rosters_0.25,BDFutbol 1993-94 squad page; identity/position audit v0.25,https://www.bdfutbol.com/en/t/t1993-9410010.html,1994,Centre Midfielder,Royal Antwerp,belgium_1993_94_identity_gate,,Lehnhoff,,,9496297.jpg,40,55,JPEG,RGB,pending_identity_profile
9496298,Lembi,,Lembi,,,,,MED,1032,Royal Antwerp,belgium_league_rosters_0.25,BDFutbol 1993-94 squad page; identity/position audit v0.25,https://www.bdfutbol.com/en/t/t1993-9410010.html,1994,Attacking Midfielder,Royal Antwerp,belgium_1993_94_identity_gate,,Lembi,,,9496298.jpg,40,55,JPEG,RGB,pending_identity_profile
9496279,Lenglois,,Lenglois,,,,,DEL,9352005,RFC Liège,belgium_league_rosters_0.25,BDFutbol 1993-94 squad page; identity/position audit v0.25,https://www.bdfutbol.com/en/t/t1993-9410266.html,1994,Centre Forward,RFC Liège,belgium_1993_94_identity_gate,,Lenglois,,,9496279.jpg,40,55,JPEG,RGB,pending_identity_profile
9496894,Leonchenko,,Leonchenko,,,,,DEL,9315015,Rostselmash,russia_league_rosters_0.27,BDFutbol 1993 squad; identity/position audit v0.27,https://www.bdfutbol.com/en/t/t1993-9410748.html,1994,Centre Forward,Rostselmash,russia_1993_explicit_identity_gate,,Leonchenko,,,9496894.jpg,40,55,JPEG,RGB,pending_identity_profile
9496533,Levent,,Levent,,,,,DEL,9357010,Kayserispor,turkey_league_rosters_0.26,BDFutbol 1993-94 squad; identity/position audit v0.26,https://www.bdfutbol.com/en/t/t1993-9410432.html,1994,Centre Forward,Kayserispor,turkey_1993_94_explicit_identity_gate,,Levent,,,9496533.jpg,40,55,JPEG,RGB,pending_identity_profile
9496021,Lodders,,Lodders,,,,,DEF,9352002,Beveren,belgium_league_rosters_0.25,BDFutbol 1993-94 squad page; identity/position audit v0.25,https://www.bdfutbol.com/en/t/t1993-9412039.html,1994,Left Back,Beveren,belgium_1993_94_identity_gate,,Lodders,,,9496021.jpg,40,55,JPEG,RGB,pending_identity_profile
9496326,Luc Ernès,Luc,Ernès,,,,,DEL,9352005,RFC Liège,belgium_league_rosters_0.25,BDFutbol 1993-94 squad page; identity/position audit v0.25,https://www.bdfutbol.com/en/t/t1993-9410266.html,1994,Left Winger,RFC Liège,belgium_1993_94_identity_gate,,Luc Ernès,,,9496326.jpg,40,55,JPEG,RGB,pending_identity_profile
9496886,Lugovkin,,Lugovkin,,,,,DEF,9315015,Rostselmash,russia_league_rosters_0.27,BDFutbol 1993 squad; identity/position audit v0.27,https://www.bdfutbol.com/en/t/t1993-9410748.html,1994,Right Back,Rostselmash,russia_1993_explicit_identity_gate,,Lugovkin,,,9496886.jpg,40,55,JPEG,RGB,pending_identity_profile
9496539,Lugušić,,Lugušić,,,,,POR,9357010,Kayserispor,turkey_league_rosters_0.26,BDFutbol 1993-94 squad; identity/position audit v0.26,https://www.bdfutbol.com/en/t/t1993-9410432.html,1994,Goalkeeper,Kayserispor,turkey_1993_94_explicit_identity_gate,,Lugušić,,,9496539.jpg,40,55,JPEG,RGB,pending_identity_profile
9496090,Lukaku,,Lukaku,,,,,DEL,9352001,FC Seraing,belgium_league_rosters_0.25,BDFutbol 1993-94 squad page; identity/position audit v0.25,https://www.bdfutbol.com/en/t/t1993-9412101.html,1994,Centre Forward,FC Seraing,belgium_1993_94_identity_gate,,Lukaku,,,9496090.jpg,40,55,JPEG,RGB,pending_identity_profile
9496794,Lushin,,Lushin,,,,,DEL,9315009,Zhemchuzhina Sochi,russia_league_rosters_0.27,BDFutbol 1993 squad; identity/position audit v0.27,https://www.bdfutbol.com/en/t/t1993-9422018.html,1994,Centre Forward,Zhemchuzhina Sochi,russia_1993_explicit_identity_gate,,Lushin,,,9496794.jpg,40,55,JPEG,RGB,pending_identity_profile
9496256,Lycke,,Lycke,,,,,POR,908,Oostende,belgium_league_rosters_0.25,BDFutbol 1993-94 squad page; identity/position audit v0.25,https://www.bdfutbol.com/en/t/t1993-9410949.html,1994,Goalkeeper,Oostende,belgium_1993_94_identity_gate,,Lycke,,,9496256.jpg,40,55,JPEG,RGB,pending_identity_profile
9496315,Léonard,,Léonard,,,,,DEF,409,Standard Liège,belgium_league_rosters_0.25,BDFutbol 1993-94 squad page; identity/position audit v0.25,https://www.bdfutbol.com/en/t/t1993-9410012.html,1994,Centre Back,Standard Liège,belgium_1993_94_identity_gate,,Léonard,,,9496315.jpg,40,55,JPEG,RGB,pending_identity_profile
9496235,Lörincz,,Lörincz,,,93,,DEF,9352006,Molenbeek,belgium_league_rosters_0.25,BDFutbol 1993-94 squad page; identity/position audit v0.25,https://www.bdfutbol.com/en/t/t1993-9410067.html,1994,Centre Back,Molenbeek,belgium_1993_94_identity_gate,,Lörincz,,,9496235.jpg,40,55,JPEG,RGB,pending_identity_profile
9496157,M'Ghoghi,,M'Ghoghi,,,,,MED,9352003,Germinal Ekeren,belgium_league_rosters_0.25,BDFutbol 1993-94 squad page; identity/position audit v0.25,https://www.bdfutbol.com/en/t/t1993-9411039.html,1994,Left Midfielder,Germinal Ekeren,belgium_1993_94_identity_gate,,M'Ghoghi,,,9496157.jpg,40,55,JPEG,RGB,pending_identity_profile
9496211,Machiels,,Machiels,,,,,DEF,9352004,Lommel,belgium_league_rosters_0.25,BDFutbol 1993-94 squad page; identity/position audit v0.25,https://www.bdfutbol.com/en/t/t1993-9411701.html,1994,Left Back,Lommel,belgium_1993_94_identity_gate,,Machiels,,,9496211.jpg,40,55,JPEG,RGB,pending_identity_profile
9496280,Machiels,,Machiels,,,,,DEF,9352005,RFC Liège,belgium_league_rosters_0.25,BDFutbol 1993-94 squad page; identity/position audit v0.25,https://www.bdfutbol.com/en/t/t1993-9410266.html,1994,Centre Back,RFC Liège,belgium_1993_94_identity_gate,,Machiels,,,9496280.jpg,40,55,JPEG,RGB,pending_identity_profile
9496390,Madida,,Madida,,,,,MED,644,Beşiktaş,turkey_league_rosters_0.26,BDFutbol 1993-94 squad; identity/position audit v0.26,https://www.bdfutbol.com/en/t/t1993-9410031.html,1994,Centre Midfielder,Beşiktaş,turkey_1993_94_explicit_identity_gate,,Madida,,,9496390.jpg,40,55,JPEG,RGB,pending_identity_profile
9496257,Maes,,Maes,,,,,DEF,908,Oostende,belgium_league_rosters_0.25,BDFutbol 1993-94 squad page; identity/position audit v0.25,https://www.bdfutbol.com/en/t/t1993-9410949.html,1994,Right Back,Oostende,belgium_1993_94_identity_gate,,Maes,,,9496257.jpg,40,55,JPEG,RGB,pending_identity_profile
9496780,Magomedov,,Magomedov,,,,,DEF,9315009,Zhemchuzhina Sochi,russia_league_rosters_0.27,BDFutbol 1993 squad; identity/position audit v0.27,https://www.bdfutbol.com/en/t/t1993-9422018.html,1994,Centre Back,Zhemchuzhina Sochi,russia_1993_explicit_identity_gate,,Magomedov,,,9496780.jpg,40,55,JPEG,RGB,pending_identity_profile
9496918,Makarov,,Makarov,,,,,MED,9315016,Asmaral Moskva,russia_league_rosters_0.27,BDFutbol 1993 squad; identity/position audit v0.27,https://www.bdfutbol.com/en/t/t1993-9422023.html,1994,Right Midfielder,Asmaral Moskva,russia_1993_explicit_identity_gate,,Makarov,,,9496918.jpg,40,55,JPEG,RGB,pending_identity_profile
9496846,Makeev,,Makeev,,,,,DEF,9315012,Krylia Sovetov,russia_league_rosters_0.27,BDFutbol 1993 squad; identity/position audit v0.27,https://www.bdfutbol.com/en/t/t1993-9410800.html,1994,Right Back,Krylia Sovetov,russia_1993_explicit_identity_gate,,Makeev,,,9496846.jpg,40,55,JPEG,RGB,pending_identity_profile
9496065,Malbaša,,Malbaša,,,75,,DEL,454,Charleroi,belgium_league_rosters_0.25,BDFutbol 1993-94 squad page; identity/position audit v0.25,https://www.bdfutbol.com/en/t/t1993-9410718.html,1994,Centre Forward,Charleroi,belgium_1993_94_identity_gate,,Malbaša,,,9496065.jpg,40,55,JPEG,RGB,pending_identity_profile
9496236,Malcorps,,Malcorps,,,,,DEF,9352006,Molenbeek,belgium_league_rosters_0.25,BDFutbol 1993-94 squad page; identity/position audit v0.25,https://www.bdfutbol.com/en/t/t1993-9410067.html,1994,Centre Back,Molenbeek,belgium_1993_94_identity_gate,,Malcorps,,,9496236.jpg,40,55,JPEG,RGB,pending_identity_profile
9496824,Malisov,,Malisov,,,,,POR,9315011,Lokomotiv Nizhny Novgorod,russia_league_rosters_0.27,BDFutbol 1993 squad; identity/position audit v0.27,https://www.bdfutbol.com/en/t/t1993-9422016.html,1994,Goalkeeper,Lokomotiv Nizhny Novgorod,russia_1993_explicit_identity_gate,,Malisov,,,9496824.jpg,40,55,JPEG,RGB,pending_identity_profile
9496754,Malyukov,,Malyukov,,,,,DEL,9315007,CSKA Moskva,russia_league_rosters_0.27,BDFutbol 1993 squad; identity/position audit v0.27,https://www.bdfutbol.com/en/t/t1993-9410030.html,1994,Left Winger,CSKA Moskva,russia_1993_explicit_identity_gate,,Malyukov,,,9496754.jpg,40,55,JPEG,RGB,pending_identity_profile
9496747,Mamchur,,Mamchur,,,,,MED,9315007,CSKA Moskva,russia_league_rosters_0.27,BDFutbol 1993 squad; identity/position audit v0.27,https://www.bdfutbol.com/en/t/t1993-9410030.html,1994,Centre Midfielder,CSKA Moskva,russia_1993_explicit_identity_gate,,Mamchur,,,9496747.jpg,40,55,JPEG,RGB,pending_identity_profile
9496192,Mampaey,,Mampaey,,,,,POR,851,Lierse,belgium_league_rosters_0.25,BDFutbol 1993-94 squad page; identity/position audit v0.25,https://www.bdfutbol.com/en/t/t1993-9410070.html,1994,Goalkeeper,Lierse,belgium_1993_94_identity_gate,,Mampaey,,,9496192.jpg,40,55,JPEG,RGB,pending_identity_profile
9496619,Manannikov,,Manannikov,,,,,POR,9315001,Rotor Volgograd,russia_league_rosters_0.27,BDFutbol 1993 squad; identity/position audit v0.27,https://www.bdfutbol.com/en/t/t1993-9411034.html,1994,Goalkeeper,Rotor Volgograd,russia_1993_explicit_identity_gate,,Manannikov,,,9496619.jpg,40,55,JPEG,RGB,pending_identity_profile
9496379,Mandıralı,,Mandıralı,,,,,MED,9357002,Trabzonspor,turkey_league_rosters_0.26,BDFutbol 1993-94 squad; identity/position audit v0.26,https://www.bdfutbol.com/en/t/t1993-9410047.html,1994,Left Midfielder,Trabzonspor,turkey_1993_94_explicit_identity_gate,,Mandıralı,,,9496379.jpg,40,55,JPEG,RGB,pending_identity_profile
9496695,Markhel,,Markhel,,,,,MED,9315005,Spartak Vladikavkaz,russia_league_rosters_0.27,BDFutbol 1993 squad; identity/position audit v0.27,https://www.bdfutbol.com/en/t/t1993-9410778.html,1994,Left Midfielder,Spartak Vladikavkaz,russia_1993_explicit_identity_gate,,Markhel,,,9496695.jpg,40,55,JPEG,RGB,pending_identity_profile
9496176,Martens,,Martens,,,,,MED,459,KV Mechelen,belgium_league_rosters_0.25,BDFutbol 1993-94 squad page; identity/position audit v0.25,https://www.bdfutbol.com/en/t/t1993-9411101.html,1994,Left Midfielder,KV Mechelen,belgium_1993_94_identity_gate,,Martens,,,9496176.jpg,40,55,JPEG,RGB,pending_identity_profile
9496875,Martyanov,,Martyanov,,,,,MED,9315014,Okean Nakhodka,russia_league_rosters_0.27,BDFutbol 1993 squad; identity/position audit v0.27,https://www.bdfutbol.com/en/t/t1993-9422022.html,1994,Left Midfielder,Okean Nakhodka,russia_1993_explicit_identity_gate,,Martyanov,,,9496875.jpg,40,55,JPEG,RGB,pending_identity_profile
9496837,Marushko,,Marushko,,,,,MED,9315012,Krylia Sovetov,russia_league_rosters_0.27,BDFutbol 1993 squad; identity/position audit v0.27,https://www.bdfutbol.com/en/t/t1993-9410800.html,1994,Centre Midfielder,Krylia Sovetov,russia_1993_explicit_identity_gate,,Marushko,,,9496837.jpg,40,55,JPEG,RGB,pending_identity_profile
9496743,Mashkarin,,Mashkarin,,,,,DEF,9315007,CSKA Moskva,russia_league_rosters_0.27,BDFutbol 1993 squad; identity/position audit v0.27,https://www.bdfutbol.com/en/t/t1993-9410030.html,1994,Centre Back,CSKA Moskva,russia_1993_explicit_identity_gate,,Mashkarin,,,9496743.jpg,40,55,JPEG,RGB,pending_identity_profile
9496810,Maslov,,Maslov,,,,,DEF,9315010,Dynamo Stavropol,russia_league_rosters_0.27,BDFutbol 1993 squad; identity/position audit v0.27,https://www.bdfutbol.com/en/t/t1993-9422021.html,1994,Centre Back,Dynamo Stavropol,russia_1993_explicit_identity_gate,,Maslov,,,9496810.jpg,40,55,JPEG,RGB,pending_identity_profile
9496812,Maslov,,Maslov,,,,,MED,9315010,Dynamo Stavropol,russia_league_rosters_0.27,BDFutbol 1993 squad; identity/position audit v0.27,https://www.bdfutbol.com/en/t/t1993-9422021.html,1994,Centre Midfielder,Dynamo Stavropol,russia_1993_explicit_identity_gate,,Maslov,,,9496812.jpg,40,55,JPEG,RGB,pending_identity_profile
9496819,Maslyaev,,Maslyaev,,,,,MED,9315011,Lokomotiv Nizhny Novgorod,russia_league_rosters_0.27,BDFutbol 1993 squad; identity/position audit v0.27,https://www.bdfutbol.com/en/t/t1993-9422016.html,1994,Centre Midfielder,Lokomotiv Nizhny Novgorod,russia_1993_explicit_identity_gate,,Maslyaev,,,9496819.jpg,40,55,JPEG,RGB,pending_identity_profile
9496022,Massagie,,Massagie,,,,,DEF,9352002,Beveren,belgium_league_rosters_0.25,BDFutbol 1993-94 squad page; identity/position audit v0.25,https://www.bdfutbol.com/en/t/t1993-9412039.html,1994,Right Back,Beveren,belgium_1993_94_identity_gate,,Massagie,,,9496022.jpg,40,55,JPEG,RGB,pending_identity_profile
9496212,Mathijssen,,Mathijssen,,,,,POR,9352004,Lommel,belgium_league_rosters_0.25,BDFutbol 1993-94 squad page; identity/position audit v0.25,https://www.bdfutbol.com/en/t/t1993-9411701.html,1994,Goalkeeper,Lommel,belgium_1993_94_identity_gate,,Mathijssen,,,9496212.jpg,40,55,JPEG,RGB,pending_identity_profile
9496519,Matveev,,Matveev,,,,,DEF,9357009,Ankaragücü,turkey_league_rosters_0.26,BDFutbol 1993-94 squad; identity/position audit v0.26,https://www.bdfutbol.com/en/t/t1993-9410353.html,1994,Left Back,Ankaragücü,turkey_1993_94_explicit_identity_gate,,Matveev,,,9496519.jpg,40,55,JPEG,RGB,pending_identity_profile
9496738,Matveev,,Matveev,,,,,MED,9315006,Uralmash,russia_league_rosters_0.27,BDFutbol 1993 squad; identity/position audit v0.27,https://www.bdfutbol.com/en/t/t1993-9411709.html,1994,Attacking Midfielder,Uralmash,russia_1993_explicit_identity_gate,,Matveev,,,9496738.jpg,40,55,JPEG,RGB,pending_identity_profile
9496800,Matvienko,,Matvienko,,,,,MED,9315010,Dynamo Stavropol,russia_league_rosters_0.27,BDFutbol 1993 squad; identity/position audit v0.27,https://www.bdfutbol.com/en/t/t1993-9422021.html,1994,Right Midfielder,Dynamo Stavropol,russia_1993_explicit_identity_gate,,Matvienko,,,9496800.jpg,40,55,JPEG,RGB,pending_identity_profile
9496177,Mauroo,,Mauroo,,,,,DEF,459,KV Mechelen,belgium_league_rosters_0.25,BDFutbol 1993-94 squad page; identity/position audit v0.25,https://www.bdfutbol.com/en/t/t1993-9411101.html,1994,Centre Back,KV Mechelen,belgium_1993_94_identity_gate,,Mauroo,,,9496177.jpg,40,55,JPEG,RGB,pending_identity_profile
9496048,Mbeah,,Mbeah,,,,,MED,455,Cercle Brugge,belgium_league_rosters_0.25,BDFutbol 1993-94 squad page; identity/position audit v0.25,https://www.bdfutbol.com/en/t/t1993-9410785.html,1994,Left Midfielder,Cercle Brugge,belgium_1993_94_identity_gate,,Mbeah,,,9496048.jpg,40,55,JPEG,RGB,pending_identity_profile
9496848,Meda,,Meda,,,,,MED,9315012,Krylia Sovetov,russia_league_rosters_0.27,BDFutbol 1993 squad; identity/position audit v0.27,https://www.bdfutbol.com/en/t/t1993-9410800.html,1994,Right Midfielder,Krylia Sovetov,russia_1993_explicit_identity_gate,,Meda,,,9496848.jpg,40,55,JPEG,RGB,pending_identity_profile
9496023,Meeusen,,Meeusen,,,,,MED,9352002,Beveren,belgium_league_rosters_0.25,BDFutbol 1993-94 squad page; identity/position audit v0.25,https://www.bdfutbol.com/en/t/t1993-9412039.html,1994,Centre Midfielder,Beveren,belgium_1993_94_identity_gate,,Meeusen,,,9496023.jpg,40,55,JPEG,RGB,pending_identity_profile
9496500,Mehmedi,,Mehmedi,,,,,MED,9357008,Altay,turkey_league_rosters_0.26,BDFutbol 1993-94 squad; identity/position audit v0.26,https://www.bdfutbol.com/en/t/t1993-9411414.html,1994,Centre Midfielder,Altay,turkey_1993_94_explicit_identity_gate,,Mehmedi,,,9496500.jpg,40,55,JPEG,RGB,pending_identity_profile
9496701,Meleshko,,Meleshko,,,,,MED,9315005,Spartak Vladikavkaz,russia_league_rosters_0.27,BDFutbol 1993 squad; identity/position audit v0.27,https://www.bdfutbol.com/en/t/t1993-9410778.html,1994,Centre Midfielder,Spartak Vladikavkaz,russia_1993_explicit_identity_gate,,Meleshko,,,9496701.jpg,40,55,JPEG,RGB,pending_identity_profile
9496624,Menshchikov,,Menshchikov,,,,,MED,9315001,Rotor Volgograd,russia_league_rosters_0.27,BDFutbol 1993 squad; identity/position audit v0.27,https://www.bdfutbol.com/en/t/t1993-9411034.html,1994,Right Midfielder,Rotor Volgograd,russia_1993_explicit_identity_gate,,Menshchikov,,,9496624.jpg,40,55,JPEG,RGB,pending_identity_profile
9496580,Mercan,,Mercan,,,,,DEF,9357013,Karşıyaka,turkey_league_rosters_0.26,BDFutbol 1993-94 squad; identity/position audit v0.26,https://www.bdfutbol.com/en/t/t1993-949026.html,1994,Centre Back,Karşıyaka,turkey_1993_94_explicit_identity_gate,,Mercan,,,9496580.jpg,40,55,JPEG,RGB,pending_identity_profile
9496394,Metin,,Metin,,,,,DEL,644,Beşiktaş,turkey_league_rosters_0.26,BDFutbol 1993-94 squad; identity/position audit v0.26,https://www.bdfutbol.com/en/t/t1993-9410031.html,1994,Right Winger,Beşiktaş,turkey_1993_94_explicit_identity_gate,,Metin,,,9496394.jpg,40,55,JPEG,RGB,pending_identity_profile
9496595,Metin Mert,Metin,Mert,,,,,POR,9357014,Sarıyer,turkey_league_rosters_0.26,BDFutbol 1993-94 squad; identity/position audit v0.26,https://www.bdfutbol.com/en/t/t1993-949024.html,1994,Goalkeeper,Sarıyer,turkey_1993_94_explicit_identity_gate,,Metin Mert,,,9496595.jpg,40,55,JPEG,RGB,pending_identity_profile
9496776,Milenin,,Milenin,,,,,DEF,9315008,KAMAZ,russia_league_rosters_0.27,BDFutbol 1993 squad; identity/position audit v0.27,https://www.bdfutbol.com/en/t/t1993-9411710.html,1994,Right Back,KAMAZ,russia_1993_explicit_identity_gate,,Milenin,,,9496776.jpg,40,55,JPEG,RGB,pending_identity_profile
9496658,Minaev,,Minaev,,,,,MED,9315003,Tekstilshchik Kamyshin,russia_league_rosters_0.27,BDFutbol 1993 squad; identity/position audit v0.27,https://www.bdfutbol.com/en/t/t1993-9411094.html,1994,Right Midfielder,Tekstilshchik Kamyshin,russia_1993_explicit_identity_gate,,Minaev,,,9496658.jpg,40,55,JPEG,RGB,pending_identity_profile
9496900,Minibaev,,Minibaev,,,,,DEL,9315015,Rostselmash,russia_league_rosters_0.27,BDFutbol 1993 squad; identity/position audit v0.27,https://www.bdfutbol.com/en/t/t1993-9410748.html,1994,Left Winger,Rostselmash,russia_1993_explicit_identity_gate,,Minibaev,,,9496900.jpg,40,55,JPEG,RGB,pending_identity_profile
9496746,Minko,,Minko,,,,,MED,9315007,CSKA Moskva,russia_league_rosters_0.27,BDFutbol 1993 squad; identity/position audit v0.27,https://www.bdfutbol.com/en/t/t1993-9410030.html,1994,Right Midfielder,CSKA Moskva,russia_1993_explicit_identity_gate,,Minko,,,9496746.jpg,40,55,JPEG,RGB,pending_identity_profile
9496132,Minnaert,,Minnaert,,,,,MED,456,Gent,belgium_league_rosters_0.25,BDFutbol 1993-94 squad page; identity/position audit v0.25,https://www.bdfutbol.com/en/t/t1993-9410090.html,1994,Centre Midfielder,Gent,belgium_1993_94_identity_gate,,Minnaert,,,9496132.jpg,40,55,JPEG,RGB,pending_identity_profile
9496845,Miridonov,,Miridonov,,,,,DEF,9315012,Krylia Sovetov,russia_league_rosters_0.27,BDFutbol 1993 squad; identity/position audit v0.27,https://www.bdfutbol.com/en/t/t1993-9410800.html,1994,Centre Back,Krylia Sovetov,russia_1993_explicit_identity_gate,,Miridonov,,,9496845.jpg,40,55,JPEG,RGB,pending_identity_profile
9496418,Mirković,,Mirković,,,,,DEF,9357004,Kocaelispor,turkey_league_rosters_0.26,BDFutbol 1993-94 squad; identity/position audit v0.26,https://www.bdfutbol.com/en/t/t1993-9410861.html,1994,Right Back,Kocaelispor,turkey_1993_94_explicit_identity_gate,,Mirković,,,9496418.jpg,40,55,JPEG,RGB,pending_identity_profile
9496066,Missé-Missé,,Missé-Missé,,,66,,DEL,454,Charleroi,belgium_league_rosters_0.25,BDFutbol 1993-94 squad page; identity/position audit v0.25,https://www.bdfutbol.com/en/t/t1993-9410718.html,1994,Centre Forward,Charleroi,belgium_1993_94_identity_gate,,Missé-Missé,,,9496066.jpg,40,55,JPEG,RGB,pending_identity_profile
9496788,Mogilnyi,,Mogilnyi,,,,,POR,9315009,Zhemchuzhina Sochi,russia_league_rosters_0.27,BDFutbol 1993 squad; identity/position audit v0.27,https://www.bdfutbol.com/en/t/t1993-9422018.html,1994,Goalkeeper,Zhemchuzhina Sochi,russia_1993_explicit_identity_gate,,Mogilnyi,,,9496788.jpg,40,55,JPEG,RGB,pending_identity_profile
9496877,Moiseev,,Moiseev,,,,,DEL,9315014,Okean Nakhodka,russia_league_rosters_0.27,BDFutbol 1993 squad; identity/position audit v0.27,https://www.bdfutbol.com/en/t/t1993-9422022.html,1994,Centre Forward,Okean Nakhodka,russia_1993_explicit_identity_gate,,Moiseev,,,9496877.jpg,40,55,JPEG,RGB,pending_identity_profile
9496903,Moiseev,,Moiseev,,,,,POR,9315016,Asmaral Moskva,russia_league_rosters_0.27,BDFutbol 1993 squad; identity/position audit v0.27,https://www.bdfutbol.com/en/t/t1993-9422023.html,1994,Goalkeeper,Asmaral Moskva,russia_1993_explicit_identity_gate,,Moiseev,,,9496903.jpg,40,55,JPEG,RGB,pending_identity_profile
9496469,Moloi,,Moloi,,,,,DEL,9357006,Gaziantepspor,turkey_league_rosters_0.26,BDFutbol 1993-94 squad; identity/position audit v0.26,https://www.bdfutbol.com/en/t/t1993-9410300.html,1994,Right Winger,Gaziantepspor,turkey_1993_94_explicit_identity_gate,,Moloi,,,9496469.jpg,40,55,JPEG,RGB,pending_identity_profile
9496067,Mommens,,Mommens,,,,,MED,454,Charleroi,belgium_league_rosters_0.25,BDFutbol 1993-94 squad page; identity/position audit v0.25,https://www.bdfutbol.com/en/t/t1993-9410718.html,1994,Centre Midfielder,Charleroi,belgium_1993_94_identity_gate,,Mommens,,,9496067.jpg,40,55,JPEG,RGB,pending_identity_profile
9496463,Monteiro,,Monteiro,,,,,DEL,9357006,Gaziantepspor,turkey_league_rosters_0.26,BDFutbol 1993-94 squad; identity/position audit v0.26,https://www.bdfutbol.com/en/t/t1993-9410300.html,1994,Centre Forward,Gaziantepspor,turkey_1993_94_explicit_identity_gate,,Monteiro,,,9496463.jpg,40,55,JPEG,RGB,pending_identity_profile
9496158,Moons,,Moons,,,,,DEL,9352003,Germinal Ekeren,belgium_league_rosters_0.25,BDFutbol 1993-94 squad page; identity/position audit v0.25,https://www.bdfutbol.com/en/t/t1993-9411039.html,1994,Right Winger,Germinal Ekeren,belgium_1993_94_identity_gate,,Moons,,,9496158.jpg,40,55,JPEG,RGB,pending_identity_profile
9496654,Morozov,,Morozov,,,,,DEF,9315003,Tekstilshchik Kamyshin,russia_league_rosters_0.27,BDFutbol 1993 squad; identity/position audit v0.27,https://www.bdfutbol.com/en/t/t1993-9411094.html,1994,Right Back,Tekstilshchik Kamyshin,russia_1993_explicit_identity_gate,,Morozov,,,9496654.jpg,40,55,JPEG,RGB,pending_identity_profile
9496656,Morozov,,Morozov,,,,,DEF,9315003,Tekstilshchik Kamyshin,russia_league_rosters_0.27,BDFutbol 1993 squad; identity/position audit v0.27,https://www.bdfutbol.com/en/t/t1993-9411094.html,1994,Centre Back,Tekstilshchik Kamyshin,russia_1993_explicit_identity_gate,,Morozov,,,9496656.jpg,40,55,JPEG,RGB,pending_identity_profile
9496441,Moshoeu,,Moshoeu,,,,,MED,9357005,Gençlerbirliği,turkey_league_rosters_0.26,BDFutbol 1993-94 squad; identity/position audit v0.26,https://www.bdfutbol.com/en/t/t1993-9410358.html,1994,Centre Midfielder,Gençlerbirliği,turkey_1993_94_explicit_identity_gate,,Moshoeu,,,9496441.jpg,40,55,JPEG,RGB,pending_identity_profile
9496299,Moukrim,,Moukrim,,,,,DEL,1032,Royal Antwerp,belgium_league_rosters_0.25,BDFutbol 1993-94 squad page; identity/position audit v0.25,https://www.bdfutbol.com/en/t/t1993-9410010.html,1994,Left Winger,Royal Antwerp,belgium_1993_94_identity_gate,,Moukrim,,,9496299.jpg,40,55,JPEG,RGB,pending_identity_profile
9496068,Moury,,Moury,,,,,DEF,454,Charleroi,belgium_league_rosters_0.25,BDFutbol 1993-94 squad page; identity/position audit v0.25,https://www.bdfutbol.com/en/t/t1993-9410718.html,1994,Centre Back,Charleroi,belgium_1993_94_identity_gate,,Moury,,,9496068.jpg,40,55,JPEG,RGB,pending_identity_profile
9496213,Mukanya,,Mukanya,,,,,DEF,9352004,Lommel,belgium_league_rosters_0.25,BDFutbol 1993-94 squad page; identity/position audit v0.25,https://www.bdfutbol.com/en/t/t1993-9411701.html,1994,Right Back,Lommel,belgium_1993_94_identity_gate,,Mukanya,,,9496213.jpg,40,55,JPEG,RGB,pending_identity_profile
9496512,Mukhamadiev,,Mukhamadiev,,,,,MED,9357009,Ankaragücü,turkey_league_rosters_0.26,BDFutbol 1993-94 squad; identity/position audit v0.26,https://www.bdfutbol.com/en/t/t1993-9410353.html,1994,Centre Midfielder,Ankaragücü,turkey_1993_94_explicit_identity_gate,,Mukhamadiev,,,9496512.jpg,40,55,JPEG,RGB,pending_identity_profile
9496680,Mukhamadiev,,Mukhamadiev,,,,,DEL,9315004,Lokomotiv Moskva,russia_league_rosters_0.27,BDFutbol 1993 squad; identity/position audit v0.27,https://www.bdfutbol.com/en/t/t1993-9410040.html,1994,Centre Forward,Lokomotiv Moskva,russia_1993_explicit_identity_gate,,Mukhamadiev,,,9496680.jpg,40,55,JPEG,RGB,pending_identity_profile
9496858,Mulashev,,Mulashev,,,,,DEL,9315013,Luch Vladivostok,russia_league_rosters_0.27,BDFutbol 1993 squad; identity/position audit v0.27,https://www.bdfutbol.com/en/t/t1993-9422002.html,1994,Centre Forward,Luch Vladivostok,russia_1993_explicit_identity_gate,,Mulashev,,,9496858.jpg,40,55,JPEG,RGB,pending_identity_profile
9496112,Mulavdić,,Mulavdić,,,,,MED,462,Genk,belgium_league_rosters_0.25,BDFutbol 1993-94 squad page; identity/position audit v0.25,https://www.bdfutbol.com/en/t/t1993-9410201.html,1994,Right Midfielder,Genk,belgium_1993_94_identity_gate,,Mulavdić,,,9496112.jpg,40,55,JPEG,RGB,pending_identity_profile
9496917,Mulikov,,Mulikov,,,,,MED,9315016,Asmaral Moskva,russia_league_rosters_0.27,BDFutbol 1993 squad; identity/position audit v0.27,https://www.bdfutbol.com/en/t/t1993-9422023.html,1994,Centre Midfielder,Asmaral Moskva,russia_1993_explicit_identity_gate,,Mulikov,,,9496917.jpg,40,55,JPEG,RGB,pending_identity_profile
9496316,Munaron,,Munaron,,,,,POR,409,Standard Liège,belgium_league_rosters_0.25,BDFutbol 1993-94 squad page; identity/position audit v0.25,https://www.bdfutbol.com/en/t/t1993-9410012.html,1994,Goalkeeper,Standard Liège,belgium_1993_94_identity_gate,,Munaron,,,9496316.jpg,40,55,JPEG,RGB,pending_identity_profile
9496784,Murygin,,Murygin,,,,,MED,9315009,Zhemchuzhina Sochi,russia_league_rosters_0.27,BDFutbol 1993 squad; identity/position audit v0.27,https://www.bdfutbol.com/en/t/t1993-9422018.html,1994,Centre Midfielder,Zhemchuzhina Sochi,russia_1993_explicit_identity_gate,,Murygin,,,9496784.jpg,40,55,JPEG,RGB,pending_identity_profile
9496366,Müjdat,,Müjdat,,,,,MED,9357001,Fenerbahçe,turkey_league_rosters_0.26,BDFutbol 1993-94 squad; identity/position audit v0.26,https://www.bdfutbol.com/en/t/t1993-9410178.html,1994,Centre Midfielder,Fenerbahçe,turkey_1993_94_explicit_identity_gate,,Müjdat,,,9496366.jpg,40,55,JPEG,RGB,pending_identity_profile
9496214,N'Ganzadi,,N'Ganzadi,,,,,MED,9352004,Lommel,belgium_league_rosters_0.25,BDFutbol 1993-94 squad page; identity/position audit v0.25,https://www.bdfutbol.com/en/t/t1993-9411701.html,1994,Left Midfielder,Lommel,belgium_1993_94_identity_gate,,N'Ganzadi,,,9496214.jpg,40,55,JPEG,RGB,pending_identity_profile
9496444,N'Gole,,N'Gole,,,,,DEL,9357005,Gençlerbirliği,turkey_league_rosters_0.26,BDFutbol 1993-94 squad; identity/position audit v0.26,https://www.bdfutbol.com/en/t/t1993-9410358.html,1994,Centre Forward,Gençlerbirliği,turkey_1993_94_explicit_identity_gate,,N'Gole,,,9496444.jpg,40,55,JPEG,RGB,pending_identity_profile
9496091,N'Gombo,,N'Gombo,,,,,DEF,9352001,FC Seraing,belgium_league_rosters_0.25,BDFutbol 1993-94 squad page; identity/position audit v0.25,https://www.bdfutbol.com/en/t/t1993-9412101.html,1994,Right Back,FC Seraing,belgium_1993_94_identity_gate,,N'Gombo,,,9496091.jpg,40,55,JPEG,RGB,pending_identity_profile
9496159,N'Sumbu,,N'Sumbu,,,,,DEF,9352003,Germinal Ekeren,belgium_league_rosters_0.25,BDFutbol 1993-94 squad page; identity/position audit v0.25,https://www.bdfutbol.com/en/t/t1993-9411039.html,1994,Right Back,Germinal Ekeren,belgium_1993_94_identity_gate,,N'Sumbu,,,9496159.jpg,40,55,JPEG,RGB,pending_identity_profile
9494227,Nacer Abdellah,Nacer,Abdellah,,1966-03-03T00:00:00,56,,DEF,466,Waregem,,BDFutbol 1993-94 squad page; identity/position audit v0.25,https://www.bdfutbol.com/en/t/t1993-9410295.html,1994,Left Back,Waregem,belgium_1993_94_identity_gate,9494227,Nacer Abdellah,,,9494227.jpg,40,55,JPEG,RGB,pending_identity_profile
9496392,Nartallo,,Nartallo,,,,,DEL,644,Beşiktaş,turkey_league_rosters_0.26,BDFutbol 1993-94 squad; identity/position audit v0.26,https://www.bdfutbol.com/en/t/t1993-9410031.html,1994,Centre Forward,Beşiktaş,turkey_1993_94_explicit_identity_gate,,Nartallo,,,9496392.jpg,40,55,JPEG,RGB,pending_identity_profile
9496237,Nassen,,Nassen,,,,,DEF,9352006,Molenbeek,belgium_league_rosters_0.25,BDFutbol 1993-94 squad page; identity/position audit v0.25,https://www.bdfutbol.com/en/t/t1993-9410067.html,1994,Centre Back,Molenbeek,belgium_1993_94_identity_gate,,Nassen,,,9496237.jpg,40,55,JPEG,RGB,pending_identity_profile
9496662,Natalushko,,Natalushko,,,,,DEL,9315003,Tekstilshchik Kamyshin,russia_league_rosters_0.27,BDFutbol 1993 squad; identity/position audit v0.27,https://www.bdfutbol.com/en/t/t1993-9411094.html,1994,Centre Forward,Tekstilshchik Kamyshin,russia_1993_explicit_identity_gate,,Natalushko,,,9496662.jpg,40,55,JPEG,RGB,pending_identity_profile
9496661,Navochenko,,Navochenko,,,,,MED,9315003,Tekstilshchik Kamyshin,russia_league_rosters_0.27,BDFutbol 1993 squad; identity/position audit v0.27,https://www.bdfutbol.com/en/t/t1993-9411094.html,1994,Left Midfielder,Tekstilshchik Kamyshin,russia_1993_explicit_identity_gate,,Navochenko,,,9496661.jpg,40,55,JPEG,RGB,pending_identity_profile
9496620,Nechay,,Nechay,,,,,DEF,9315001,Rotor Volgograd,russia_league_rosters_0.27,BDFutbol 1993 squad; identity/position audit v0.27,https://www.bdfutbol.com/en/t/t1993-9411034.html,1994,Right Back,Rotor Volgograd,russia_1993_explicit_identity_gate,,Nechay,,,9496620.jpg,40,55,JPEG,RGB,pending_identity_profile
9496636,Nechayev,,Nechayev,,,,,MED,9315001,Rotor Volgograd,russia_league_rosters_0.27,BDFutbol 1993 squad; identity/position audit v0.27,https://www.bdfutbol.com/en/t/t1993-9411034.html,1994,Right Midfielder,Rotor Volgograd,russia_1993_explicit_identity_gate,,Nechayev,,,9496636.jpg,40,55,JPEG,RGB,pending_identity_profile
9496572,Nejat,,Nejat,,,,,DEL,9357012,Karabükspor,turkey_league_rosters_0.26,BDFutbol 1993-94 squad; identity/position audit v0.26,https://www.bdfutbol.com/en/t/t1993-9410744.html,1994,Right Winger,Karabükspor,turkey_1993_94_explicit_identity_gate,,Nejat,,,9496572.jpg,40,55,JPEG,RGB,pending_identity_profile
9496482,Nevzat,,Nevzat,,,,,POR,9357007,Bursaspor,turkey_league_rosters_0.26,BDFutbol 1993-94 squad; identity/position audit v0.26,https://www.bdfutbol.com/en/t/t1993-9410247.html,1994,Goalkeeper,Bursaspor,turkey_1993_94_explicit_identity_gate,,Nevzat,,,9496482.jpg,40,55,JPEG,RGB,pending_identity_profile
9496732,Nezhelev,,Nezhelev,,,,,DEL,9315006,Uralmash,russia_league_rosters_0.27,BDFutbol 1993 squad; identity/position audit v0.27,https://www.bdfutbol.com/en/t/t1993-9411709.html,1994,Centre Forward,Uralmash,russia_1993_explicit_identity_gate,,Nezhelev,,,9496732.jpg,40,55,JPEG,RGB,pending_identity_profile
9496629,Niederhaus,,Niederhaus,,,,,DEL,9315001,Rotor Volgograd,russia_league_rosters_0.27,BDFutbol 1993 squad; identity/position audit v0.27,https://www.bdfutbol.com/en/t/t1993-9411034.html,1994,Centre Forward,Rotor Volgograd,russia_1993_explicit_identity_gate,,Niederhaus,,,9496629.jpg,40,55,JPEG,RGB,pending_identity_profile
9496367,Nielsen,,Nielsen,,,,,MED,9357001,Fenerbahçe,turkey_league_rosters_0.26,BDFutbol 1993-94 squad; identity/position audit v0.26,https://www.bdfutbol.com/en/t/t1993-9410178.html,1994,Left Midfielder,Fenerbahçe,turkey_1993_94_explicit_identity_gate,,Nielsen,,,9496367.jpg,40,55,JPEG,RGB,pending_identity_profile
9496258,Nierynck,,Nierynck,,,,,DEF,908,Oostende,belgium_league_rosters_0.25,BDFutbol 1993-94 squad page; identity/position audit v0.25,https://www.bdfutbol.com/en/t/t1993-9410949.html,1994,Left Back,Oostende,belgium_1993_94_identity_gate,,Nierynck,,,9496258.jpg,40,55,JPEG,RGB,pending_identity_profile
9496775,Nigmatullin,,Nigmatullin,,,,,DEF,9315008,KAMAZ,russia_league_rosters_0.27,BDFutbol 1993 squad; identity/position audit v0.27,https://www.bdfutbol.com/en/t/t1993-9411710.html,1994,Centre Back,KAMAZ,russia_1993_explicit_identity_gate,,Nigmatullin,,,9496775.jpg,40,55,JPEG,RGB,pending_identity_profile
9496767,Nikiforov,,Nikiforov,,,,,MED,9315008,KAMAZ,russia_league_rosters_0.27,BDFutbol 1993 squad; identity/position audit v0.27,https://www.bdfutbol.com/en/t/t1993-9411710.html,1994,Left Midfielder,KAMAZ,russia_1993_explicit_identity_gate,,Nikiforov,,,9496767.jpg,40,55,JPEG,RGB,pending_identity_profile
9496634,Nikitin,,Nikitin,,,,,DEF,9315001,Rotor Volgograd,russia_league_rosters_0.27,BDFutbol 1993 squad; identity/position audit v0.27,https://www.bdfutbol.com/en/t/t1993-9411034.html,1994,Right Back,Rotor Volgograd,russia_1993_explicit_identity_gate,,Nikitin,,,9496634.jpg,40,55,JPEG,RGB,pending_identity_profile
9496906,Nikitin,,Nikitin,,,,,DEF,9315016,Asmaral Moskva,russia_league_rosters_0.27,BDFutbol 1993 squad; identity/position audit v0.27,https://www.bdfutbol.com/en/t/t1993-9422023.html,1994,Centre Back,Asmaral Moskva,russia_1993_explicit_identity_gate,,Nikitin,,,9496906.jpg,40,55,JPEG,RGB,pending_identity_profile
9496682,Nikulkin,,Nikulkin,,,,,MED,9315004,Lokomotiv Moskva,russia_league_rosters_0.27,BDFutbol 1993 squad; identity/position audit v0.27,https://www.bdfutbol.com/en/t/t1993-9410040.html,1994,Defensive Midfielder,Lokomotiv Moskva,russia_1993_explicit_identity_gate,,Nikulkin,,,9496682.jpg,40,55,JPEG,RGB,pending_identity_profile
9496719,Novgorodov,,Novgorodov,,,,,DEL,1087,Torpedo Moskva,russia_league_rosters_0.27,BDFutbol 1993 squad; identity/position audit v0.27,https://www.bdfutbol.com/en/t/t1993-9410068.html,1994,Left Winger,Torpedo Moskva,russia_1993_explicit_identity_gate,,Novgorodov,,,9496719.jpg,40,55,JPEG,RGB,pending_identity_profile
9496757,Novosadov,,Novosadov,,,,,MED,9315007,CSKA Moskva,russia_league_rosters_0.27,BDFutbol 1993 squad; identity/position audit v0.27,https://www.bdfutbol.com/en/t/t1993-9410030.html,1994,Defensive Midfielder,CSKA Moskva,russia_1993_explicit_identity_gate,,Novosadov,,,9496757.jpg,40,55,JPEG,RGB,pending_identity_profile
9496770,Novosadov,,Novosadov,,,,,POR,9315008,KAMAZ,russia_league_rosters_0.27,BDFutbol 1993 squad; identity/position audit v0.27,https://www.bdfutbol.com/en/t/t1993-9411710.html,1994,Goalkeeper,KAMAZ,russia_1993_explicit_identity_gate,,Novosadov,,,9496770.jpg,40,55,JPEG,RGB,pending_identity_profile
9496781,Nozikov,,Nozikov,,,,,DEF,9315009,Zhemchuzhina Sochi,russia_league_rosters_0.27,BDFutbol 1993 squad; identity/position audit v0.27,https://www.bdfutbol.com/en/t/t1993-9422018.html,1994,Left Back,Zhemchuzhina Sochi,russia_1993_explicit_identity_gate,,Nozikov,,,9496781.jpg,40,55,JPEG,RGB,pending_identity_profile
9496317,Nuyens,,Nuyens,,,,,POR,409,Standard Liège,belgium_league_rosters_0.25,BDFutbol 1993-94 squad page; identity/position audit v0.25,https://www.bdfutbol.com/en/t/t1993-9410012.html,1994,Goalkeeper,Standard Liège,belgium_1993_94_identity_gate,,Nuyens,,,9496317.jpg,40,55,JPEG,RGB,pending_identity_profile
9496113,Nwachukwu,,Nwachukwu,,,59,,MED,462,Genk,belgium_league_rosters_0.25,BDFutbol 1993-94 squad page; identity/position audit v0.25,https://www.bdfutbol.com/en/t/t1993-9410201.html,1994,Attacking Midfielder,Genk,belgium_1993_94_identity_gate,,Nwachukwu,,,9496113.jpg,40,55,JPEG,RGB,pending_identity_profile
9496454,Okay,,Okay,,,,,DEF,9357006,Gaziantepspor,turkey_league_rosters_0.26,BDFutbol 1993-94 squad; identity/position audit v0.26,https://www.bdfutbol.com/en/t/t1993-9410300.html,1994,Right Back,Gaziantepspor,turkey_1993_94_explicit_identity_gate,,Okay,,,9496454.jpg,40,55,JPEG,RGB,pending_identity_profile
9496077,Okon,,Okon,,,15,,MED,453,Club Brugge,belgium_league_rosters_0.25,BDFutbol 1993-94 squad page; identity/position audit v0.25,https://www.bdfutbol.com/en/t/t1993-9410004.html,1994,Centre Midfielder,Club Brugge,belgium_1993_94_identity_gate,,Okon,,,9496077.jpg,40,55,JPEG,RGB,pending_identity_profile
9496391,Oktay,,Oktay,,,,,DEL,644,Beşiktaş,turkey_league_rosters_0.26,BDFutbol 1993-94 squad; identity/position audit v0.26,https://www.bdfutbol.com/en/t/t1993-9410031.html,1994,Centre Forward,Beşiktaş,turkey_1993_94_explicit_identity_gate,,Oktay,,,9496391.jpg,40,55,JPEG,RGB,pending_identity_profile
9496473,Okuroğlu,,Okuroğlu,,,,,DEF,9357007,Bursaspor,turkey_league_rosters_0.26,BDFutbol 1993-94 squad; identity/position audit v0.26,https://www.bdfutbol.com/en/t/t1993-9410247.html,1994,Centre Back,Bursaspor,turkey_1993_94_explicit_identity_gate,,Okuroğlu,,,9496473.jpg,40,55,JPEG,RGB,pending_identity_profile
9496008,Olivier Suray,Olivier,Suray,,,,,DEF,415,Anderlecht,belgium_league_rosters_0.25,BDFutbol 1993-94 squad page; identity/position audit v0.25,https://www.bdfutbol.com/en/t/t1993-9410015.html,1994,Centre Back,Anderlecht,belgium_1993_94_identity_gate,,Olivier Suray,99670,https://www.bdfutbol.com/en/j/j99670.html,9496008.jpg,40,55,JPEG,RGB,ready_for_download
9496092,Olivieri,,Olivieri,,,,,MED,9352001,FC Seraing,belgium_league_rosters_0.25,BDFutbol 1993-94 squad page; identity/position audit v0.25,https://www.bdfutbol.com/en/t/t1993-9412101.html,1994,Right Midfielder,FC Seraing,belgium_1993_94_identity_gate,,Olivieri,,,9496092.jpg,40,55,JPEG,RGB,pending_identity_profile
9496093,Olsen,,Olsen,,,,,DEF,9352001,FC Seraing,belgium_league_rosters_0.25,BDFutbol 1993-94 squad page; identity/position audit v0.25,https://www.bdfutbol.com/en/t/t1993-9412101.html,1994,Centre Back,FC Seraing,belgium_1993_94_identity_gate,,Olsen,,,9496093.jpg,40,55,JPEG,RGB,pending_identity_profile
9496417,Omerović,,Omerović,,,,,POR,9357004,Kocaelispor,turkey_league_rosters_0.26,BDFutbol 1993-94 squad; identity/position audit v0.26,https://www.bdfutbol.com/en/t/t1993-9410861.html,1994,Goalkeeper,Kocaelispor,turkey_1993_94_explicit_identity_gate,,Omerović,,,9496417.jpg,40,55,JPEG,RGB,pending_identity_profile
9496344,Onya,,Onya,,,,,DEF,466,Waregem,belgium_league_rosters_0.25,BDFutbol 1993-94 squad page; identity/position audit v0.25,https://www.bdfutbol.com/en/t/t1993-9410295.html,1994,Centre Back,Waregem,belgium_1993_94_identity_gate,,Onya,,,9496344.jpg,40,55,JPEG,RGB,pending_identity_profile
9496259,Origi,,Origi,,,,,DEF,908,Oostende,belgium_league_rosters_0.25,BDFutbol 1993-94 squad page; identity/position audit v0.25,https://www.bdfutbol.com/en/t/t1993-9410949.html,1994,Left Back,Oostende,belgium_1993_94_identity_gate,,Origi,,,9496259.jpg,40,55,JPEG,RGB,pending_identity_profile
9496805,Osipov,,Osipov,,,,,DEL,9315010,Dynamo Stavropol,russia_league_rosters_0.27,BDFutbol 1993 squad; identity/position audit v0.27,https://www.bdfutbol.com/en/t/t1993-9422021.html,1994,Centre Forward,Dynamo Stavropol,russia_1993_explicit_identity_gate,,Osipov,,,9496805.jpg,40,55,JPEG,RGB,pending_identity_profile
9496816,Oskolkov,,Oskolkov,,,,,DEF,9315011,Lokomotiv Nizhny Novgorod,russia_league_rosters_0.27,BDFutbol 1993 squad; identity/position audit v0.27,https://www.bdfutbol.com/en/t/t1993-9422016.html,1994,Centre Back,Lokomotiv Nizhny Novgorod,russia_1993_explicit_identity_gate,,Oskolkov,,,9496816.jpg,40,55,JPEG,RGB,pending_identity_profile
9496238,Ossomo,,Ossomo,,,,,DEL,9352006,Molenbeek,belgium_league_rosters_0.25,BDFutbol 1993-94 squad page; identity/position audit v0.25,https://www.bdfutbol.com/en/t/t1993-9410067.html,1994,Centre Forward,Molenbeek,belgium_1993_94_identity_gate,,Ossomo,,,9496238.jpg,40,55,JPEG,RGB,pending_identity_profile
9496024,Oulare,,Oulare,,,,,DEF,9352002,Beveren,belgium_league_rosters_0.25,BDFutbol 1993-94 squad page; identity/position audit v0.25,https://www.bdfutbol.com/en/t/t1993-9412039.html,1994,Right Back,Beveren,belgium_1993_94_identity_gate,,Oulare,,,9496024.jpg,40,55,JPEG,RGB,pending_identity_profile
9496114,Oyen,,Oyen,,,,,DEF,462,Genk,belgium_league_rosters_0.25,BDFutbol 1993-94 squad page; identity/position audit v0.25,https://www.bdfutbol.com/en/t/t1993-9410201.html,1994,Centre Back,Genk,belgium_1993_94_identity_gate,,Oyen,,,9496114.jpg,40,55,JPEG,RGB,pending_identity_profile
9496690,Pagaev,,Pagaev,,,,,DEF,9315005,Spartak Vladikavkaz,russia_league_rosters_0.27,BDFutbol 1993 squad; identity/position audit v0.27,https://www.bdfutbol.com/en/t/t1993-9410778.html,1994,Centre Back,Spartak Vladikavkaz,russia_1993_explicit_identity_gate,,Pagaev,,,9496690.jpg,40,55,JPEG,RGB,pending_identity_profile
9496768,Panchenko,,Panchenko,,,,,DEL,9315008,KAMAZ,russia_league_rosters_0.27,BDFutbol 1993 squad; identity/position audit v0.27,https://www.bdfutbol.com/en/t/t1993-9411710.html,1994,Centre Forward,KAMAZ,russia_1993_explicit_identity_gate,,Panchenko,,,9496768.jpg,40,55,JPEG,RGB,pending_identity_profile
9496908,Panferov,,Panferov,,,,,MED,9315016,Asmaral Moskva,russia_league_rosters_0.27,BDFutbol 1993 squad; identity/position audit v0.27,https://www.bdfutbol.com/en/t/t1993-9422023.html,1994,Right Midfielder,Asmaral Moskva,russia_1993_explicit_identity_gate,,Panferov,,,9496908.jpg,40,55,JPEG,RGB,pending_identity_profile
9496808,Papikyan,,Papikyan,,,,,MED,9315010,Dynamo Stavropol,russia_league_rosters_0.27,BDFutbol 1993 squad; identity/position audit v0.27,https://www.bdfutbol.com/en/t/t1993-9422021.html,1994,Attacking Midfielder,Dynamo Stavropol,russia_1993_explicit_identity_gate,,Papikyan,,,9496808.jpg,40,55,JPEG,RGB,pending_identity_profile
9496687,Pashinin,,Pashinin,,,,,DEF,9315004,Lokomotiv Moskva,russia_league_rosters_0.27,BDFutbol 1993 squad; identity/position audit v0.27,https://www.bdfutbol.com/en/t/t1993-9410040.html,1994,Left Back,Lokomotiv Moskva,russia_1993_explicit_identity_gate,,Pashinin,,,9496687.jpg,40,55,JPEG,RGB,pending_identity_profile
9496806,Pata,,Pata,,,,,POR,9315010,Dynamo Stavropol,russia_league_rosters_0.27,BDFutbol 1993 squad; identity/position audit v0.27,https://www.bdfutbol.com/en/t/t1993-9422021.html,1994,Goalkeeper,Dynamo Stavropol,russia_1993_explicit_identity_gate,,Pata,,,9496806.jpg,40,55,JPEG,RGB,pending_identity_profile
9496193,Pauwels,,Pauwels,,,,,DEL,851,Lierse,belgium_league_rosters_0.25,BDFutbol 1993-94 squad page; identity/position audit v0.25,https://www.bdfutbol.com/en/t/t1993-9410070.html,1994,Centre Forward,Lierse,belgium_1993_94_identity_gate,,Pauwels,,,9496193.jpg,40,55,JPEG,RGB,pending_identity_profile
9496714,Pazemov,,Pazemov,,,,,DEL,1087,Torpedo Moskva,russia_league_rosters_0.27,BDFutbol 1993 squad; identity/position audit v0.27,https://www.bdfutbol.com/en/t/t1993-9410068.html,1994,Centre Forward,Torpedo Moskva,russia_1993_explicit_identity_gate,,Pazemov,,,9496714.jpg,40,55,JPEG,RGB,pending_identity_profile
9496716,Pchelnikov,,Pchelnikov,,,,,MED,1087,Torpedo Moskva,russia_league_rosters_0.27,BDFutbol 1993 squad; identity/position audit v0.27,https://www.bdfutbol.com/en/t/t1993-9410068.html,1994,Defensive Midfielder,Torpedo Moskva,russia_1993_explicit_identity_gate,,Pchelnikov,,,9496716.jpg,40,55,JPEG,RGB,pending_identity_profile
9496178,Peetermans,,Peetermans,,,,,MED,459,KV Mechelen,belgium_league_rosters_0.25,BDFutbol 1993-94 squad page; identity/position audit v0.25,https://www.bdfutbol.com/en/t/t1993-9411101.html,1994,Attacking Midfielder,KV Mechelen,belgium_1993_94_identity_gate,,Peetermans,,,9496178.jpg,40,55,JPEG,RGB,pending_identity_profile
9496216,Peeters,,Peeters,,,,,DEL,9352004,Lommel,belgium_league_rosters_0.25,BDFutbol 1993-94 squad page; identity/position audit v0.25,https://www.bdfutbol.com/en/t/t1993-9411701.html,1994,Centre Forward,Lommel,belgium_1993_94_identity_gate,,Peeters,,,9496216.jpg,40,55,JPEG,RGB,pending_identity_profile
9496437,Penbe,,Penbe,,,,,DEF,9357005,Gençlerbirliği,turkey_league_rosters_0.26,BDFutbol 1993-94 squad; identity/position audit v0.26,https://www.bdfutbol.com/en/t/t1993-9410358.html,1994,Centre Back,Gençlerbirliği,turkey_1993_94_explicit_identity_gate,,Penbe,,,9496437.jpg,40,55,JPEG,RGB,pending_identity_profile
9496733,Perednya,,Perednya,,,,,DEL,9315006,Uralmash,russia_league_rosters_0.27,BDFutbol 1993 squad; identity/position audit v0.27,https://www.bdfutbol.com/en/t/t1993-9411709.html,1994,Centre Forward,Uralmash,russia_1993_explicit_identity_gate,,Perednya,,,9496733.jpg,40,55,JPEG,RGB,pending_identity_profile
9496179,Pereira,,Pereira,,,,,MED,459,KV Mechelen,belgium_league_rosters_0.25,BDFutbol 1993-94 squad page; identity/position audit v0.25,https://www.bdfutbol.com/en/t/t1993-9411101.html,1994,Defensive Midfielder,KV Mechelen,belgium_1993_94_identity_gate,,Pereira,,,9496179.jpg,40,55,JPEG,RGB,pending_identity_profile
9496002,Peter Maes,Peter,Maes,,,,,POR,415,Anderlecht,belgium_league_rosters_0.25,BDFutbol 1993-94 squad page; identity/position audit v0.25,https://www.bdfutbol.com/en/t/t1993-9410015.html,1994,Goalkeeper,Anderlecht,belgium_1993_94_identity_gate,,Peter Maes,98416,https://www.bdfutbol.com/en/j/j98416.html,9496002.jpg,40,55,JPEG,RGB,ready_for_download
9496133,Petry,,Petry,,,,,POR,456,Gent,belgium_league_rosters_0.25,BDFutbol 1993-94 squad page; identity/position audit v0.25,https://www.bdfutbol.com/en/t/t1993-9410090.html,1994,Goalkeeper,Gent,belgium_1993_94_identity_gate,,Petry,,,9496133.jpg,40,55,JPEG,RGB,pending_identity_profile
9496000,Philip Haagdoren,Philip,Haagdoren,,,,,MED,415,Anderlecht,belgium_league_rosters_0.25,BDFutbol 1993-94 squad page; identity/position audit v0.25,https://www.bdfutbol.com/en/t/t1993-9410015.html,1994,Left Midfielder,Anderlecht,belgium_1993_94_identity_gate,,Philip Haagdoren,99667,https://www.bdfutbol.com/en/j/j99667.html,9496000.jpg,40,55,JPEG,RGB,ready_for_download
9496160,Pierre,,Pierre,,,,,MED,9352003,Germinal Ekeren,belgium_league_rosters_0.25,BDFutbol 1993-94 squad page; identity/position audit v0.25,https://www.bdfutbol.com/en/t/t1993-9411039.html,1994,Centre Midfielder,Germinal Ekeren,belgium_1993_94_identity_gate,,Pierre,,,9496160.jpg,40,55,JPEG,RGB,pending_identity_profile
9496239,Pijpens,,Pijpens,,,,,MED,9352006,Molenbeek,belgium_league_rosters_0.25,BDFutbol 1993-94 squad page; identity/position audit v0.25,https://www.bdfutbol.com/en/t/t1993-9410067.html,1994,Left Midfielder,Molenbeek,belgium_1993_94_identity_gate,,Pijpens,,,9496239.jpg,40,55,JPEG,RGB,pending_identity_profile
9496702,Pimenov,,Pimenov,,,,,MED,9315005,Spartak Vladikavkaz,russia_league_rosters_0.27,BDFutbol 1993 squad; identity/position audit v0.27,https://www.bdfutbol.com/en/t/t1993-9410778.html,1994,Right Midfielder,Spartak Vladikavkaz,russia_1993_explicit_identity_gate,,Pimenov,,,9496702.jpg,40,55,JPEG,RGB,pending_identity_profile
9496479,Pingel,,Pingel,,,,,MED,9357007,Bursaspor,turkey_league_rosters_0.26,BDFutbol 1993-94 squad; identity/position audit v0.26,https://www.bdfutbol.com/en/t/t1993-9410247.html,1994,Left Midfielder,Bursaspor,turkey_1993_94_explicit_identity_gate,,Pingel,,,9496479.jpg,40,55,JPEG,RGB,pending_identity_profile
9496260,Pinson,,Pinson,,,,,DEF,908,Oostende,belgium_league_rosters_0.25,BDFutbol 1993-94 squad page; identity/position audit v0.25,https://www.bdfutbol.com/en/t/t1993-9410949.html,1994,Centre Back,Oostende,belgium_1993_94_identity_gate,,Pinson,,,9496260.jpg,40,55,JPEG,RGB,pending_identity_profile
9496741,Plotnikov,,Plotnikov,,,,,POR,9315007,CSKA Moskva,russia_league_rosters_0.27,BDFutbol 1993 squad; identity/position audit v0.27,https://www.bdfutbol.com/en/t/t1993-9410030.html,1994,Goalkeeper,CSKA Moskva,russia_1993_explicit_identity_gate,,Plotnikov,,,9496741.jpg,40,55,JPEG,RGB,pending_identity_profile
9496811,Pobedennyi,,Pobedennyi,,,,,POR,9315010,Dynamo Stavropol,russia_league_rosters_0.27,BDFutbol 1993 squad; identity/position audit v0.27,https://www.bdfutbol.com/en/t/t1993-9422021.html,1994,Goalkeeper,Dynamo Stavropol,russia_1993_explicit_identity_gate,,Pobedennyi,,,9496811.jpg,40,55,JPEG,RGB,pending_identity_profile
9496782,Pocheptsov,,Pocheptsov,,,,,MED,9315009,Zhemchuzhina Sochi,russia_league_rosters_0.27,BDFutbol 1993 squad; identity/position audit v0.27,https://www.bdfutbol.com/en/t/t1993-9422018.html,1994,Right Midfielder,Zhemchuzhina Sochi,russia_1993_explicit_identity_gate,,Pocheptsov,,,9496782.jpg,40,55,JPEG,RGB,pending_identity_profile
9496874,Poddubskiy,,Poddubskiy,,,,,MED,9315014,Okean Nakhodka,russia_league_rosters_0.27,BDFutbol 1993 squad; identity/position audit v0.27,https://www.bdfutbol.com/en/t/t1993-9422022.html,1994,Centre Midfielder,Okean Nakhodka,russia_1993_explicit_identity_gate,,Poddubskiy,,,9496874.jpg,40,55,JPEG,RGB,pending_identity_profile
9496787,Podruzhko,,Podruzhko,,,,,DEL,9315009,Zhemchuzhina Sochi,russia_league_rosters_0.27,BDFutbol 1993 squad; identity/position audit v0.27,https://www.bdfutbol.com/en/t/t1993-9422018.html,1994,Centre Forward,Zhemchuzhina Sochi,russia_1993_explicit_identity_gate,,Podruzhko,,,9496787.jpg,40,55,JPEG,RGB,pending_identity_profile
9496705,Podshivalov,,Podshivalov,,,,,POR,1087,Torpedo Moskva,russia_league_rosters_0.27,BDFutbol 1993 squad; identity/position audit v0.27,https://www.bdfutbol.com/en/t/t1993-9410068.html,1994,Goalkeeper,Torpedo Moskva,russia_1993_explicit_identity_gate,,Podshivalov,,,9496705.jpg,40,55,JPEG,RGB,pending_identity_profile
9496534,Polat,,Polat,,,,,POR,9357010,Kayserispor,turkey_league_rosters_0.26,BDFutbol 1993-94 squad; identity/position audit v0.26,https://www.bdfutbol.com/en/t/t1993-9410432.html,1994,Goalkeeper,Kayserispor,turkey_1993_94_explicit_identity_gate,,Polat,,,9496534.jpg,40,55,JPEG,RGB,pending_identity_profile
9496261,Poppe,,Poppe,,,,,MED,908,Oostende,belgium_league_rosters_0.25,BDFutbol 1993-94 squad page; identity/position audit v0.25,https://www.bdfutbol.com/en/t/t1993-9410949.html,1994,Centre Midfielder,Oostende,belgium_1993_94_identity_gate,,Poppe,,,9496261.jpg,40,55,JPEG,RGB,pending_identity_profile
9496300,Porte,,Porte,,,,,MED,1032,Royal Antwerp,belgium_league_rosters_0.25,BDFutbol 1993-94 squad page; identity/position audit v0.25,https://www.bdfutbol.com/en/t/t1993-9410010.html,1994,Left Midfielder,Royal Antwerp,belgium_1993_94_identity_gate,,Porte,,,9496300.jpg,40,55,JPEG,RGB,pending_identity_profile
9496887,Posylaev,,Posylaev,,,,,DEF,9315015,Rostselmash,russia_league_rosters_0.27,BDFutbol 1993 squad; identity/position audit v0.27,https://www.bdfutbol.com/en/t/t1993-9410748.html,1994,Centre Back,Rostselmash,russia_1993_explicit_identity_gate,,Posylaev,,,9496887.jpg,40,55,JPEG,RGB,pending_identity_profile
9496864,Prilous,,Prilous,,,,,DEL,9315013,Luch Vladivostok,russia_league_rosters_0.27,BDFutbol 1993 squad; identity/position audit v0.27,https://www.bdfutbol.com/en/t/t1993-9422002.html,1994,Centre Forward,Luch Vladivostok,russia_1993_explicit_identity_gate,,Prilous,,,9496864.jpg,40,55,JPEG,RGB,pending_identity_profile
9496655,Prokhorov,,Prokhorov,,,,,DEF,9315003,Tekstilshchik Kamyshin,russia_league_rosters_0.27,BDFutbol 1993 squad; identity/position audit v0.27,https://www.bdfutbol.com/en/t/t1993-9411094.html,1994,Centre Back,Tekstilshchik Kamyshin,russia_1993_explicit_identity_gate,,Prokhorov,,,9496655.jpg,40,55,JPEG,RGB,pending_identity_profile
9496718,Prokopenko,,Prokopenko,,,,,DEL,1087,Torpedo Moskva,russia_league_rosters_0.27,BDFutbol 1993 squad; identity/position audit v0.27,https://www.bdfutbol.com/en/t/t1993-9410068.html,1994,Centre Forward,Torpedo Moskva,russia_1993_explicit_identity_gate,,Prokopenko,,,9496718.jpg,40,55,JPEG,RGB,pending_identity_profile
9496710,Putilin,,Putilin,,,,,MED,1087,Torpedo Moskva,russia_league_rosters_0.27,BDFutbol 1993 squad; identity/position audit v0.27,https://www.bdfutbol.com/en/t/t1993-9410068.html,1994,Right Midfielder,Torpedo Moskva,russia_1993_explicit_identity_gate,,Putilin,,,9496710.jpg,40,55,JPEG,RGB,pending_identity_profile
9496010,Pär Zetterberg,Pär,Zetterberg,,,79,,MED,415,Anderlecht,belgium_league_rosters_0.25,BDFutbol 1993-94 squad page; identity/position audit v0.25,https://www.bdfutbol.com/en/t/t1993-9410015.html,1994,Attacking Midfielder,Anderlecht,belgium_1993_94_identity_gate,,Pär Zetterberg,,,9496010.jpg,40,55,JPEG,RGB,pending_identity_profile
9496281,Quain,,Quain,,,,,MED,9352005,RFC Liège,belgium_league_rosters_0.25,BDFutbol 1993-94 squad page; identity/position audit v0.25,https://www.bdfutbol.com/en/t/t1993-9410266.html,1994,Centre Midfielder,RFC Liège,belgium_1993_94_identity_gate,,Quain,,,9496281.jpg,40,55,JPEG,RGB,pending_identity_profile
9496282,Quaranta,,Quaranta,,,,,MED,9352005,RFC Liège,belgium_league_rosters_0.25,BDFutbol 1993-94 squad page; identity/position audit v0.25,https://www.bdfutbol.com/en/t/t1993-9410266.html,1994,Defensive Midfielder,RFC Liège,belgium_1993_94_identity_gate,,Quaranta,,,9496282.jpg,40,55,JPEG,RGB,pending_identity_profile
9496761,Rafikov,,Rafikov,,,,,DEF,9315008,KAMAZ,russia_league_rosters_0.27,BDFutbol 1993 squad; identity/position audit v0.27,https://www.bdfutbol.com/en/t/t1993-9411710.html,1994,Centre Back,KAMAZ,russia_1993_explicit_identity_gate,,Rafikov,,,9496761.jpg,40,55,JPEG,RGB,pending_identity_profile
9496814,Ragulin,,Ragulin,,,,,DEF,9315011,Lokomotiv Nizhny Novgorod,russia_league_rosters_0.27,BDFutbol 1993 squad; identity/position audit v0.27,https://www.bdfutbol.com/en/t/t1993-9422016.html,1994,Right Back,Lokomotiv Nizhny Novgorod,russia_1993_explicit_identity_gate,,Ragulin,,,9496814.jpg,40,55,JPEG,RGB,pending_identity_profile
9496879,Rakhmanov,,Rakhmanov,,,,,DEL,9315014,Okean Nakhodka,russia_league_rosters_0.27,BDFutbol 1993 squad; identity/position audit v0.27,https://www.bdfutbol.com/en/t/t1993-9422022.html,1994,Right Winger,Okean Nakhodka,russia_1993_explicit_identity_gate,,Rakhmanov,,,9496879.jpg,40,55,JPEG,RGB,pending_identity_profile
9496134,Ramčić,,Ramčić,,,75,,MED,456,Gent,belgium_league_rosters_0.25,BDFutbol 1993-94 squad page; identity/position audit v0.25,https://www.bdfutbol.com/en/t/t1993-9410090.html,1994,Centre Midfielder,Gent,belgium_1993_94_identity_gate,,Ramčić,,,9496134.jpg,40,55,JPEG,RGB,pending_identity_profile
9496069,Rasquin,,Rasquin,,,,,DEF,454,Charleroi,belgium_league_rosters_0.25,BDFutbol 1993-94 squad page; identity/position audit v0.25,https://www.bdfutbol.com/en/t/t1993-9410718.html,1994,Left Back,Charleroi,belgium_1993_94_identity_gate,,Rasquin,,,9496069.jpg,40,55,JPEG,RGB,pending_identity_profile
9496725,Ratnichkin,,Ratnichkin,,,,,DEF,9315006,Uralmash,russia_league_rosters_0.27,BDFutbol 1993 squad; identity/position audit v0.27,https://www.bdfutbol.com/en/t/t1993-9411709.html,1994,Centre Back,Uralmash,russia_1993_explicit_identity_gate,,Ratnichkin,,,9496725.jpg,40,55,JPEG,RGB,pending_identity_profile
9496598,Ravcı,,Ravcı,,,,,DEF,9357014,Sarıyer,turkey_league_rosters_0.26,BDFutbol 1993-94 squad; identity/position audit v0.26,https://www.bdfutbol.com/en/t/t1993-949024.html,1994,Centre Back,Sarıyer,turkey_1993_94_explicit_identity_gate,,Ravcı,,,9496598.jpg,40,55,JPEG,RGB,pending_identity_profile
9496318,Rednic,,Rednic,,,72,,DEF,409,Standard Liège,belgium_league_rosters_0.25,BDFutbol 1993-94 squad page; identity/position audit v0.25,https://www.bdfutbol.com/en/t/t1993-9410012.html,1994,Right Back,Standard Liège,belgium_1993_94_identity_gate,,Rednic,,,9496318.jpg,40,55,JPEG,RGB,pending_identity_profile
9496838,Remezov,,Remezov,,,,,MED,9315012,Krylia Sovetov,russia_league_rosters_0.27,BDFutbol 1993 squad; identity/position audit v0.27,https://www.bdfutbol.com/en/t/t1993-9410800.html,1994,Centre Midfielder,Krylia Sovetov,russia_1993_explicit_identity_gate,,Remezov,,,9496838.jpg,40,55,JPEG,RGB,pending_identity_profile
9496262,Renty,,Renty,,,,,DEF,908,Oostende,belgium_league_rosters_0.25,BDFutbol 1993-94 squad page; identity/position audit v0.25,https://www.bdfutbol.com/en/t/t1993-9410949.html,1994,Left Back,Oostende,belgium_1993_94_identity_gate,,Renty,,,9496262.jpg,40,55,JPEG,RGB,pending_identity_profile
9496115,Reumers,,Reumers,,,,,DEL,462,Genk,belgium_league_rosters_0.25,BDFutbol 1993-94 squad page; identity/position audit v0.25,https://www.bdfutbol.com/en/t/t1993-9410201.html,1994,Left Winger,Genk,belgium_1993_94_identity_gate,,Reumers,,,9496115.jpg,40,55,JPEG,RGB,pending_identity_profile
9496870,Rezantsev,,Rezantsev,,,,,DEF,9315014,Okean Nakhodka,russia_league_rosters_0.27,BDFutbol 1993 squad; identity/position audit v0.27,https://www.bdfutbol.com/en/t/t1993-9422022.html,1994,Centre Back,Okean Nakhodka,russia_1993_explicit_identity_gate,,Rezantsev,,,9496870.jpg,40,55,JPEG,RGB,pending_identity_profile
9496553,Reçber,,Reçber,,,,,DEF,9357011,Zeytinburnuspor,turkey_league_rosters_0.26,BDFutbol 1993-94 squad; identity/position audit v0.26,https://www.bdfutbol.com/en/t/t1993-949025.html,1994,Centre Back,Zeytinburnuspor,turkey_1993_94_explicit_identity_gate,,Reçber,,,9496553.jpg,40,55,JPEG,RGB,pending_identity_profile
9496195,Rondags,,Rondags,,,,,POR,851,Lierse,belgium_league_rosters_0.25,BDFutbol 1993-94 squad page; identity/position audit v0.25,https://www.bdfutbol.com/en/t/t1993-9410070.html,1994,Goalkeeper,Lierse,belgium_1993_94_identity_gate,,Rondags,,,9496195.jpg,40,55,JPEG,RGB,pending_identity_profile
9496240,Rosez,,Rosez,,,,,POR,9352006,Molenbeek,belgium_league_rosters_0.25,BDFutbol 1993-94 squad page; identity/position audit v0.25,https://www.bdfutbol.com/en/t/t1993-9410067.html,1994,Goalkeeper,Molenbeek,belgium_1993_94_identity_gate,,Rosez,,,9496240.jpg,40,55,JPEG,RGB,pending_identity_profile
9496241,Rouyr,,Rouyr,,,,,DEF,9352006,Molenbeek,belgium_league_rosters_0.25,BDFutbol 1993-94 squad page; identity/position audit v0.25,https://www.bdfutbol.com/en/t/t1993-9410067.html,1994,Centre Back,Molenbeek,belgium_1993_94_identity_gate,,Rouyr,,,9496241.jpg,40,55,JPEG,RGB,pending_identity_profile
9496657,Rozin,,Rozin,,,,,DEF,9315003,Tekstilshchik Kamyshin,russia_league_rosters_0.27,BDFutbol 1993 squad; identity/position audit v0.27,https://www.bdfutbol.com/en/t/t1993-9411094.html,1994,Left Back,Tekstilshchik Kamyshin,russia_1993_explicit_identity_gate,,Rozin,,,9496657.jpg,40,55,JPEG,RGB,pending_identity_profile
9496242,Rubenilson,,Rubenilson,,,62,,DEL,9352006,Molenbeek,belgium_league_rosters_0.25,BDFutbol 1993-94 squad page; identity/position audit v0.25,https://www.bdfutbol.com/en/t/t1993-9410067.html,1994,Centre Forward,Molenbeek,belgium_1993_94_identity_gate,,Rubenilson,,,9496242.jpg,40,55,JPEG,RGB,pending_identity_profile
9496820,Rumyantsev,,Rumyantsev,,,,,MED,9315011,Lokomotiv Nizhny Novgorod,russia_league_rosters_0.27,BDFutbol 1993 squad; identity/position audit v0.27,https://www.bdfutbol.com/en/t/t1993-9422016.html,1994,Centre Midfielder,Lokomotiv Nizhny Novgorod,russia_1993_explicit_identity_gate,,Rumyantsev,,,9496820.jpg,40,55,JPEG,RGB,pending_identity_profile
9496855,Ruslyakov,,Ruslyakov,,,,,MED,9315013,Luch Vladivostok,russia_league_rosters_0.27,BDFutbol 1993 squad; identity/position audit v0.27,https://www.bdfutbol.com/en/t/t1993-9422002.html,1994,Centre Midfielder,Luch Vladivostok,russia_1993_explicit_identity_gate,,Ruslyakov,,,9496855.jpg,40,55,JPEG,RGB,pending_identity_profile
9496649,Rybakov,,Rybakov,,,,,DEL,9315002,Dynamo Moskva,russia_league_rosters_0.27,BDFutbol 1993 squad; identity/position audit v0.27,https://www.bdfutbol.com/en/t/t1993-9410165.html,1994,Centre Forward,Dynamo Moskva,russia_1993_explicit_identity_gate,,Rybakov,,,9496649.jpg,40,55,JPEG,RGB,pending_identity_profile
9496826,Rydnyi,,Rydnyi,,,,,DEF,9315011,Lokomotiv Nizhny Novgorod,russia_league_rosters_0.27,BDFutbol 1993 squad; identity/position audit v0.27,https://www.bdfutbol.com/en/t/t1993-9422016.html,1994,Left Back,Lokomotiv Nizhny Novgorod,russia_1993_explicit_identity_gate,,Rydnyi,,,9496826.jpg,40,55,JPEG,RGB,pending_identity_profile
9496319,Rytchkov,,Rytchkov,,,40,,DEL,409,Standard Liège,belgium_league_rosters_0.25,BDFutbol 1993-94 squad page; identity/position audit v0.25,https://www.bdfutbol.com/en/t/t1993-9410012.html,1994,Right Winger,Standard Liège,belgium_1993_94_identity_gate,,Rytchkov,,,9496319.jpg,40,55,JPEG,RGB,pending_identity_profile
9496180,Sabbadini,,Sabbadini,,,,,DEF,459,KV Mechelen,belgium_league_rosters_0.25,BDFutbol 1993-94 squad page; identity/position audit v0.25,https://www.bdfutbol.com/en/t/t1993-9411101.html,1994,Centre Back,KV Mechelen,belgium_1993_94_identity_gate,,Sabbadini,,,9496180.jpg,40,55,JPEG,RGB,pending_identity_profile
9496345,Sabitov,,Sabitov,,,,,DEF,466,Waregem,belgium_league_rosters_0.25,BDFutbol 1993-94 squad page; identity/position audit v0.25,https://www.bdfutbol.com/en/t/t1993-9410295.html,1994,Centre Back,Waregem,belgium_1993_94_identity_gate,,Sabitov,,,9496345.jpg,40,55,JPEG,RGB,pending_identity_profile
9496672,Sabitov,,Sabitov,,,,,DEF,9315004,Lokomotiv Moskva,russia_league_rosters_0.27,BDFutbol 1993 squad; identity/position audit v0.27,https://www.bdfutbol.com/en/t/t1993-9410040.html,1994,Centre Back,Lokomotiv Moskva,russia_1993_explicit_identity_gate,,Sabitov,,,9496672.jpg,40,55,JPEG,RGB,pending_identity_profile
9496911,Safronov,,Safronov,,,,,MED,9315016,Asmaral Moskva,russia_league_rosters_0.27,BDFutbol 1993 squad; identity/position audit v0.27,https://www.bdfutbol.com/en/t/t1993-9422023.html,1994,Left Midfielder,Asmaral Moskva,russia_1993_explicit_identity_gate,,Safronov,,,9496911.jpg,40,55,JPEG,RGB,pending_identity_profile
9496673,Samatov,,Samatov,,,,,DEF,9315004,Lokomotiv Moskva,russia_league_rosters_0.27,BDFutbol 1993 squad; identity/position audit v0.27,https://www.bdfutbol.com/en/t/t1993-9410040.html,1994,Centre Back,Lokomotiv Moskva,russia_1993_explicit_identity_gate,,Samatov,,,9496673.jpg,40,55,JPEG,RGB,pending_identity_profile
9496653,Samorukov,,Samorukov,,,,,POR,9315003,Tekstilshchik Kamyshin,russia_league_rosters_0.27,BDFutbol 1993 squad; identity/position audit v0.27,https://www.bdfutbol.com/en/t/t1993-9411094.html,1994,Goalkeeper,Tekstilshchik Kamyshin,russia_1993_explicit_identity_gate,,Samorukov,,,9496653.jpg,40,55,JPEG,RGB,pending_identity_profile
9496734,Samsonenko,,Samsonenko,,,,,POR,9315006,Uralmash,russia_league_rosters_0.27,BDFutbol 1993 squad; identity/position audit v0.27,https://www.bdfutbol.com/en/t/t1993-9411709.html,1994,Goalkeeper,Uralmash,russia_1993_explicit_identity_gate,,Samsonenko,,,9496734.jpg,40,55,JPEG,RGB,pending_identity_profile
9496795,Sanaya,,Sanaya,,,,,POR,9315010,Dynamo Stavropol,russia_league_rosters_0.27,BDFutbol 1993 squad; identity/position audit v0.27,https://www.bdfutbol.com/en/t/t1993-9422021.html,1994,Goalkeeper,Dynamo Stavropol,russia_1993_explicit_identity_gate,,Sanaya,,,9496795.jpg,40,55,JPEG,RGB,pending_identity_profile
9496542,Sancak,,Sancak,,,,,DEF,9357011,Zeytinburnuspor,turkey_league_rosters_0.26,BDFutbol 1993-94 squad; identity/position audit v0.26,https://www.bdfutbol.com/en/t/t1993-949025.html,1994,Right Back,Zeytinburnuspor,turkey_1993_94_explicit_identity_gate,,Sancak,,,9496542.jpg,40,55,JPEG,RGB,pending_identity_profile
9496426,Sancaklı,,Sancaklı,,,,,DEL,9357004,Kocaelispor,turkey_league_rosters_0.26,BDFutbol 1993-94 squad; identity/position audit v0.26,https://www.bdfutbol.com/en/t/t1993-9410861.html,1994,Centre Forward,Kocaelispor,turkey_1993_94_explicit_identity_gate,,Sancaklı,,,9496426.jpg,40,55,JPEG,RGB,pending_identity_profile
9496527,Sancaktar,,Sancaktar,,,,,DEF,9357010,Kayserispor,turkey_league_rosters_0.26,BDFutbol 1993-94 squad; identity/position audit v0.26,https://www.bdfutbol.com/en/t/t1993-9410432.html,1994,Left Back,Kayserispor,turkey_1993_94_explicit_identity_gate,,Sancaktar,,,9496527.jpg,40,55,JPEG,RGB,pending_identity_profile
9496496,Sancarbarlaz,,Sancarbarlaz,,,,,MED,9357008,Altay,turkey_league_rosters_0.26,BDFutbol 1993-94 squad; identity/position audit v0.26,https://www.bdfutbol.com/en/t/t1993-9411414.html,1994,Left Midfielder,Altay,turkey_1993_94_explicit_identity_gate,,Sancarbarlaz,,,9496496.jpg,40,55,JPEG,RGB,pending_identity_profile
9496181,Sanders,,Sanders,,,,,MED,459,KV Mechelen,belgium_league_rosters_0.25,BDFutbol 1993-94 squad page; identity/position audit v0.25,https://www.bdfutbol.com/en/t/t1993-9411101.html,1994,Centre Midfielder,KV Mechelen,belgium_1993_94_identity_gate,,Sanders,,,9496181.jpg,40,55,JPEG,RGB,pending_identity_profile
9496893,Sanko,,Sanko,,,,,MED,9315015,Rostselmash,russia_league_rosters_0.27,BDFutbol 1993 squad; identity/position audit v0.27,https://www.bdfutbol.com/en/t/t1993-9410748.html,1994,Left Midfielder,Rostselmash,russia_1993_explicit_identity_gate,,Sanko,,,9496893.jpg,40,55,JPEG,RGB,pending_identity_profile
9496697,Saprykin,,Saprykin,,,,,DEL,9315005,Spartak Vladikavkaz,russia_league_rosters_0.27,BDFutbol 1993 squad; identity/position audit v0.27,https://www.bdfutbol.com/en/t/t1993-9410778.html,1994,Centre Forward,Spartak Vladikavkaz,russia_1993_explicit_identity_gate,,Saprykin,,,9496697.jpg,40,55,JPEG,RGB,pending_identity_profile
9496116,Sarpong,,Sarpong,,,42,,MED,462,Genk,belgium_league_rosters_0.25,BDFutbol 1993-94 squad page; identity/position audit v0.25,https://www.bdfutbol.com/en/t/t1993-9410201.html,1994,Attacking Midfielder,Genk,belgium_1993_94_identity_gate,,Sarpong,,,9496116.jpg,40,55,JPEG,RGB,pending_identity_profile
9496821,Saveljev,,Saveljev,,,,,MED,9315011,Lokomotiv Nizhny Novgorod,russia_league_rosters_0.27,BDFutbol 1993 squad; identity/position audit v0.27,https://www.bdfutbol.com/en/t/t1993-9422016.html,1994,Left Midfielder,Lokomotiv Nizhny Novgorod,russia_1993_explicit_identity_gate,,Saveljev,,,9496821.jpg,40,55,JPEG,RGB,pending_identity_profile
9496721,Savichev,,Savichev,,,,,DEF,1087,Torpedo Moskva,russia_league_rosters_0.27,BDFutbol 1993 squad; identity/position audit v0.27,https://www.bdfutbol.com/en/t/t1993-9410068.html,1994,Left Back,Torpedo Moskva,russia_1993_explicit_identity_gate,,Savichev,,,9496721.jpg,40,55,JPEG,RGB,pending_identity_profile
9496217,Scavone,,Scavone,,,,,MED,9352004,Lommel,belgium_league_rosters_0.25,BDFutbol 1993-94 squad page; identity/position audit v0.25,https://www.bdfutbol.com/en/t/t1993-9411701.html,1994,Right Midfielder,Lommel,belgium_1993_94_identity_gate,,Scavone,,,9496217.jpg,40,55,JPEG,RGB,pending_identity_profile
9496117,Schaessens,,Schaessens,,,,,MED,462,Genk,belgium_league_rosters_0.25,BDFutbol 1993-94 squad page; identity/position audit v0.25,https://www.bdfutbol.com/en/t/t1993-9410201.html,1994,Right Midfielder,Genk,belgium_1993_94_identity_gate,,Schaessens,,,9496117.jpg,40,55,JPEG,RGB,pending_identity_profile
9496218,Schops,,Schops,,,,,DEF,9352004,Lommel,belgium_league_rosters_0.25,BDFutbol 1993-94 squad page; identity/position audit v0.25,https://www.bdfutbol.com/en/t/t1993-9411701.html,1994,Right Back,Lommel,belgium_1993_94_identity_gate,,Schops,,,9496218.jpg,40,55,JPEG,RGB,pending_identity_profile
9496283,Sebwe,,Sebwe,,,,,MED,9352005,RFC Liège,belgium_league_rosters_0.25,BDFutbol 1993-94 squad page; identity/position audit v0.25,https://www.bdfutbol.com/en/t/t1993-9410266.html,1994,Right Midfielder,RFC Liège,belgium_1993_94_identity_gate,,Sebwe,,,9496283.jpg,40,55,JPEG,RGB,pending_identity_profile
9496301,Segers,,Segers,,,,,MED,1032,Royal Antwerp,belgium_league_rosters_0.25,BDFutbol 1993-94 squad page; identity/position audit v0.25,https://www.bdfutbol.com/en/t/t1993-9410010.html,1994,Centre Midfielder,Royal Antwerp,belgium_1993_94_identity_gate,,Segers,,,9496301.jpg,40,55,JPEG,RGB,pending_identity_profile
9496650,Selezov,,Selezov,,,,,DEL,9315002,Dynamo Moskva,russia_league_rosters_0.27,BDFutbol 1993 squad; identity/position audit v0.27,https://www.bdfutbol.com/en/t/t1993-9410165.html,1994,Centre Forward,Dynamo Moskva,russia_1993_explicit_identity_gate,,Selezov,,,9496650.jpg,40,55,JPEG,RGB,pending_identity_profile
9496370,Sentürk,,Sentürk,,,,,DEL,9357001,Fenerbahçe,turkey_league_rosters_0.26,BDFutbol 1993-94 squad; identity/position audit v0.26,https://www.bdfutbol.com/en/t/t1993-9410178.html,1994,Right Winger,Fenerbahçe,turkey_1993_94_explicit_identity_gate,,Sentürk,,,9496370.jpg,40,55,JPEG,RGB,pending_identity_profile
9496377,Serdar,,Serdar,,,,,DEF,9357002,Trabzonspor,turkey_league_rosters_0.26,BDFutbol 1993-94 squad; identity/position audit v0.26,https://www.bdfutbol.com/en/t/t1993-9410047.html,1994,Centre Back,Trabzonspor,turkey_1993_94_explicit_identity_gate,,Serdar,,,9496377.jpg,40,55,JPEG,RGB,pending_identity_profile
9496665,Sergeev,,Sergeev,,,,,DEL,9315003,Tekstilshchik Kamyshin,russia_league_rosters_0.27,BDFutbol 1993 squad; identity/position audit v0.27,https://www.bdfutbol.com/en/t/t1993-9411094.html,1994,Right Winger,Tekstilshchik Kamyshin,russia_1993_explicit_identity_gate,,Sergeev,,,9496665.jpg,40,55,JPEG,RGB,pending_identity_profile
9496750,Sergeev,,Sergeev,,,,,DEL,9315007,CSKA Moskva,russia_league_rosters_0.27,BDFutbol 1993 squad; identity/position audit v0.27,https://www.bdfutbol.com/en/t/t1993-9410030.html,1994,Centre Forward,CSKA Moskva,russia_1993_explicit_identity_gate,,Sergeev,,,9496750.jpg,40,55,JPEG,RGB,pending_identity_profile
9496907,Sergey Kuznetsov,Sergey,Kuznetsov,,,,,DEF,9315016,Asmaral Moskva,russia_league_rosters_0.27,BDFutbol 1993 squad; identity/position audit v0.27,https://www.bdfutbol.com/en/t/t1993-9422023.html,1994,Left Back,Asmaral Moskva,russia_1993_explicit_identity_gate,,Sergey Kuznetsov,,,9496907.jpg,40,55,JPEG,RGB,pending_identity_profile
9496196,Serneels,,Serneels,,,,,MED,851,Lierse,belgium_league_rosters_0.25,BDFutbol 1993-94 squad page; identity/position audit v0.25,https://www.bdfutbol.com/en/t/t1993-9410070.html,1994,Left Midfielder,Lierse,belgium_1993_94_identity_gate,,Serneels,,,9496196.jpg,40,55,JPEG,RGB,pending_identity_profile
9496538,Shabani,,Shabani,,,,,DEF,9357010,Kayserispor,turkey_league_rosters_0.26,BDFutbol 1993-94 squad; identity/position audit v0.26,https://www.bdfutbol.com/en/t/t1993-9410432.html,1994,Centre Back,Kayserispor,turkey_1993_94_explicit_identity_gate,,Shabani,,,9496538.jpg,40,55,JPEG,RGB,pending_identity_profile
9496813,Shantalosau,,Shantalosau,,,,,POR,9315011,Lokomotiv Nizhny Novgorod,russia_league_rosters_0.27,BDFutbol 1993 squad; identity/position audit v0.27,https://www.bdfutbol.com/en/t/t1993-9422016.html,1994,Goalkeeper,Lokomotiv Nizhny Novgorod,russia_1993_explicit_identity_gate,,Shantalosau,,,9496813.jpg,40,55,JPEG,RGB,pending_identity_profile
9496835,Sharipov,,Sharipov,,,,,DEF,9315012,Krylia Sovetov,russia_league_rosters_0.27,BDFutbol 1993 squad; identity/position audit v0.27,https://www.bdfutbol.com/en/t/t1993-9410800.html,1994,Left Back,Krylia Sovetov,russia_1993_explicit_identity_gate,,Sharipov,,,9496835.jpg,40,55,JPEG,RGB,pending_identity_profile
9496663,Shaymukhametov,,Shaymukhametov,,,,,DEL,9315003,Tekstilshchik Kamyshin,russia_league_rosters_0.27,BDFutbol 1993 squad; identity/position audit v0.27,https://www.bdfutbol.com/en/t/t1993-9411094.html,1994,Centre Forward,Tekstilshchik Kamyshin,russia_1993_explicit_identity_gate,,Shaymukhametov,,,9496663.jpg,40,55,JPEG,RGB,pending_identity_profile
9496822,Shchukin,,Shchukin,,,,,DEL,9315011,Lokomotiv Nizhny Novgorod,russia_league_rosters_0.27,BDFutbol 1993 squad; identity/position audit v0.27,https://www.bdfutbol.com/en/t/t1993-9422016.html,1994,Centre Forward,Lokomotiv Nizhny Novgorod,russia_1993_explicit_identity_gate,,Shchukin,,,9496822.jpg,40,55,JPEG,RGB,pending_identity_profile
9496502,Shelepnytskyi,,Shelepnytskyi,,,,,MED,9357008,Altay,turkey_league_rosters_0.26,BDFutbol 1993-94 squad; identity/position audit v0.26,https://www.bdfutbol.com/en/t/t1993-9411414.html,1994,Attacking Midfielder,Altay,turkey_1993_94_explicit_identity_gate,,Shelepnytskyi,,,9496502.jpg,40,55,JPEG,RGB,pending_identity_profile
9496799,Shestakov,,Shestakov,,,,,DEF,9315010,Dynamo Stavropol,russia_league_rosters_0.27,BDFutbol 1993 squad; identity/position audit v0.27,https://www.bdfutbol.com/en/t/t1993-9422021.html,1994,Left Back,Dynamo Stavropol,russia_1993_explicit_identity_gate,,Shestakov,,,9496799.jpg,40,55,JPEG,RGB,pending_identity_profile
9496867,Shishkin,,Shishkin,,,,,POR,9315014,Okean Nakhodka,russia_league_rosters_0.27,BDFutbol 1993 squad; identity/position audit v0.27,https://www.bdfutbol.com/en/t/t1993-9422022.html,1994,Goalkeeper,Okean Nakhodka,russia_1993_explicit_identity_gate,,Shishkin,,,9496867.jpg,40,55,JPEG,RGB,pending_identity_profile
9496914,Shiyanov,,Shiyanov,,,,,POR,9315016,Asmaral Moskva,russia_league_rosters_0.27,BDFutbol 1993 squad; identity/position audit v0.27,https://www.bdfutbol.com/en/t/t1993-9422023.html,1994,Goalkeeper,Asmaral Moskva,russia_1993_explicit_identity_gate,,Shiyanov,,,9496914.jpg,40,55,JPEG,RGB,pending_identity_profile
9496622,Shmarko,,Shmarko,,,,,DEF,9315001,Rotor Volgograd,russia_league_rosters_0.27,BDFutbol 1993 squad; identity/position audit v0.27,https://www.bdfutbol.com/en/t/t1993-9411034.html,1994,Centre Back,Rotor Volgograd,russia_1993_explicit_identity_gate,,Shmarko,,,9496622.jpg,40,55,JPEG,RGB,pending_identity_profile
9496380,Shota Arveladze,Shota,Arveladze,,,,,DEL,9357002,Trabzonspor,turkey_league_rosters_0.26,BDFutbol 1993-94 squad; identity/position audit v0.26,https://www.bdfutbol.com/en/t/t1993-9410047.html,1994,Centre Forward,Trabzonspor,turkey_1993_94_explicit_identity_gate,,Shota Arveladze,,,9496380.jpg,40,55,JPEG,RGB,pending_identity_profile
9496880,Shpiryuk,,Shpiryuk,,,,,DEF,9315014,Okean Nakhodka,russia_league_rosters_0.27,BDFutbol 1993 squad; identity/position audit v0.27,https://www.bdfutbol.com/en/t/t1993-9422022.html,1994,Centre Back,Okean Nakhodka,russia_1993_explicit_identity_gate,,Shpiryuk,,,9496880.jpg,40,55,JPEG,RGB,pending_identity_profile
9496905,Shulgin,,Shulgin,,,,,DEF,9315016,Asmaral Moskva,russia_league_rosters_0.27,BDFutbol 1993 squad; identity/position audit v0.27,https://www.bdfutbol.com/en/t/t1993-9422023.html,1994,Centre Back,Asmaral Moskva,russia_1993_explicit_identity_gate,,Shulgin,,,9496905.jpg,40,55,JPEG,RGB,pending_identity_profile
9496720,Shustikov,,Shustikov,,,,,DEF,1087,Torpedo Moskva,russia_league_rosters_0.27,BDFutbol 1993 squad; identity/position audit v0.27,https://www.bdfutbol.com/en/t/t1993-9410068.html,1994,Centre Back,Torpedo Moskva,russia_1993_explicit_identity_gate,,Shustikov,,,9496720.jpg,40,55,JPEG,RGB,pending_identity_profile
9496375,Silin,,Silin,,,,,POR,9357002,Trabzonspor,turkey_league_rosters_0.26,BDFutbol 1993-94 squad; identity/position audit v0.26,https://www.bdfutbol.com/en/t/t1993-9410047.html,1994,Goalkeeper,Trabzonspor,turkey_1993_94_explicit_identity_gate,,Silin,,,9496375.jpg,40,55,JPEG,RGB,pending_identity_profile
9496070,Silvagni,,Silvagni,,,63,,MED,454,Charleroi,belgium_league_rosters_0.25,BDFutbol 1993-94 squad page; identity/position audit v0.25,https://www.bdfutbol.com/en/t/t1993-9410718.html,1994,Defensive Midfielder,Charleroi,belgium_1993_94_identity_gate,,Silvagni,,,9496070.jpg,40,55,JPEG,RGB,pending_identity_profile
9496197,Simmes,,Simmes,,,,,DEL,851,Lierse,belgium_league_rosters_0.25,BDFutbol 1993-94 squad page; identity/position audit v0.25,https://www.bdfutbol.com/en/t/t1993-9410070.html,1994,Centre Forward,Lierse,belgium_1993_94_identity_gate,,Simmes,,,9496197.jpg,40,55,JPEG,RGB,pending_identity_profile
9496762,Sinev,,Sinev,,,,,DEF,9315008,KAMAZ,russia_league_rosters_0.27,BDFutbol 1993 squad; identity/position audit v0.27,https://www.bdfutbol.com/en/t/t1993-9411710.html,1994,Centre Back,KAMAZ,russia_1993_explicit_identity_gate,,Sinev,,,9496762.jpg,40,55,JPEG,RGB,pending_identity_profile
9496049,Siquet,,Siquet,,,,,DEF,455,Cercle Brugge,belgium_league_rosters_0.25,BDFutbol 1993-94 squad page; identity/position audit v0.25,https://www.bdfutbol.com/en/t/t1993-9410785.html,1994,Centre Back,Cercle Brugge,belgium_1993_94_identity_gate,,Siquet,,,9496049.jpg,40,55,JPEG,RGB,pending_identity_profile
9496094,Sironval,,Sironval,,,,,POR,9352001,FC Seraing,belgium_league_rosters_0.25,BDFutbol 1993-94 squad page; identity/position audit v0.25,https://www.bdfutbol.com/en/t/t1993-9412101.html,1994,Goalkeeper,FC Seraing,belgium_1993_94_identity_gate,,Sironval,,,9496094.jpg,40,55,JPEG,RGB,pending_identity_profile
9496854,Skorkin,,Skorkin,,,,,MED,9315013,Luch Vladivostok,russia_league_rosters_0.27,BDFutbol 1993 squad; identity/position audit v0.27,https://www.bdfutbol.com/en/t/t1993-9422002.html,1994,Right Midfielder,Luch Vladivostok,russia_1993_explicit_identity_gate,,Skorkin,,,9496854.jpg,40,55,JPEG,RGB,pending_identity_profile
9496320,Smeets,,Smeets,,,,,MED,409,Standard Liège,belgium_league_rosters_0.25,BDFutbol 1993-94 squad page; identity/position audit v0.25,https://www.bdfutbol.com/en/t/t1993-9410012.html,1994,Centre Midfielder,Standard Liège,belgium_1993_94_identity_gate,,Smeets,,,9496320.jpg,40,55,JPEG,RGB,pending_identity_profile
9496642,Smertin,,Smertin,,,,,MED,9315002,Dynamo Moskva,russia_league_rosters_0.27,BDFutbol 1993 squad; identity/position audit v0.27,https://www.bdfutbol.com/en/t/t1993-9410165.html,1994,Centre Midfielder,Dynamo Moskva,russia_1993_explicit_identity_gate,,Smertin,,,9496642.jpg,40,55,JPEG,RGB,pending_identity_profile
9496646,Smetanin,,Smetanin,,,,,POR,9315002,Dynamo Moskva,russia_league_rosters_0.27,BDFutbol 1993 squad; identity/position audit v0.27,https://www.bdfutbol.com/en/t/t1993-9410165.html,1994,Goalkeeper,Dynamo Moskva,russia_1993_explicit_identity_gate,,Smetanin,,,9496646.jpg,40,55,JPEG,RGB,pending_identity_profile
9496677,Smirnov,,Smirnov,,,,,MED,9315004,Lokomotiv Moskva,russia_league_rosters_0.27,BDFutbol 1993 squad; identity/position audit v0.27,https://www.bdfutbol.com/en/t/t1993-9410040.html,1994,Centre Midfielder,Lokomotiv Moskva,russia_1993_explicit_identity_gate,,Smirnov,,,9496677.jpg,40,55,JPEG,RGB,pending_identity_profile
9496873,Smirnov,,Smirnov,,,,,MED,9315014,Okean Nakhodka,russia_league_rosters_0.27,BDFutbol 1993 squad; identity/position audit v0.27,https://www.bdfutbol.com/en/t/t1993-9422022.html,1994,Centre Midfielder,Okean Nakhodka,russia_1993_explicit_identity_gate,,Smirnov,,,9496873.jpg,40,55,JPEG,RGB,pending_identity_profile
9496669,Smolkov,,Smolkov,,,,,MED,9315003,Tekstilshchik Kamyshin,russia_league_rosters_0.27,BDFutbol 1993 squad; identity/position audit v0.27,https://www.bdfutbol.com/en/t/t1993-9411094.html,1994,Right Midfielder,Tekstilshchik Kamyshin,russia_1993_explicit_identity_gate,,Smolkov,,,9496669.jpg,40,55,JPEG,RGB,pending_identity_profile
9496198,Snelders,,Snelders,,,,,DEF,851,Lierse,belgium_league_rosters_0.25,BDFutbol 1993-94 squad page; identity/position audit v0.25,https://www.bdfutbol.com/en/t/t1993-9410070.html,1994,Right Back,Lierse,belgium_1993_94_identity_gate,,Snelders,,,9496198.jpg,40,55,JPEG,RGB,pending_identity_profile
9496199,Snoeckx,,Snoeckx,,,,,DEF,851,Lierse,belgium_league_rosters_0.25,BDFutbol 1993-94 squad page; identity/position audit v0.25,https://www.bdfutbol.com/en/t/t1993-9410070.html,1994,Left Back,Lierse,belgium_1993_94_identity_gate,,Snoeckx,,,9496199.jpg,40,55,JPEG,RGB,pending_identity_profile
9496667,Sobol,,Sobol,,,,,DEF,9315003,Tekstilshchik Kamyshin,russia_league_rosters_0.27,BDFutbol 1993 squad; identity/position audit v0.27,https://www.bdfutbol.com/en/t/t1993-9411094.html,1994,Right Back,Tekstilshchik Kamyshin,russia_1993_explicit_identity_gate,,Sobol,,,9496667.jpg,40,55,JPEG,RGB,pending_identity_profile
9496881,Sobolev,,Sobolev,,,,,DEF,9315014,Okean Nakhodka,russia_league_rosters_0.27,BDFutbol 1993 squad; identity/position audit v0.27,https://www.bdfutbol.com/en/t/t1993-9422022.html,1994,Right Back,Okean Nakhodka,russia_1993_explicit_identity_gate,,Sobolev,,,9496881.jpg,40,55,JPEG,RGB,pending_identity_profile
9496050,Soenens,,Soenens,,,,,MED,455,Cercle Brugge,belgium_league_rosters_0.25,BDFutbol 1993-94 squad page; identity/position audit v0.25,https://www.bdfutbol.com/en/t/t1993-9410785.html,1994,Centre Midfielder,Cercle Brugge,belgium_1993_94_identity_gate,,Soenens,,,9496050.jpg,40,55,JPEG,RGB,pending_identity_profile
9496488,Sofuoğlu,,Sofuoğlu,,,,,MED,9357007,Bursaspor,turkey_league_rosters_0.26,BDFutbol 1993-94 squad; identity/position audit v0.26,https://www.bdfutbol.com/en/t/t1993-9410247.html,1994,Left Midfielder,Bursaspor,turkey_1993_94_explicit_identity_gate,,Sofuoğlu,,,9496488.jpg,40,55,JPEG,RGB,pending_identity_profile
9496804,Sokolov,,Sokolov,,,,,DEL,9315010,Dynamo Stavropol,russia_league_rosters_0.27,BDFutbol 1993 squad; identity/position audit v0.27,https://www.bdfutbol.com/en/t/t1993-9422021.html,1994,Centre Forward,Dynamo Stavropol,russia_1993_explicit_identity_gate,,Sokolov,,,9496804.jpg,40,55,JPEG,RGB,pending_identity_profile
9496709,Solovyov,,Solovyov,,,,,DEF,1087,Torpedo Moskva,russia_league_rosters_0.27,BDFutbol 1993 squad; identity/position audit v0.27,https://www.bdfutbol.com/en/t/t1993-9410068.html,1994,Left Back,Torpedo Moskva,russia_1993_explicit_identity_gate,,Solovyov,,,9496709.jpg,40,55,JPEG,RGB,pending_identity_profile
9496382,Soner,,Soner,,,,,DEF,9357002,Trabzonspor,turkey_league_rosters_0.26,BDFutbol 1993-94 squad; identity/position audit v0.26,https://www.bdfutbol.com/en/t/t1993-9410047.html,1994,Left Back,Trabzonspor,turkey_1993_94_explicit_identity_gate,,Soner,,,9496382.jpg,40,55,JPEG,RGB,pending_identity_profile
9496736,Sosnitsky,,Sosnitsky,,,,,MED,9315006,Uralmash,russia_league_rosters_0.27,BDFutbol 1993 squad; identity/position audit v0.27,https://www.bdfutbol.com/en/t/t1993-9411709.html,1994,Centre Midfielder,Uralmash,russia_1993_explicit_identity_gate,,Sosnitsky,,,9496736.jpg,40,55,JPEG,RGB,pending_identity_profile
9496321,Soudan,,Soudan,,,,,DEF,409,Standard Liège,belgium_league_rosters_0.25,BDFutbol 1993-94 squad page; identity/position audit v0.25,https://www.bdfutbol.com/en/t/t1993-9410012.html,1994,Right Back,Standard Liège,belgium_1993_94_identity_gate,,Soudan,,,9496321.jpg,40,55,JPEG,RGB,pending_identity_profile
9496510,Soydaş,,Soydaş,,,,,MED,9357009,Ankaragücü,turkey_league_rosters_0.26,BDFutbol 1993-94 squad; identity/position audit v0.26,https://www.bdfutbol.com/en/t/t1993-9410353.html,1994,Right Midfielder,Ankaragücü,turkey_1993_94_explicit_identity_gate,,Soydaş,,,9496510.jpg,40,55,JPEG,RGB,pending_identity_profile
9496525,Soykök,,Soykök,,,,,DEF,9357010,Kayserispor,turkey_league_rosters_0.26,BDFutbol 1993-94 squad; identity/position audit v0.26,https://www.bdfutbol.com/en/t/t1993-9410432.html,1994,Centre Back,Kayserispor,turkey_1993_94_explicit_identity_gate,,Soykök,,,9496525.jpg,40,55,JPEG,RGB,pending_identity_profile
9496892,Spanderashvili,,Spanderashvili,,,,,MED,9315015,Rostselmash,russia_league_rosters_0.27,BDFutbol 1993 squad; identity/position audit v0.27,https://www.bdfutbol.com/en/t/t1993-9410748.html,1994,Centre Midfielder,Rostselmash,russia_1993_explicit_identity_gate,,Spanderashvili,,,9496892.jpg,40,55,JPEG,RGB,pending_identity_profile
9496346,Stalmans,,Stalmans,,,,,MED,466,Waregem,belgium_league_rosters_0.25,BDFutbol 1993-94 squad page; identity/position audit v0.25,https://www.bdfutbol.com/en/t/t1993-9410295.html,1994,Centre Midfielder,Waregem,belgium_1993_94_identity_gate,,Stalmans,,,9496346.jpg,40,55,JPEG,RGB,pending_identity_profile
9494180,Stephen Keshi,Stephen,Keshi,,1962-01-23T00:00:00,59,,DEF,9352006,Molenbeek,,BDFutbol 1993-94 squad page; identity/position audit v0.25,https://www.bdfutbol.com/en/t/t1993-9410067.html,1994,Centre Back,Molenbeek,belgium_1993_94_identity_gate,9494180,Stephen Keshi,,,9494180.jpg,40,55,JPEG,RGB,pending_identity_profile
9496632,Stogov,,Stogov,,,,,DEL,9315001,Rotor Volgograd,russia_league_rosters_0.27,BDFutbol 1993 squad; identity/position audit v0.27,https://www.bdfutbol.com/en/t/t1993-9411034.html,1994,Right Winger,Rotor Volgograd,russia_1993_explicit_identity_gate,,Stogov,,,9496632.jpg,40,55,JPEG,RGB,pending_identity_profile
9496095,Stojić,,Stojić,,,,,POR,9352001,FC Seraing,belgium_league_rosters_0.25,BDFutbol 1993-94 squad page; identity/position audit v0.25,https://www.bdfutbol.com/en/t/t1993-9412101.html,1994,Goalkeeper,FC Seraing,belgium_1993_94_identity_gate,,Stojić,,,9496095.jpg,40,55,JPEG,RGB,pending_identity_profile
9496263,Stoops,,Stoops,,,,,DEF,908,Oostende,belgium_league_rosters_0.25,BDFutbol 1993-94 squad page; identity/position audit v0.25,https://www.bdfutbol.com/en/t/t1993-9410949.html,1994,Left Back,Oostende,belgium_1993_94_identity_gate,,Stoops,,,9496263.jpg,40,55,JPEG,RGB,pending_identity_profile
9496913,Storchak,,Storchak,,,,,DEL,9315016,Asmaral Moskva,russia_league_rosters_0.27,BDFutbol 1993 squad; identity/position audit v0.27,https://www.bdfutbol.com/en/t/t1993-9422023.html,1994,Centre Forward,Asmaral Moskva,russia_1993_explicit_identity_gate,,Storchak,,,9496913.jpg,40,55,JPEG,RGB,pending_identity_profile
9496889,Styopushkin,,Styopushkin,,,,,DEF,9315015,Rostselmash,russia_league_rosters_0.27,BDFutbol 1993 squad; identity/position audit v0.27,https://www.bdfutbol.com/en/t/t1993-9410748.html,1994,Left Back,Rostselmash,russia_1993_explicit_identity_gate,,Styopushkin,,,9496889.jpg,40,55,JPEG,RGB,pending_identity_profile
9496704,Suanov,,Suanov,,,,,DEL,9315005,Spartak Vladikavkaz,russia_league_rosters_0.27,BDFutbol 1993 squad; identity/position audit v0.27,https://www.bdfutbol.com/en/t/t1993-9410778.html,1994,Right Winger,Spartak Vladikavkaz,russia_1993_explicit_identity_gate,,Suanov,,,9496704.jpg,40,55,JPEG,RGB,pending_identity_profile
9496494,Suna,,Suna,,,,,MED,9357008,Altay,turkey_league_rosters_0.26,BDFutbol 1993-94 squad; identity/position audit v0.26,https://www.bdfutbol.com/en/t/t1993-9411414.html,1994,Centre Midfielder,Altay,turkey_1993_94_explicit_identity_gate,,Suna,,,9496494.jpg,40,55,JPEG,RGB,pending_identity_profile
9494187,Sunday Oliseh,Sunday,Oliseh,,1974-09-14T00:00:00,59,,MED,9352005,RFC Liège,,BDFutbol 1993-94 squad page; identity/position audit v0.25,https://www.bdfutbol.com/en/t/t1993-9410266.html,1994,Centre Midfielder,RFC Liège,belgium_1993_94_identity_gate,9494187,Sunday Oliseh,,,9494187.jpg,40,55,JPEG,RGB,pending_identity_profile
9496302,Svilar,,Svilar,,,75,,POR,1032,Royal Antwerp,belgium_league_rosters_0.25,BDFutbol 1993-94 squad page; identity/position audit v0.25,https://www.bdfutbol.com/en/t/t1993-9410010.html,1994,Goalkeeper,Royal Antwerp,belgium_1993_94_identity_gate,,Svilar,,,9496302.jpg,40,55,JPEG,RGB,pending_identity_profile
9496096,Swerdtfegers,,Swerdtfegers,,,,,DEF,9352001,FC Seraing,belgium_league_rosters_0.25,BDFutbol 1993-94 squad page; identity/position audit v0.25,https://www.bdfutbol.com/en/t/t1993-9412101.html,1994,Centre Back,FC Seraing,belgium_1993_94_identity_gate,,Swerdtfegers,,,9496096.jpg,40,55,JPEG,RGB,pending_identity_profile
9496347,Syx,,Syx,,,,,MED,466,Waregem,belgium_league_rosters_0.25,BDFutbol 1993-94 squad page; identity/position audit v0.25,https://www.bdfutbol.com/en/t/t1993-9410295.html,1994,Right Midfielder,Waregem,belgium_1993_94_identity_gate,,Syx,,,9496347.jpg,40,55,JPEG,RGB,pending_identity_profile
9496460,Sönmez,,Sönmez,,,,,MED,9357006,Gaziantepspor,turkey_league_rosters_0.26,BDFutbol 1993-94 squad; identity/position audit v0.26,https://www.bdfutbol.com/en/t/t1993-9410300.html,1994,Centre Midfielder,Gaziantepspor,turkey_1993_94_explicit_identity_gate,,Sönmez,,,9496460.jpg,40,55,JPEG,RGB,pending_identity_profile
9496436,Sözeri,,Sözeri,,,,,DEF,9357005,Gençlerbirliği,turkey_league_rosters_0.26,BDFutbol 1993-94 squad; identity/position audit v0.26,https://www.bdfutbol.com/en/t/t1993-9410358.html,1994,Right Back,Gençlerbirliği,turkey_1993_94_explicit_identity_gate,,Sözeri,,,9496436.jpg,40,55,JPEG,RGB,pending_identity_profile
9496480,Sørloth,,Sørloth,,,,,DEL,9357007,Bursaspor,turkey_league_rosters_0.26,BDFutbol 1993-94 squad; identity/position audit v0.26,https://www.bdfutbol.com/en/t/t1993-9410247.html,1994,Centre Forward,Bursaspor,turkey_1993_94_explicit_identity_gate,,Sørloth,,,9496480.jpg,40,55,JPEG,RGB,pending_identity_profile
9496696,Süleymanov,,Süleymanov,,,,,DEL,9315005,Spartak Vladikavkaz,russia_league_rosters_0.27,BDFutbol 1993 squad; identity/position audit v0.27,https://www.bdfutbol.com/en/t/t1993-9410778.html,1994,Centre Forward,Spartak Vladikavkaz,russia_1993_explicit_identity_gate,,Süleymanov,,,9496696.jpg,40,55,JPEG,RGB,pending_identity_profile
9496581,Sır,,Sır,,,,,DEF,9357013,Karşıyaka,turkey_league_rosters_0.26,BDFutbol 1993-94 squad; identity/position audit v0.26,https://www.bdfutbol.com/en/t/t1993-949026.html,1994,Left Back,Karşıyaka,turkey_1993_94_explicit_identity_gate,,Sır,,,9496581.jpg,40,55,JPEG,RGB,pending_identity_profile
9496303,Taeymans,,Taeymans,,,,,DEF,1032,Royal Antwerp,belgium_league_rosters_0.25,BDFutbol 1993-94 squad page; identity/position audit v0.25,https://www.bdfutbol.com/en/t/t1993-9410010.html,1994,Centre Back,Royal Antwerp,belgium_1993_94_identity_gate,,Taeymans,,,9496303.jpg,40,55,JPEG,RGB,pending_identity_profile
9496161,Tahamata,,Tahamata,,,3,,MED,9352003,Germinal Ekeren,belgium_league_rosters_0.25,BDFutbol 1993-94 squad page; identity/position audit v0.25,https://www.bdfutbol.com/en/t/t1993-9411039.html,1994,Centre Midfielder,Germinal Ekeren,belgium_1993_94_identity_gate,,Tahamata,,,9496161.jpg,40,55,JPEG,RGB,pending_identity_profile
9496715,Talalayev,,Talalayev,,,,,DEL,1087,Torpedo Moskva,russia_league_rosters_0.27,BDFutbol 1993 squad; identity/position audit v0.27,https://www.bdfutbol.com/en/t/t1993-9410068.html,1994,Centre Forward,Torpedo Moskva,russia_1993_explicit_identity_gate,,Talalayev,,,9496715.jpg,40,55,JPEG,RGB,pending_identity_profile
9496162,Talbut,,Talbut,,,,,DEF,9352003,Germinal Ekeren,belgium_league_rosters_0.25,BDFutbol 1993-94 squad page; identity/position audit v0.25,https://www.bdfutbol.com/en/t/t1993-9411039.html,1994,Centre Back,Germinal Ekeren,belgium_1993_94_identity_gate,,Talbut,,,9496162.jpg,40,55,JPEG,RGB,pending_identity_profile
9496895,Tatarkin,,Tatarkin,,,,,DEL,9315015,Rostselmash,russia_league_rosters_0.27,BDFutbol 1993 squad; identity/position audit v0.27,https://www.bdfutbol.com/en/t/t1993-9410748.html,1994,Centre Forward,Rostselmash,russia_1993_explicit_identity_gate,,Tatarkin,,,9496895.jpg,40,55,JPEG,RGB,pending_identity_profile
9496365,Tayfur,,Tayfur,,,,,MED,9357001,Fenerbahçe,turkey_league_rosters_0.26,BDFutbol 1993-94 squad; identity/position audit v0.26,https://www.bdfutbol.com/en/t/t1993-9410178.html,1994,Centre Midfielder,Fenerbahçe,turkey_1993_94_explicit_identity_gate,,Tayfur,,,9496365.jpg,40,55,JPEG,RGB,pending_identity_profile
9496589,Taygun,,Taygun,,,,,DEF,9357013,Karşıyaka,turkey_league_rosters_0.26,BDFutbol 1993-94 squad; identity/position audit v0.26,https://www.bdfutbol.com/en/t/t1993-949026.html,1994,Left Back,Karşıyaka,turkey_1993_94_explicit_identity_gate,,Taygun,,,9496589.jpg,40,55,JPEG,RGB,pending_identity_profile
9496439,Taşkın,,Taşkın,,,,,DEF,9357005,Gençlerbirliği,turkey_league_rosters_0.26,BDFutbol 1993-94 squad; identity/position audit v0.26,https://www.bdfutbol.com/en/t/t1993-9410358.html,1994,Left Back,Gençlerbirliği,turkey_1993_94_explicit_identity_gate,,Taşkın,,,9496439.jpg,40,55,JPEG,RGB,pending_identity_profile
9496373,Taşkıran,,Taşkıran,,,,,MED,9357001,Fenerbahçe,turkey_league_rosters_0.26,BDFutbol 1993-94 squad; identity/position audit v0.26,https://www.bdfutbol.com/en/t/t1993-9410178.html,1994,Centre Midfielder,Fenerbahçe,turkey_1993_94_explicit_identity_gate,,Taşkıran,,,9496373.jpg,40,55,JPEG,RGB,pending_identity_profile
9496640,Tedeyev,,Tedeyev,,,,,MED,9315002,Dynamo Moskva,russia_league_rosters_0.27,BDFutbol 1993 squad; identity/position audit v0.27,https://www.bdfutbol.com/en/t/t1993-9410165.html,1994,Right Midfielder,Dynamo Moskva,russia_1993_explicit_identity_gate,,Tedeyev,,,9496640.jpg,40,55,JPEG,RGB,pending_identity_profile
9496611,Tekelioğlu,,Tekelioğlu,,,,,MED,9357014,Sarıyer,turkey_league_rosters_0.26,BDFutbol 1993-94 squad; identity/position audit v0.26,https://www.bdfutbol.com/en/t/t1993-949024.html,1994,Right Midfielder,Sarıyer,turkey_1993_94_explicit_identity_gate,,Tekelioğlu,,,9496611.jpg,40,55,JPEG,RGB,pending_identity_profile
9496097,Teppers,,Teppers,,,,,MED,9352001,FC Seraing,belgium_league_rosters_0.25,BDFutbol 1993-94 squad page; identity/position audit v0.25,https://www.bdfutbol.com/en/t/t1993-9412101.html,1994,Right Midfielder,FC Seraing,belgium_1993_94_identity_gate,,Teppers,,,9496097.jpg,40,55,JPEG,RGB,pending_identity_profile
9496243,Thairet,,Thairet,,,,,MED,9352006,Molenbeek,belgium_league_rosters_0.25,BDFutbol 1993-94 squad page; identity/position audit v0.25,https://www.bdfutbol.com/en/t/t1993-9410067.html,1994,Centre Midfielder,Molenbeek,belgium_1993_94_identity_gate,,Thairet,,,9496243.jpg,40,55,JPEG,RGB,pending_identity_profile
9496284,Theissen,,Theissen,,,,,DEF,9352005,RFC Liège,belgium_league_rosters_0.25,BDFutbol 1993-94 squad page; identity/position audit v0.25,https://www.bdfutbol.com/en/t/t1993-9410266.html,1994,Right Back,RFC Liège,belgium_1993_94_identity_gate,,Theissen,,,9496284.jpg,40,55,JPEG,RGB,pending_identity_profile
9496327,Thierry Pister,Thierry,Pister,,,,,DEF,409,Standard Liège,belgium_league_rosters_0.25,BDFutbol 1993-94 squad page; identity/position audit v0.25,https://www.bdfutbol.com/en/t/t1993-9410012.html,1994,Left Back,Standard Liège,belgium_1993_94_identity_gate,,Thierry Pister,65661,https://www.bdfutbol.com/en/j/j65661.html,9496327.jpg,40,55,JPEG,RGB,ready_for_download
9496118,Thijs,,Thijs,,,,,POR,462,Genk,belgium_league_rosters_0.25,BDFutbol 1993-94 squad page; identity/position audit v0.25,https://www.bdfutbol.com/en/t/t1993-9410201.html,1994,Goalkeeper,Genk,belgium_1993_94_identity_gate,,Thijs,,,9496118.jpg,40,55,JPEG,RGB,pending_identity_profile
9496025,Thoelen,,Thoelen,,,,,MED,9352002,Beveren,belgium_league_rosters_0.25,BDFutbol 1993-94 squad page; identity/position audit v0.25,https://www.bdfutbol.com/en/t/t1993-9412039.html,1994,Centre Midfielder,Beveren,belgium_1993_94_identity_gate,,Thoelen,,,9496025.jpg,40,55,JPEG,RGB,pending_identity_profile
9494021,Tibor Selymes,Tibor,Selymes,,1970-05-14T00:00:00,72,,DEF,455,Cercle Brugge,,BDFutbol 1993-94 squad page; identity/position audit v0.25,https://www.bdfutbol.com/en/t/t1993-9410785.html,1994,Left Back,Cercle Brugge,belgium_1993_94_identity_gate,9494021,Tibor Selymes,,,9494021.jpg,40,55,JPEG,RGB,pending_identity_profile
9496902,Tikhonov,,Tikhonov,,,,,DEF,9315015,Rostselmash,russia_league_rosters_0.27,BDFutbol 1993 squad; identity/position audit v0.27,https://www.bdfutbol.com/en/t/t1993-9410748.html,1994,Left Back,Rostselmash,russia_1993_explicit_identity_gate,,Tikhonov,,,9496902.jpg,40,55,JPEG,RGB,pending_identity_profile
9496639,Timofeev,,Timofeev,,,,,DEF,9315002,Dynamo Moskva,russia_league_rosters_0.27,BDFutbol 1993 squad; identity/position audit v0.27,https://www.bdfutbol.com/en/t/t1993-9410165.html,1994,Left Back,Dynamo Moskva,russia_1993_explicit_identity_gate,,Timofeev,,,9496639.jpg,40,55,JPEG,RGB,pending_identity_profile
9496405,Timofte,,Timofte,,,,,MED,9357003,Samsunspor,turkey_league_rosters_0.26,BDFutbol 1993-94 squad; identity/position audit v0.26,https://www.bdfutbol.com/en/t/t1993-9411698.html,1994,Right Midfielder,Samsunspor,turkey_1993_94_explicit_identity_gate,,Timofte,,,9496405.jpg,40,55,JPEG,RGB,pending_identity_profile
9496645,Tishkov,,Tishkov,,,,,DEL,9315002,Dynamo Moskva,russia_league_rosters_0.27,BDFutbol 1993 squad; identity/position audit v0.27,https://www.bdfutbol.com/en/t/t1993-9410165.html,1994,Centre Forward,Dynamo Moskva,russia_1993_explicit_identity_gate,,Tishkov,,,9496645.jpg,40,55,JPEG,RGB,pending_identity_profile
9496399,Tokaç,,Tokaç,,,,,MED,644,Beşiktaş,turkey_league_rosters_0.26,BDFutbol 1993-94 squad; identity/position audit v0.26,https://www.bdfutbol.com/en/t/t1993-9410031.html,1994,Attacking Midfielder,Beşiktaş,turkey_1993_94_explicit_identity_gate,,Tokaç,,,9496399.jpg,40,55,JPEG,RGB,pending_identity_profile
9496593,Topal,,Topal,,,,,DEL,9357013,Karşıyaka,turkey_league_rosters_0.26,BDFutbol 1993-94 squad; identity/position audit v0.26,https://www.bdfutbol.com/en/t/t1993-949026.html,1994,Left Winger,Karşıyaka,turkey_1993_94_explicit_identity_gate,,Topal,,,9496593.jpg,40,55,JPEG,RGB,pending_identity_profile
9496465,Toptaş,,Toptaş,,,,,DEF,9357006,Gaziantepspor,turkey_league_rosters_0.26,BDFutbol 1993-94 squad; identity/position audit v0.26,https://www.bdfutbol.com/en/t/t1993-9410300.html,1994,Right Back,Gaziantepspor,turkey_1993_94_explicit_identity_gate,,Toptaş,,,9496465.jpg,40,55,JPEG,RGB,pending_identity_profile
9496497,Torunoğlu,,Torunoğlu,,,,,DEL,9357008,Altay,turkey_league_rosters_0.26,BDFutbol 1993-94 squad; identity/position audit v0.26,https://www.bdfutbol.com/en/t/t1993-9411414.html,1994,Centre Forward,Altay,turkey_1993_94_explicit_identity_gate,,Torunoğlu,,,9496497.jpg,40,55,JPEG,RGB,pending_identity_profile
9496774,Tropanet,,Tropanet,,,,,DEL,9315008,KAMAZ,russia_league_rosters_0.27,BDFutbol 1993 squad; identity/position audit v0.27,https://www.bdfutbol.com/en/t/t1993-9411710.html,1994,Right Winger,KAMAZ,russia_1993_explicit_identity_gate,,Tropanet,,,9496774.jpg,40,55,JPEG,RGB,pending_identity_profile
9496625,Tsarenko,,Tsarenko,,,,,MED,9315001,Rotor Volgograd,russia_league_rosters_0.27,BDFutbol 1993 squad; identity/position audit v0.27,https://www.bdfutbol.com/en/t/t1993-9411034.html,1994,Centre Midfielder,Rotor Volgograd,russia_1993_explicit_identity_gate,,Tsarenko,,,9496625.jpg,40,55,JPEG,RGB,pending_identity_profile
9496638,Tsarev,,Tsarev,,,,,DEF,9315002,Dynamo Moskva,russia_league_rosters_0.27,BDFutbol 1993 squad; identity/position audit v0.27,https://www.bdfutbol.com/en/t/t1993-9410165.html,1994,Centre Back,Dynamo Moskva,russia_1993_explicit_identity_gate,,Tsarev,,,9496638.jpg,40,55,JPEG,RGB,pending_identity_profile
9496836,Tsygankov,,Tsygankov,,,,,MED,9315012,Krylia Sovetov,russia_league_rosters_0.27,BDFutbol 1993 squad; identity/position audit v0.27,https://www.bdfutbol.com/en/t/t1993-9410800.html,1994,Right Midfielder,Krylia Sovetov,russia_1993_explicit_identity_gate,,Tsygankov,,,9496836.jpg,40,55,JPEG,RGB,pending_identity_profile
9496834,Tumaykin,,Tumaykin,,,,,DEF,9315012,Krylia Sovetov,russia_league_rosters_0.27,BDFutbol 1993 squad; identity/position audit v0.27,https://www.bdfutbol.com/en/t/t1993-9410800.html,1994,Centre Back,Krylia Sovetov,russia_1993_explicit_identity_gate,,Tumaykin,,,9496834.jpg,40,55,JPEG,RGB,pending_identity_profile
9496477,Tunahan,,Tunahan,,,,,MED,9357007,Bursaspor,turkey_league_rosters_0.26,BDFutbol 1993-94 squad; identity/position audit v0.26,https://www.bdfutbol.com/en/t/t1993-9410247.html,1994,Centre Midfielder,Bursaspor,turkey_1993_94_explicit_identity_gate,,Tunahan,,,9496477.jpg,40,55,JPEG,RGB,pending_identity_profile
9496523,Turunç,,Turunç,,,,,POR,9357010,Kayserispor,turkey_league_rosters_0.26,BDFutbol 1993-94 squad; identity/position audit v0.26,https://www.bdfutbol.com/en/t/t1993-9410432.html,1994,Goalkeeper,Kayserispor,turkey_1993_94_explicit_identity_gate,,Turunç,,,9496523.jpg,40,55,JPEG,RGB,pending_identity_profile
9496386,Tümkaya,,Tümkaya,,,,,POR,9357002,Trabzonspor,turkey_league_rosters_0.26,BDFutbol 1993-94 squad; identity/position audit v0.26,https://www.bdfutbol.com/en/t/t1993-9410047.html,1994,Goalkeeper,Trabzonspor,turkey_1993_94_explicit_identity_gate,,Tümkaya,,,9496386.jpg,40,55,JPEG,RGB,pending_identity_profile
9496521,Türksoy,,Türksoy,,,,,POR,9357009,Ankaragücü,turkey_league_rosters_0.26,BDFutbol 1993-94 squad; identity/position audit v0.26,https://www.bdfutbol.com/en/t/t1993-9410353.html,1994,Goalkeeper,Ankaragücü,turkey_1993_94_explicit_identity_gate,,Türksoy,,,9496521.jpg,40,55,JPEG,RGB,pending_identity_profile
9496532,Tüzün,,Tüzün,,,,,DEL,9357010,Kayserispor,turkey_league_rosters_0.26,BDFutbol 1993-94 squad; identity/position audit v0.26,https://www.bdfutbol.com/en/t/t1993-9410432.html,1994,Centre Forward,Kayserispor,turkey_1993_94_explicit_identity_gate,,Tüzün,,,9496532.jpg,40,55,JPEG,RGB,pending_identity_profile
9496364,Uche,,Uche,,,,,DEF,9357001,Fenerbahçe,turkey_league_rosters_0.26,BDFutbol 1993-94 squad; identity/position audit v0.26,https://www.bdfutbol.com/en/t/t1993-9410178.html,1994,Left Back,Fenerbahçe,turkey_1993_94_explicit_identity_gate,,Uche,,,9496364.jpg,40,55,JPEG,RGB,pending_identity_profile
9496026,Udovič,,Udovič,,,,,DEL,9352002,Beveren,belgium_league_rosters_0.25,BDFutbol 1993-94 squad page; identity/position audit v0.25,https://www.bdfutbol.com/en/t/t1993-9412039.html,1994,Centre Forward,Beveren,belgium_1993_94_identity_gate,,Udovič,,,9496026.jpg,40,55,JPEG,RGB,pending_identity_profile
9496711,Ulianov,,Ulianov,,,,,MED,1087,Torpedo Moskva,russia_league_rosters_0.27,BDFutbol 1993 squad; identity/position audit v0.27,https://www.bdfutbol.com/en/t/t1993-9410068.html,1994,Centre Midfielder,Torpedo Moskva,russia_1993_explicit_identity_gate,,Ulianov,,,9496711.jpg,40,55,JPEG,RGB,pending_identity_profile
9496586,Umut,,Umut,,,,,DEL,9357013,Karşıyaka,turkey_league_rosters_0.26,BDFutbol 1993-94 squad; identity/position audit v0.26,https://www.bdfutbol.com/en/t/t1993-949026.html,1994,Centre Forward,Karşıyaka,turkey_1993_94_explicit_identity_gate,,Umut,,,9496586.jpg,40,55,JPEG,RGB,pending_identity_profile
9496797,Ushakov,,Ushakov,,,,,DEF,9315010,Dynamo Stavropol,russia_league_rosters_0.27,BDFutbol 1993 squad; identity/position audit v0.27,https://www.bdfutbol.com/en/t/t1993-9422021.html,1994,Centre Back,Dynamo Stavropol,russia_1993_explicit_identity_gate,,Ushakov,,,9496797.jpg,40,55,JPEG,RGB,pending_identity_profile
9496421,Usta,,Usta,,,,,DEF,9357004,Kocaelispor,turkey_league_rosters_0.26,BDFutbol 1993-94 squad; identity/position audit v0.26,https://www.bdfutbol.com/en/t/t1993-9410861.html,1994,Left Back,Kocaelispor,turkey_1993_94_explicit_identity_gate,,Usta,,,9496421.jpg,40,55,JPEG,RGB,pending_identity_profile
9496483,Uzgur,,Uzgur,,,,,DEL,9357007,Bursaspor,turkey_league_rosters_0.26,BDFutbol 1993-94 squad; identity/position audit v0.26,https://www.bdfutbol.com/en/t/t1993-9410247.html,1994,Centre Forward,Bursaspor,turkey_1993_94_explicit_identity_gate,,Uzgur,,,9496483.jpg,40,55,JPEG,RGB,pending_identity_profile
9496397,Uzun,,Uzun,,,,,MED,644,Beşiktaş,turkey_league_rosters_0.26,BDFutbol 1993-94 squad; identity/position audit v0.26,https://www.bdfutbol.com/en/t/t1993-9410031.html,1994,Centre Midfielder,Beşiktaş,turkey_1993_94_explicit_identity_gate,,Uzun,,,9496397.jpg,40,55,JPEG,RGB,pending_identity_profile
9496423,Uzun,,Uzun,,,,,MED,9357004,Kocaelispor,turkey_league_rosters_0.26,BDFutbol 1993-94 squad; identity/position audit v0.26,https://www.bdfutbol.com/en/t/t1993-9410861.html,1994,Centre Midfielder,Kocaelispor,turkey_1993_94_explicit_identity_gate,,Uzun,,,9496423.jpg,40,55,JPEG,RGB,pending_identity_profile
9496543,Uzuner,,Uzuner,,,,,DEF,9357011,Zeytinburnuspor,turkey_league_rosters_0.26,BDFutbol 1993-94 squad; identity/position audit v0.26,https://www.bdfutbol.com/en/t/t1993-949025.html,1994,Centre Back,Zeytinburnuspor,turkey_1993_94_explicit_identity_gate,,Uzuner,,,9496543.jpg,40,55,JPEG,RGB,pending_identity_profile
9496457,Uçar,,Uçar,,,,,DEF,9357006,Gaziantepspor,turkey_league_rosters_0.26,BDFutbol 1993-94 squad; identity/position audit v0.26,https://www.bdfutbol.com/en/t/t1993-9410300.html,1994,Left Back,Gaziantepspor,turkey_1993_94_explicit_identity_gate,,Uçar,,,9496457.jpg,40,55,JPEG,RGB,pending_identity_profile
9496524,Uğur,,Uğur,,,,,DEF,9357010,Kayserispor,turkey_league_rosters_0.26,BDFutbol 1993-94 squad; identity/position audit v0.26,https://www.bdfutbol.com/en/t/t1993-9410432.html,1994,Right Back,Kayserispor,turkey_1993_94_explicit_identity_gate,,Uğur,,,9496524.jpg,40,55,JPEG,RGB,pending_identity_profile
9496051,Vaesen,,Vaesen,,,,,POR,455,Cercle Brugge,belgium_league_rosters_0.25,BDFutbol 1993-94 squad page; identity/position audit v0.25,https://www.bdfutbol.com/en/t/t1993-9410785.html,1994,Goalkeeper,Cercle Brugge,belgium_1993_94_identity_gate,,Vaesen,,,9496051.jpg,40,55,JPEG,RGB,pending_identity_profile
9496896,Valeev,,Valeev,,,,,DEF,9315015,Rostselmash,russia_league_rosters_0.27,BDFutbol 1993 squad; identity/position audit v0.27,https://www.bdfutbol.com/en/t/t1993-9410748.html,1994,Left Back,Rostselmash,russia_1993_explicit_identity_gate,,Valeev,,,9496896.jpg,40,55,JPEG,RGB,pending_identity_profile
9496843,Valiev,,Valiev,,,,,MED,9315012,Krylia Sovetov,russia_league_rosters_0.27,BDFutbol 1993 squad; identity/position audit v0.27,https://www.bdfutbol.com/en/t/t1993-9410800.html,1994,Attacking Midfielder,Krylia Sovetov,russia_1993_explicit_identity_gate,,Valiev,,,9496843.jpg,40,55,JPEG,RGB,pending_identity_profile
9496577,Valov,,Valov,,,,,POR,9357013,Karşıyaka,turkey_league_rosters_0.26,BDFutbol 1993-94 squad; identity/position audit v0.26,https://www.bdfutbol.com/en/t/t1993-949026.html,1994,Goalkeeper,Karşıyaka,turkey_1993_94_explicit_identity_gate,,Valov,,,9496577.jpg,40,55,JPEG,RGB,pending_identity_profile
9496009,Van Baekel,Van,Baekel,,,,,MED,415,Anderlecht,belgium_league_rosters_0.25,BDFutbol 1993-94 squad page; identity/position audit v0.25,https://www.bdfutbol.com/en/t/t1993-9410015.html,1994,Centre Midfielder,Anderlecht,belgium_1993_94_identity_gate,,Van Baekel,,,9496009.jpg,40,55,JPEG,RGB,pending_identity_profile
9496027,Van Britsom,Van,Britsom,,,,,DEL,9352002,Beveren,belgium_league_rosters_0.25,BDFutbol 1993-94 squad page; identity/position audit v0.25,https://www.bdfutbol.com/en/t/t1993-9412039.html,1994,Centre Forward,Beveren,belgium_1993_94_identity_gate,,Van Britsom,,,9496027.jpg,40,55,JPEG,RGB,pending_identity_profile
9496120,Van Deurzen,Van,Deurzen,,,,,MED,462,Genk,belgium_league_rosters_0.25,BDFutbol 1993-94 squad page; identity/position audit v0.25,https://www.bdfutbol.com/en/t/t1993-9410201.html,1994,Centre Midfielder,Genk,belgium_1993_94_identity_gate,,Van Deurzen,,,9496120.jpg,40,55,JPEG,RGB,pending_identity_profile
9496348,Van Geem,Van,Geem,,,,,DEF,466,Waregem,belgium_league_rosters_0.25,BDFutbol 1993-94 squad page; identity/position audit v0.25,https://www.bdfutbol.com/en/t/t1993-9410295.html,1994,Left Back,Waregem,belgium_1993_94_identity_gate,,Van Geem,,,9496348.jpg,40,55,JPEG,RGB,pending_identity_profile
9496219,Van Geneugden,Van,Geneugden,,,,,DEF,9352004,Lommel,belgium_league_rosters_0.25,BDFutbol 1993-94 squad page; identity/position audit v0.25,https://www.bdfutbol.com/en/t/t1993-9411701.html,1994,Centre Back,Lommel,belgium_1993_94_identity_gate,,Van Geneugden,,,9496219.jpg,40,55,JPEG,RGB,pending_identity_profile
9496028,Van Gheem,Van,Gheem,,,,,POR,9352002,Beveren,belgium_league_rosters_0.25,BDFutbol 1993-94 squad page; identity/position audit v0.25,https://www.bdfutbol.com/en/t/t1993-9412039.html,1994,Goalkeeper,Beveren,belgium_1993_94_identity_gate,,Van Gheem,,,9496028.jpg,40,55,JPEG,RGB,pending_identity_profile
9496029,Van Ham,Van,Ham,,,,,MED,9352002,Beveren,belgium_league_rosters_0.25,BDFutbol 1993-94 squad page; identity/position audit v0.25,https://www.bdfutbol.com/en/t/t1993-9412039.html,1994,Left Midfielder,Beveren,belgium_1993_94_identity_gate,,Van Ham,,,9496029.jpg,40,55,JPEG,RGB,pending_identity_profile
9496305,Van Hout,Van,Hout,,,,,DEF,1032,Royal Antwerp,belgium_league_rosters_0.25,BDFutbol 1993-94 squad page; identity/position audit v0.25,https://www.bdfutbol.com/en/t/t1993-9410010.html,1994,Centre Back,Royal Antwerp,belgium_1993_94_identity_gate,,Van Hout,,,9496305.jpg,40,55,JPEG,RGB,pending_identity_profile
9496200,Van Kerckhoven,Van,Kerckhoven,,,,,DEF,851,Lierse,belgium_league_rosters_0.25,BDFutbol 1993-94 squad page; identity/position audit v0.25,https://www.bdfutbol.com/en/t/t1993-9410070.html,1994,Centre Back,Lierse,belgium_1993_94_identity_gate,,Van Kerckhoven,,,9496200.jpg,40,55,JPEG,RGB,pending_identity_profile
9496135,Van Laere,Van,Laere,,,,,MED,456,Gent,belgium_league_rosters_0.25,BDFutbol 1993-94 squad page; identity/position audit v0.25,https://www.bdfutbol.com/en/t/t1993-9410090.html,1994,Attacking Midfielder,Gent,belgium_1993_94_identity_gate,,Van Laere,,,9496135.jpg,40,55,JPEG,RGB,pending_identity_profile
9496078,Van Maele,Van,Maele,,,,,MED,453,Club Brugge,belgium_league_rosters_0.25,BDFutbol 1993-94 squad page; identity/position audit v0.25,https://www.bdfutbol.com/en/t/t1993-9410004.html,1994,Defensive Midfielder,Club Brugge,belgium_1993_94_identity_gate,,Van Maele,,,9496078.jpg,40,55,JPEG,RGB,pending_identity_profile
9496201,Van Nuffelen,Van,Nuffelen,,,,,MED,851,Lierse,belgium_league_rosters_0.25,BDFutbol 1993-94 squad page; identity/position audit v0.25,https://www.bdfutbol.com/en/t/t1993-9410070.html,1994,Left Midfielder,Lierse,belgium_1993_94_identity_gate,,Van Nuffelen,,,9496201.jpg,40,55,JPEG,RGB,pending_identity_profile
9496030,Van Overtvelt,Van,Overtvelt,,,,,MED,9352002,Beveren,belgium_league_rosters_0.25,BDFutbol 1993-94 squad page; identity/position audit v0.25,https://www.bdfutbol.com/en/t/t1993-9412039.html,1994,Centre Midfielder,Beveren,belgium_1993_94_identity_gate,,Van Overtvelt,,,9496030.jpg,40,55,JPEG,RGB,pending_identity_profile
9496306,Van Rethy,Van,Rethy,,,,,MED,1032,Royal Antwerp,belgium_league_rosters_0.25,BDFutbol 1993-94 squad page; identity/position audit v0.25,https://www.bdfutbol.com/en/t/t1993-9410010.html,1994,Defensive Midfielder,Royal Antwerp,belgium_1993_94_identity_gate,,Van Rethy,,,9496306.jpg,40,55,JPEG,RGB,pending_identity_profile
9496202,Van Roosbroeck,Van,Roosbroeck,,,,,DEF,851,Lierse,belgium_league_rosters_0.25,BDFutbol 1993-94 squad page; identity/position audit v0.25,https://www.bdfutbol.com/en/t/t1993-9410070.html,1994,Centre Back,Lierse,belgium_1993_94_identity_gate,,Van Roosbroeck,,,9496202.jpg,40,55,JPEG,RGB,pending_identity_profile
9496322,Van Rooy,Van,Rooy,,,3,,DEF,409,Standard Liège,belgium_league_rosters_0.25,BDFutbol 1993-94 squad page; identity/position audit v0.25,https://www.bdfutbol.com/en/t/t1993-9410012.html,1994,Left Back,Standard Liège,belgium_1993_94_identity_gate,,Van Rooy,,,9496322.jpg,40,55,JPEG,RGB,pending_identity_profile
9496031,Van Rumst,Van,Rumst,,,,,DEF,9352002,Beveren,belgium_league_rosters_0.25,BDFutbol 1993-94 squad page; identity/position audit v0.25,https://www.bdfutbol.com/en/t/t1993-9412039.html,1994,Left Back,Beveren,belgium_1993_94_identity_gate,,Van Rumst,,,9496031.jpg,40,55,JPEG,RGB,pending_identity_profile
9496079,Van Tieghem,Van,Tieghem,,,,,MED,453,Club Brugge,belgium_league_rosters_0.25,BDFutbol 1993-94 squad page; identity/position audit v0.25,https://www.bdfutbol.com/en/t/t1993-9410004.html,1994,Defensive Midfielder,Club Brugge,belgium_1993_94_identity_gate,,Van Tieghem,,,9496079.jpg,40,55,JPEG,RGB,pending_identity_profile
9496265,Van Veirdeghem,Van,Veirdeghem,,,,,MED,908,Oostende,belgium_league_rosters_0.25,BDFutbol 1993-94 squad page; identity/position audit v0.25,https://www.bdfutbol.com/en/t/t1993-9410949.html,1994,Right Midfielder,Oostende,belgium_1993_94_identity_gate,,Van Veirdeghem,,,9496265.jpg,40,55,JPEG,RGB,pending_identity_profile
9496220,Van Veldhoven,Van,Veldhoven,,,,,DEF,9352004,Lommel,belgium_league_rosters_0.25,BDFutbol 1993-94 squad page; identity/position audit v0.25,https://www.bdfutbol.com/en/t/t1993-9411701.html,1994,Left Back,Lommel,belgium_1993_94_identity_gate,,Van Veldhoven,,,9496220.jpg,40,55,JPEG,RGB,pending_identity_profile
9496182,Van den Buijs,Van den,Buijs,,,,,MED,459,KV Mechelen,belgium_league_rosters_0.25,BDFutbol 1993-94 squad page; identity/position audit v0.25,https://www.bdfutbol.com/en/t/t1993-9411101.html,1994,Centre Midfielder,KV Mechelen,belgium_1993_94_identity_gate,,Van den Buijs,,,9496182.jpg,40,55,JPEG,RGB,pending_identity_profile
9496304,Van der Straeten,Van der,Straeten,,,,,POR,1032,Royal Antwerp,belgium_league_rosters_0.25,BDFutbol 1993-94 squad page; identity/position audit v0.25,https://www.bdfutbol.com/en/t/t1993-9410010.html,1994,Goalkeeper,Royal Antwerp,belgium_1993_94_identity_gate,,Van der Straeten,,,9496304.jpg,40,55,JPEG,RGB,pending_identity_profile
9496119,Van der Ven,Van der,Ven,,,,,DEL,462,Genk,belgium_league_rosters_0.25,BDFutbol 1993-94 squad page; identity/position audit v0.25,https://www.bdfutbol.com/en/t/t1993-9410201.html,1994,Right Winger,Genk,belgium_1993_94_identity_gate,,Van der Ven,,,9496119.jpg,40,55,JPEG,RGB,pending_identity_profile
9496221,Vanaken,,Vanaken,,,,,MED,9352004,Lommel,belgium_league_rosters_0.25,BDFutbol 1993-94 squad page; identity/position audit v0.25,https://www.bdfutbol.com/en/t/t1993-9411701.html,1994,Right Midfielder,Lommel,belgium_1993_94_identity_gate,,Vanaken,,,9496221.jpg,40,55,JPEG,RGB,pending_identity_profile
9496052,Vande Walle,Vande,Walle,,,,,MED,455,Cercle Brugge,belgium_league_rosters_0.25,BDFutbol 1993-94 squad page; identity/position audit v0.25,https://www.bdfutbol.com/en/t/t1993-9410785.html,1994,Attacking Midfielder,Cercle Brugge,belgium_1993_94_identity_gate,,Vande Walle,,,9496052.jpg,40,55,JPEG,RGB,pending_identity_profile
9496163,Vande Walle,Vande,Walle,,,,,POR,9352003,Germinal Ekeren,belgium_league_rosters_0.25,BDFutbol 1993-94 squad page; identity/position audit v0.25,https://www.bdfutbol.com/en/t/t1993-9411039.html,1994,Goalkeeper,Germinal Ekeren,belgium_1993_94_identity_gate,,Vande Walle,,,9496163.jpg,40,55,JPEG,RGB,pending_identity_profile
9496349,Vandelannoite,,Vandelannoite,,,,,MED,466,Waregem,belgium_league_rosters_0.25,BDFutbol 1993-94 squad page; identity/position audit v0.25,https://www.bdfutbol.com/en/t/t1993-9410295.html,1994,Centre Midfielder,Waregem,belgium_1993_94_identity_gate,,Vandelannoite,,,9496349.jpg,40,55,JPEG,RGB,pending_identity_profile
9496136,Vandenbergh,,Vandenbergh,,,,,DEL,456,Gent,belgium_league_rosters_0.25,BDFutbol 1993-94 squad page; identity/position audit v0.25,https://www.bdfutbol.com/en/t/t1993-9410090.html,1994,Centre Forward,Gent,belgium_1993_94_identity_gate,,Vandenbergh,,,9496136.jpg,40,55,JPEG,RGB,pending_identity_profile
9496350,Vandendriessche,,Vandendriessche,,,,,POR,466,Waregem,belgium_league_rosters_0.25,BDFutbol 1993-94 squad page; identity/position audit v0.25,https://www.bdfutbol.com/en/t/t1993-9410295.html,1994,Goalkeeper,Waregem,belgium_1993_94_identity_gate,,Vandendriessche,,,9496350.jpg,40,55,JPEG,RGB,pending_identity_profile
9496351,Vanderbeken,,Vanderbeken,,,,,DEF,466,Waregem,belgium_league_rosters_0.25,BDFutbol 1993-94 squad page; identity/position audit v0.25,https://www.bdfutbol.com/en/t/t1993-9410295.html,1994,Right Back,Waregem,belgium_1993_94_identity_gate,,Vanderbeken,,,9496351.jpg,40,55,JPEG,RGB,pending_identity_profile
9496137,Vanderlinden,,Vanderlinden,,,,,DEF,456,Gent,belgium_league_rosters_0.25,BDFutbol 1993-94 squad page; identity/position audit v0.25,https://www.bdfutbol.com/en/t/t1993-9410090.html,1994,Centre Back,Gent,belgium_1993_94_identity_gate,,Vanderlinden,,,9496137.jpg,40,55,JPEG,RGB,pending_identity_profile
9496244,Vandersmissen,,Vandersmissen,,,,,DEF,9352006,Molenbeek,belgium_league_rosters_0.25,BDFutbol 1993-94 squad page; identity/position audit v0.25,https://www.bdfutbol.com/en/t/t1993-9410067.html,1994,Left Back,Molenbeek,belgium_1993_94_identity_gate,,Vandersmissen,,,9496244.jpg,40,55,JPEG,RGB,pending_identity_profile
9496222,Vandervee,,Vandervee,,,,,MED,9352004,Lommel,belgium_league_rosters_0.25,BDFutbol 1993-94 squad page; identity/position audit v0.25,https://www.bdfutbol.com/en/t/t1993-9411701.html,1994,Centre Midfielder,Lommel,belgium_1993_94_identity_gate,,Vandervee,,,9496222.jpg,40,55,JPEG,RGB,pending_identity_profile
9496138,Vandevelde,,Vandevelde,,,,,DEF,456,Gent,belgium_league_rosters_0.25,BDFutbol 1993-94 squad page; identity/position audit v0.25,https://www.bdfutbol.com/en/t/t1993-9410090.html,1994,Centre Back,Gent,belgium_1993_94_identity_gate,,Vandevelde,,,9496138.jpg,40,55,JPEG,RGB,pending_identity_profile
9496183,Vangompel,,Vangompel,,,,,DEL,459,KV Mechelen,belgium_league_rosters_0.25,BDFutbol 1993-94 squad page; identity/position audit v0.25,https://www.bdfutbol.com/en/t/t1993-9411101.html,1994,Centre Forward,KV Mechelen,belgium_1993_94_identity_gate,,Vangompel,,,9496183.jpg,40,55,JPEG,RGB,pending_identity_profile
9496223,Vangompel,,Vangompel,,,,,MED,9352004,Lommel,belgium_league_rosters_0.25,BDFutbol 1993-94 squad page; identity/position audit v0.25,https://www.bdfutbol.com/en/t/t1993-9411701.html,1994,Left Midfielder,Lommel,belgium_1993_94_identity_gate,,Vangompel,,,9496223.jpg,40,55,JPEG,RGB,pending_identity_profile
9496121,Vangronsveld,,Vangronsveld,,,,,DEF,462,Genk,belgium_league_rosters_0.25,BDFutbol 1993-94 squad page; identity/position audit v0.25,https://www.bdfutbol.com/en/t/t1993-9410201.html,1994,Right Back,Genk,belgium_1993_94_identity_gate,,Vangronsveld,,,9496121.jpg,40,55,JPEG,RGB,pending_identity_profile
9496139,Vangronsveld,,Vangronsveld,,,,,MED,456,Gent,belgium_league_rosters_0.25,BDFutbol 1993-94 squad page; identity/position audit v0.25,https://www.bdfutbol.com/en/t/t1993-9410090.html,1994,Defensive Midfielder,Gent,belgium_1993_94_identity_gate,,Vangronsveld,,,9496139.jpg,40,55,JPEG,RGB,pending_identity_profile
9496098,Varga,,Varga,,,93,,DEL,9352001,FC Seraing,belgium_league_rosters_0.25,BDFutbol 1993-94 squad page; identity/position audit v0.25,https://www.bdfutbol.com/en/t/t1993-9412101.html,1994,Centre Forward,FC Seraing,belgium_1993_94_identity_gate,,Varga,,,9496098.jpg,40,55,JPEG,RGB,pending_identity_profile
9496475,Vatansever,,Vatansever,,,,,DEF,9357007,Bursaspor,turkey_league_rosters_0.26,BDFutbol 1993-94 squad; identity/position audit v0.26,https://www.bdfutbol.com/en/t/t1993-9410247.html,1994,Left Back,Bursaspor,turkey_1993_94_explicit_identity_gate,,Vatansever,,,9496475.jpg,40,55,JPEG,RGB,pending_identity_profile
9496608,Vazda,,Vazda,,,,,DEF,9357014,Sarıyer,turkey_league_rosters_0.26,BDFutbol 1993-94 squad; identity/position audit v0.26,https://www.bdfutbol.com/en/t/t1993-949024.html,1994,Centre Back,Sarıyer,turkey_1993_94_explicit_identity_gate,,Vazda,,,9496608.jpg,40,55,JPEG,RGB,pending_identity_profile
9496478,Velioğlu,,Velioğlu,,,,,MED,9357007,Bursaspor,turkey_league_rosters_0.26,BDFutbol 1993-94 squad; identity/position audit v0.26,https://www.bdfutbol.com/en/t/t1993-9410247.html,1994,Centre Midfielder,Bursaspor,turkey_1993_94_explicit_identity_gate,,Velioğlu,,,9496478.jpg,40,55,JPEG,RGB,pending_identity_profile
9496140,Verdegem,,Verdegem,,,,,DEL,456,Gent,belgium_league_rosters_0.25,BDFutbol 1993-94 squad page; identity/position audit v0.25,https://www.bdfutbol.com/en/t/t1993-9410090.html,1994,Left Winger,Gent,belgium_1993_94_identity_gate,,Verdegem,,,9496140.jpg,40,55,JPEG,RGB,pending_identity_profile
9496627,Veretennikov,,Veretennikov,,,,,MED,9315001,Rotor Volgograd,russia_league_rosters_0.27,BDFutbol 1993 squad; identity/position audit v0.27,https://www.bdfutbol.com/en/t/t1993-9411034.html,1994,Left Midfielder,Rotor Volgograd,russia_1993_explicit_identity_gate,,Veretennikov,,,9496627.jpg,40,55,JPEG,RGB,pending_identity_profile
9496141,Vereycken,,Vereycken,,,,,DEL,456,Gent,belgium_league_rosters_0.25,BDFutbol 1993-94 squad page; identity/position audit v0.25,https://www.bdfutbol.com/en/t/t1993-9410090.html,1994,Centre Forward,Gent,belgium_1993_94_identity_gate,,Vereycken,,,9496141.jpg,40,55,JPEG,RGB,pending_identity_profile
9496142,Verkuyl,,Verkuyl,,,3,,DEF,456,Gent,belgium_league_rosters_0.25,BDFutbol 1993-94 squad page; identity/position audit v0.25,https://www.bdfutbol.com/en/t/t1993-9410090.html,1994,Left Back,Gent,belgium_1993_94_identity_gate,,Verkuyl,,,9496142.jpg,40,55,JPEG,RGB,pending_identity_profile
9496080,Vermant,,Vermant,,,,,DEF,453,Club Brugge,belgium_league_rosters_0.25,BDFutbol 1993-94 squad page; identity/position audit v0.25,https://www.bdfutbol.com/en/t/t1993-9410004.html,1994,Centre Back,Club Brugge,belgium_1993_94_identity_gate,,Vermant,,,9496080.jpg,40,55,JPEG,RGB,pending_identity_profile
9496164,Versavel,,Versavel,,,,,DEL,9352003,Germinal Ekeren,belgium_league_rosters_0.25,BDFutbol 1993-94 squad page; identity/position audit v0.25,https://www.bdfutbol.com/en/t/t1993-9411039.html,1994,Left Winger,Germinal Ekeren,belgium_1993_94_identity_gate,,Versavel,,,9496164.jpg,40,55,JPEG,RGB,pending_identity_profile
9496081,Verspaille,,Verspaille,,,,,MED,453,Club Brugge,belgium_league_rosters_0.25,BDFutbol 1993-94 squad page; identity/position audit v0.25,https://www.bdfutbol.com/en/t/t1993-9410004.html,1994,Centre Midfielder,Club Brugge,belgium_1993_94_identity_gate,,Verspaille,,,9496081.jpg,40,55,JPEG,RGB,pending_identity_profile
9496165,Verstraeten,,Verstraeten,,,,,DEF,9352003,Germinal Ekeren,belgium_league_rosters_0.25,BDFutbol 1993-94 squad page; identity/position audit v0.25,https://www.bdfutbol.com/en/t/t1993-9411039.html,1994,Right Back,Germinal Ekeren,belgium_1993_94_identity_gate,,Verstraeten,,,9496165.jpg,40,55,JPEG,RGB,pending_identity_profile
9496323,Vervoort,,Vervoort,,,,,MED,409,Standard Liège,belgium_league_rosters_0.25,BDFutbol 1993-94 squad page; identity/position audit v0.25,https://www.bdfutbol.com/en/t/t1993-9410012.html,1994,Left Midfielder,Standard Liège,belgium_1993_94_identity_gate,,Vervoort,,,9496323.jpg,40,55,JPEG,RGB,pending_identity_profile
9496122,Verwimp,,Verwimp,,,,,DEF,462,Genk,belgium_league_rosters_0.25,BDFutbol 1993-94 squad page; identity/position audit v0.25,https://www.bdfutbol.com/en/t/t1993-9410201.html,1994,Right Back,Genk,belgium_1993_94_identity_gate,,Verwimp,,,9496122.jpg,40,55,JPEG,RGB,pending_identity_profile
9496849,Viktorovich,,Viktorovich,,,,,POR,9315013,Luch Vladivostok,russia_league_rosters_0.27,BDFutbol 1993 squad; identity/position audit v0.27,https://www.bdfutbol.com/en/t/t1993-9422002.html,1994,Goalkeeper,Luch Vladivostok,russia_1993_explicit_identity_gate,,Viktorovich,,,9496849.jpg,40,55,JPEG,RGB,pending_identity_profile
9496307,Vincent,,Vincent,,,,,DEL,1032,Royal Antwerp,belgium_league_rosters_0.25,BDFutbol 1993-94 squad page; identity/position audit v0.25,https://www.bdfutbol.com/en/t/t1993-9410010.html,1994,Left Winger,Royal Antwerp,belgium_1993_94_identity_gate,,Vincent,,,9496307.jpg,40,55,JPEG,RGB,pending_identity_profile
9496765,Vinnikov,,Vinnikov,,,,,MED,9315008,KAMAZ,russia_league_rosters_0.27,BDFutbol 1993 squad; identity/position audit v0.27,https://www.bdfutbol.com/en/t/t1993-9411710.html,1994,Centre Midfielder,KAMAZ,russia_1993_explicit_identity_gate,,Vinnikov,,,9496765.jpg,40,55,JPEG,RGB,pending_identity_profile
9496143,Viscaal,,Viscaal,,,3,,MED,456,Gent,belgium_league_rosters_0.25,BDFutbol 1993-94 squad page; identity/position audit v0.25,https://www.bdfutbol.com/en/t/t1993-9410090.html,1994,Left Midfielder,Gent,belgium_1993_94_identity_gate,,Viscaal,,,9496143.jpg,40,55,JPEG,RGB,pending_identity_profile
9496032,Volckerick,,Volckerick,,,,,DEL,9352002,Beveren,belgium_league_rosters_0.25,BDFutbol 1993-94 squad page; identity/position audit v0.25,https://www.bdfutbol.com/en/t/t1993-9412039.html,1994,Centre Forward,Beveren,belgium_1993_94_identity_gate,,Volckerick,,,9496032.jpg,40,55,JPEG,RGB,pending_identity_profile
9496660,Volgin,,Volgin,,,,,MED,9315003,Tekstilshchik Kamyshin,russia_league_rosters_0.27,BDFutbol 1993 squad; identity/position audit v0.27,https://www.bdfutbol.com/en/t/t1993-9411094.html,1994,Centre Midfielder,Tekstilshchik Kamyshin,russia_1993_explicit_identity_gate,,Volgin,,,9496660.jpg,40,55,JPEG,RGB,pending_identity_profile
9496842,Volodin,,Volodin,,,,,POR,9315012,Krylia Sovetov,russia_league_rosters_0.27,BDFutbol 1993 squad; identity/position audit v0.27,https://www.bdfutbol.com/en/t/t1993-9410800.html,1994,Goalkeeper,Krylia Sovetov,russia_1993_explicit_identity_gate,,Volodin,,,9496842.jpg,40,55,JPEG,RGB,pending_identity_profile
9496912,Volotjok,,Volotjok,,,,,DEL,9315016,Asmaral Moskva,russia_league_rosters_0.27,BDFutbol 1993 squad; identity/position audit v0.27,https://www.bdfutbol.com/en/t/t1993-9422023.html,1994,Centre Forward,Asmaral Moskva,russia_1993_explicit_identity_gate,,Volotjok,,,9496912.jpg,40,55,JPEG,RGB,pending_identity_profile
9496727,Volovodenko,,Volovodenko,,,,,DEF,9315006,Uralmash,russia_league_rosters_0.27,BDFutbol 1993 squad; identity/position audit v0.27,https://www.bdfutbol.com/en/t/t1993-9411709.html,1994,Left Back,Uralmash,russia_1993_explicit_identity_gate,,Volovodenko,,,9496727.jpg,40,55,JPEG,RGB,pending_identity_profile
9496763,Vorobyov,,Vorobyov,,,,,DEF,9315008,KAMAZ,russia_league_rosters_0.27,BDFutbol 1993 squad; identity/position audit v0.27,https://www.bdfutbol.com/en/t/t1993-9411710.html,1994,Left Back,KAMAZ,russia_1993_explicit_identity_gate,,Vorobyov,,,9496763.jpg,40,55,JPEG,RGB,pending_identity_profile
9496722,Vostrosablin,,Vostrosablin,,,,,MED,1087,Torpedo Moskva,russia_league_rosters_0.27,BDFutbol 1993 squad; identity/position audit v0.27,https://www.bdfutbol.com/en/t/t1993-9410068.html,1994,Defensive Midfielder,Torpedo Moskva,russia_1993_explicit_identity_gate,,Vostrosablin,,,9496722.jpg,40,55,JPEG,RGB,pending_identity_profile
9496184,Vreven,,Vreven,,,,,DEL,459,KV Mechelen,belgium_league_rosters_0.25,BDFutbol 1993-94 squad page; identity/position audit v0.25,https://www.bdfutbol.com/en/t/t1993-9411101.html,1994,Right Winger,KV Mechelen,belgium_1993_94_identity_gate,,Vreven,,,9496184.jpg,40,55,JPEG,RGB,pending_identity_profile
9496362,Wagenhaus,,Wagenhaus,,,,,DEF,9357001,Fenerbahçe,turkey_league_rosters_0.26,BDFutbol 1993-94 squad; identity/position audit v0.26,https://www.bdfutbol.com/en/t/t1993-9410178.html,1994,Centre Back,Fenerbahçe,turkey_1993_94_explicit_identity_gate,,Wagenhaus,,,9496362.jpg,40,55,JPEG,RGB,pending_identity_profile
9496099,Wamberto,,Wamberto,,,62,,DEL,9352001,FC Seraing,belgium_league_rosters_0.25,BDFutbol 1993-94 squad page; identity/position audit v0.25,https://www.bdfutbol.com/en/t/t1993-9412101.html,1994,Centre Forward,FC Seraing,belgium_1993_94_identity_gate,,Wamberto,,,9496099.jpg,40,55,JPEG,RGB,pending_identity_profile
9496245,Williams,,Williams,,,,,MED,9352006,Molenbeek,belgium_league_rosters_0.25,BDFutbol 1993-94 squad page; identity/position audit v0.25,https://www.bdfutbol.com/en/t/t1993-9410067.html,1994,Left Midfielder,Molenbeek,belgium_1993_94_identity_gate,,Williams,,,9496245.jpg,40,55,JPEG,RGB,pending_identity_profile
9496001,Wim Kooiman,Wim,Kooiman,,,3,,DEF,415,Anderlecht,belgium_league_rosters_0.25,BDFutbol 1993-94 squad page; identity/position audit v0.25,https://www.bdfutbol.com/en/t/t1993-9410015.html,1994,Centre Back,Anderlecht,belgium_1993_94_identity_gate,,Wim Kooiman,97393,https://www.bdfutbol.com/en/j/j97393.html,9496001.jpg,40,55,JPEG,RGB,ready_for_download
9496246,Wuyts,,Wuyts,,,,,DEL,9352006,Molenbeek,belgium_league_rosters_0.25,BDFutbol 1993-94 squad page; identity/position audit v0.25,https://www.bdfutbol.com/en/t/t1993-9410067.html,1994,Centre Forward,Molenbeek,belgium_1993_94_identity_gate,,Wuyts,,,9496246.jpg,40,55,JPEG,RGB,pending_identity_profile
9496285,Wégria,,Wégria,,,,,DEF,9352005,RFC Liège,belgium_league_rosters_0.25,BDFutbol 1993-94 squad page; identity/position audit v0.25,https://www.bdfutbol.com/en/t/t1993-9410266.html,1994,Right Back,RFC Liège,belgium_1993_94_identity_gate,,Wégria,,,9496285.jpg,40,55,JPEG,RGB,pending_identity_profile
9496395,Yalçın,,Yalçın,,,,,DEL,644,Beşiktaş,turkey_league_rosters_0.26,BDFutbol 1993-94 squad; identity/position audit v0.26,https://www.bdfutbol.com/en/t/t1993-9410031.html,1994,Centre Forward,Beşiktaş,turkey_1993_94_explicit_identity_gate,,Yalçın,,,9496395.jpg,40,55,JPEG,RGB,pending_identity_profile
9496730,Yamlikhanov,,Yamlikhanov,,,,,MED,9315006,Uralmash,russia_league_rosters_0.27,BDFutbol 1993 squad; identity/position audit v0.27,https://www.bdfutbol.com/en/t/t1993-9411709.html,1994,Centre Midfielder,Uralmash,russia_1993_explicit_identity_gate,,Yamlikhanov,,,9496730.jpg,40,55,JPEG,RGB,pending_identity_profile
9496693,Yanovski,,Yanovski,,,,,MED,9315005,Spartak Vladikavkaz,russia_league_rosters_0.27,BDFutbol 1993 squad; identity/position audit v0.27,https://www.bdfutbol.com/en/t/t1993-9410778.html,1994,Centre Midfielder,Spartak Vladikavkaz,russia_1993_explicit_identity_gate,,Yanovski,,,9496693.jpg,40,55,JPEG,RGB,pending_identity_profile
9496597,Yarovenko,,Yarovenko,,,,,DEF,9357014,Sarıyer,turkey_league_rosters_0.26,BDFutbol 1993-94 squad; identity/position audit v0.26,https://www.bdfutbol.com/en/t/t1993-949024.html,1994,Centre Back,Sarıyer,turkey_1993_94_explicit_identity_gate,,Yarovenko,,,9496597.jpg,40,55,JPEG,RGB,pending_identity_profile
9496578,Yavaş,,Yavaş,,,,,DEF,9357013,Karşıyaka,turkey_league_rosters_0.26,BDFutbol 1993-94 squad; identity/position audit v0.26,https://www.bdfutbol.com/en/t/t1993-949026.html,1994,Right Back,Karşıyaka,turkey_1993_94_explicit_identity_gate,,Yavaş,,,9496578.jpg,40,55,JPEG,RGB,pending_identity_profile
9496006,Yaw Preko,Yaw,Preko,,,42,,DEL,415,Anderlecht,belgium_league_rosters_0.25,BDFutbol 1993-94 squad page; identity/position audit v0.25,https://www.bdfutbol.com/en/t/t1993-9410015.html,1994,Centre Forward,Anderlecht,belgium_1993_94_identity_gate,,Yaw Preko,,,9496006.jpg,40,55,JPEG,RGB,pending_identity_profile
9496361,Yağcıoğlu,,Yağcıoğlu,,,,,DEF,9357001,Fenerbahçe,turkey_league_rosters_0.26,BDFutbol 1993-94 squad; identity/position audit v0.26,https://www.bdfutbol.com/en/t/t1993-9410178.html,1994,Right Back,Fenerbahçe,turkey_1993_94_explicit_identity_gate,,Yağcıoğlu,,,9496361.jpg,40,55,JPEG,RGB,pending_identity_profile
9496852,Yemelyanov,,Yemelyanov,,,,,DEF,9315013,Luch Vladivostok,russia_league_rosters_0.27,BDFutbol 1993 squad; identity/position audit v0.27,https://www.bdfutbol.com/en/t/t1993-9422002.html,1994,Centre Back,Luch Vladivostok,russia_1993_explicit_identity_gate,,Yemelyanov,,,9496852.jpg,40,55,JPEG,RGB,pending_identity_profile
9496628,Yesipov,,Yesipov,,,,,DEL,9315001,Rotor Volgograd,russia_league_rosters_0.27,BDFutbol 1993 squad; identity/position audit v0.27,https://www.bdfutbol.com/en/t/t1993-9411034.html,1994,Centre Forward,Rotor Volgograd,russia_1993_explicit_identity_gate,,Yesipov,,,9496628.jpg,40,55,JPEG,RGB,pending_identity_profile
9496430,Yiğit,,Yiğit,,,,,DEF,9357004,Kocaelispor,turkey_league_rosters_0.26,BDFutbol 1993-94 squad; identity/position audit v0.26,https://www.bdfutbol.com/en/t/t1993-9410861.html,1994,Right Back,Kocaelispor,turkey_1993_94_explicit_identity_gate,,Yiğit,,,9496430.jpg,40,55,JPEG,RGB,pending_identity_profile
9496668,Yudin,,Yudin,,,,,MED,9315003,Tekstilshchik Kamyshin,russia_league_rosters_0.27,BDFutbol 1993 squad; identity/position audit v0.27,https://www.bdfutbol.com/en/t/t1993-9411094.html,1994,Centre Midfielder,Tekstilshchik Kamyshin,russia_1993_explicit_identity_gate,,Yudin,,,9496668.jpg,40,55,JPEG,RGB,pending_identity_profile
9496470,Yungul,,Yungul,,,,,DEF,9357006,Gaziantepspor,turkey_league_rosters_0.26,BDFutbol 1993-94 squad; identity/position audit v0.26,https://www.bdfutbol.com/en/t/t1993-9410300.html,1994,Centre Back,Gaziantepspor,turkey_1993_94_explicit_identity_gate,,Yungul,,,9496470.jpg,40,55,JPEG,RGB,pending_identity_profile
9496564,Yurttaş,,Yurttaş,,,,,MED,9357012,Karabükspor,turkey_league_rosters_0.26,BDFutbol 1993-94 squad; identity/position audit v0.26,https://www.bdfutbol.com/en/t/t1993-9410744.html,1994,Right Midfielder,Karabükspor,turkey_1993_94_explicit_identity_gate,,Yurttaş,,,9496564.jpg,40,55,JPEG,RGB,pending_identity_profile
9496724,Yushkov,,Yushkov,,,,,DEF,9315006,Uralmash,russia_league_rosters_0.27,BDFutbol 1993 squad; identity/position audit v0.27,https://www.bdfutbol.com/en/t/t1993-9411709.html,1994,Right Back,Uralmash,russia_1993_explicit_identity_gate,,Yushkov,,,9496724.jpg,40,55,JPEG,RGB,pending_identity_profile
9496374,Yuvakuran,,Yuvakuran,,,,,MED,9357001,Fenerbahçe,turkey_league_rosters_0.26,BDFutbol 1993-94 squad; identity/position audit v0.26,https://www.bdfutbol.com/en/t/t1993-9410178.html,1994,Right Midfielder,Fenerbahçe,turkey_1993_94_explicit_identity_gate,,Yuvakuran,,,9496374.jpg,40,55,JPEG,RGB,pending_identity_profile
9496509,Yücel,,Yücel,,,,,DEF,9357009,Ankaragücü,turkey_league_rosters_0.26,BDFutbol 1993-94 squad; identity/position audit v0.26,https://www.bdfutbol.com/en/t/t1993-9410353.html,1994,Left Back,Ankaragücü,turkey_1993_94_explicit_identity_gate,,Yücel,,,9496509.jpg,40,55,JPEG,RGB,pending_identity_profile
9496517,Yıldırım,,Yıldırım,,,,,DEL,9357009,Ankaragücü,turkey_league_rosters_0.26,BDFutbol 1993-94 squad; identity/position audit v0.26,https://www.bdfutbol.com/en/t/t1993-9410353.html,1994,Left Winger,Ankaragücü,turkey_1993_94_explicit_identity_gate,,Yıldırım,,,9496517.jpg,40,55,JPEG,RGB,pending_identity_profile
9496549,Yıldırım,,Yıldırım,,,,,MED,9357011,Zeytinburnuspor,turkey_league_rosters_0.26,BDFutbol 1993-94 squad; identity/position audit v0.26,https://www.bdfutbol.com/en/t/t1993-949025.html,1994,Left Midfielder,Zeytinburnuspor,turkey_1993_94_explicit_identity_gate,,Yıldırım,,,9496549.jpg,40,55,JPEG,RGB,pending_identity_profile
9496609,Yıldırım,,Yıldırım,,,,,DEF,9357014,Sarıyer,turkey_league_rosters_0.26,BDFutbol 1993-94 squad; identity/position audit v0.26,https://www.bdfutbol.com/en/t/t1993-949024.html,1994,Right Back,Sarıyer,turkey_1993_94_explicit_identity_gate,,Yıldırım,,,9496609.jpg,40,55,JPEG,RGB,pending_identity_profile
9496585,Yıldız,,Yıldız,,,,,MED,9357013,Karşıyaka,turkey_league_rosters_0.26,BDFutbol 1993-94 squad; identity/position audit v0.26,https://www.bdfutbol.com/en/t/t1993-949026.html,1994,Left Midfielder,Karşıyaka,turkey_1993_94_explicit_identity_gate,,Yıldız,,,9496585.jpg,40,55,JPEG,RGB,pending_identity_profile
9496434,Yılmaz,,Yılmaz,,,,,DEL,9357004,Kocaelispor,turkey_league_rosters_0.26,BDFutbol 1993-94 squad; identity/position audit v0.26,https://www.bdfutbol.com/en/t/t1993-9410861.html,1994,Right Winger,Kocaelispor,turkey_1993_94_explicit_identity_gate,,Yılmaz,,,9496434.jpg,40,55,JPEG,RGB,pending_identity_profile
9496438,Zafer,,Zafer,,,,,DEF,9357005,Gençlerbirliği,turkey_league_rosters_0.26,BDFutbol 1993-94 squad; identity/position audit v0.26,https://www.bdfutbol.com/en/t/t1993-9410358.html,1994,Centre Back,Gençlerbirliği,turkey_1993_94_explicit_identity_gate,,Zafer,,,9496438.jpg,40,55,JPEG,RGB,pending_identity_profile
9496759,Zakharchuk,,Zakharchuk,,,,,POR,9315008,KAMAZ,russia_league_rosters_0.27,BDFutbol 1993 squad; identity/position audit v0.27,https://www.bdfutbol.com/en/t/t1993-9411710.html,1994,Goalkeeper,KAMAZ,russia_1993_explicit_identity_gate,,Zakharchuk,,,9496759.jpg,40,55,JPEG,RGB,pending_identity_profile
9496863,Zakharov,,Zakharov,,,,,MED,9315013,Luch Vladivostok,russia_league_rosters_0.27,BDFutbol 1993 squad; identity/position audit v0.27,https://www.bdfutbol.com/en/t/t1993-9422002.html,1994,Left Midfielder,Luch Vladivostok,russia_1993_explicit_identity_gate,,Zakharov,,,9496863.jpg,40,55,JPEG,RGB,pending_identity_profile
9496882,Zakharov,,Zakharov,,,,,MED,9315014,Okean Nakhodka,russia_league_rosters_0.27,BDFutbol 1993 squad; identity/position audit v0.27,https://www.bdfutbol.com/en/t/t1993-9422022.html,1994,Centre Midfielder,Okean Nakhodka,russia_1993_explicit_identity_gate,,Zakharov,,,9496882.jpg,40,55,JPEG,RGB,pending_identity_profile
9496431,Zeki,,Zeki,,,,,MED,9357004,Kocaelispor,turkey_league_rosters_0.26,BDFutbol 1993-94 squad; identity/position audit v0.26,https://www.bdfutbol.com/en/t/t1993-9410861.html,1994,Centre Midfielder,Kocaelispor,turkey_1993_94_explicit_identity_gate,,Zeki,,,9496431.jpg,40,55,JPEG,RGB,pending_identity_profile
9496626,Zhidkov,,Zhidkov,,,,,MED,9315001,Rotor Volgograd,russia_league_rosters_0.27,BDFutbol 1993 squad; identity/position audit v0.27,https://www.bdfutbol.com/en/t/t1993-9411034.html,1994,Centre Midfielder,Rotor Volgograd,russia_1993_explicit_identity_gate,,Zhidkov,,,9496626.jpg,40,55,JPEG,RGB,pending_identity_profile
9496791,Zhirov,,Zhirov,,,,,DEF,9315009,Zhemchuzhina Sochi,russia_league_rosters_0.27,BDFutbol 1993 squad; identity/position audit v0.27,https://www.bdfutbol.com/en/t/t1993-9422018.html,1994,Left Back,Zhemchuzhina Sochi,russia_1993_explicit_identity_gate,,Zhirov,,,9496791.jpg,40,55,JPEG,RGB,pending_identity_profile
9496920,Zorya,,Zorya,,,,,DEL,9315016,Asmaral Moskva,russia_league_rosters_0.27,BDFutbol 1993 squad; identity/position audit v0.27,https://www.bdfutbol.com/en/t/t1993-9422023.html,1994,Right Winger,Asmaral Moskva,russia_1993_explicit_identity_gate,,Zorya,,,9496920.jpg,40,55,JPEG,RGB,pending_identity_profile
9496772,Zubkov,,Zubkov,,,,,MED,9315008,KAMAZ,russia_league_rosters_0.27,BDFutbol 1993 squad; identity/position audit v0.27,https://www.bdfutbol.com/en/t/t1993-9411710.html,1994,Right Midfielder,KAMAZ,russia_1993_explicit_identity_gate,,Zubkov,,,9496772.jpg,40,55,JPEG,RGB,pending_identity_profile
9496420,Çakır,,Çakır,,,,,DEF,9357004,Kocaelispor,turkey_league_rosters_0.26,BDFutbol 1993-94 squad; identity/position audit v0.26,https://www.bdfutbol.com/en/t/t1993-9410861.html,1994,Centre Back,Kocaelispor,turkey_1993_94_explicit_identity_gate,,Çakır,,,9496420.jpg,40,55,JPEG,RGB,pending_identity_profile
9496389,Çalımbay,,Çalımbay,,,,,MED,644,Beşiktaş,turkey_league_rosters_0.26,BDFutbol 1993-94 squad; identity/position audit v0.26,https://www.bdfutbol.com/en/t/t1993-9410031.html,1994,Right Midfielder,Beşiktaş,turkey_1993_94_explicit_identity_gate,,Çalımbay,,,9496389.jpg,40,55,JPEG,RGB,pending_identity_profile
9496600,Çalışkan,,Çalışkan,,,,,MED,9357014,Sarıyer,turkey_league_rosters_0.26,BDFutbol 1993-94 squad; identity/position audit v0.26,https://www.bdfutbol.com/en/t/t1993-949024.html,1994,Right Midfielder,Sarıyer,turkey_1993_94_explicit_identity_gate,,Çalışkan,,,9496600.jpg,40,55,JPEG,RGB,pending_identity_profile
9496448,Çağdaş,,Çağdaş,,,,,DEL,9357005,Gençlerbirliği,turkey_league_rosters_0.26,BDFutbol 1993-94 squad; identity/position audit v0.26,https://www.bdfutbol.com/en/t/t1993-9410358.html,1994,Centre Forward,Gençlerbirliği,turkey_1993_94_explicit_identity_gate,,Çağdaş,,,9496448.jpg,40,55,JPEG,RGB,pending_identity_profile
9496573,Çebi,,Çebi,,,,,DEF,9357012,Karabükspor,turkey_league_rosters_0.26,BDFutbol 1993-94 squad; identity/position audit v0.26,https://www.bdfutbol.com/en/t/t1993-9410744.html,1994,Centre Back,Karabükspor,turkey_1993_94_explicit_identity_gate,,Çebi,,,9496573.jpg,40,55,JPEG,RGB,pending_identity_profile
9496383,Çelik,,Çelik,,,,,MED,9357002,Trabzonspor,turkey_league_rosters_0.26,BDFutbol 1993-94 squad; identity/position audit v0.26,https://www.bdfutbol.com/en/t/t1993-9410047.html,1994,Defensive Midfielder,Trabzonspor,turkey_1993_94_explicit_identity_gate,,Çelik,,,9496383.jpg,40,55,JPEG,RGB,pending_identity_profile
9496461,Çelik,,Çelik,,,,,MED,9357006,Gaziantepspor,turkey_league_rosters_0.26,BDFutbol 1993-94 squad; identity/position audit v0.26,https://www.bdfutbol.com/en/t/t1993-9410300.html,1994,Left Midfielder,Gaziantepspor,turkey_1993_94_explicit_identity_gate,,Çelik,,,9496461.jpg,40,55,JPEG,RGB,pending_identity_profile
9496612,Çimen,,Çimen,,,,,MED,9357014,Sarıyer,turkey_league_rosters_0.26,BDFutbol 1993-94 squad; identity/position audit v0.26,https://www.bdfutbol.com/en/t/t1993-949024.html,1994,Attacking Midfielder,Sarıyer,turkey_1993_94_explicit_identity_gate,,Çimen,,,9496612.jpg,40,55,JPEG,RGB,pending_identity_profile
9496566,Çoban,,Çoban,,,,,MED,9357012,Karabükspor,turkey_league_rosters_0.26,BDFutbol 1993-94 squad; identity/position audit v0.26,https://www.bdfutbol.com/en/t/t1993-9410744.html,1994,Centre Midfielder,Karabükspor,turkey_1993_94_explicit_identity_gate,,Çoban,,,9496566.jpg,40,55,JPEG,RGB,pending_identity_profile
9496513,Çobanoğlu,,Çobanoğlu,,,,,MED,9357009,Ankaragücü,turkey_league_rosters_0.26,BDFutbol 1993-94 squad; identity/position audit v0.26,https://www.bdfutbol.com/en/t/t1993-9410353.html,1994,Left Midfielder,Ankaragücü,turkey_1993_94_explicit_identity_gate,,Çobanoğlu,,,9496513.jpg,40,55,JPEG,RGB,pending_identity_profile
9496368,Çolak,,Çolak,,,,,DEL,9357001,Fenerbahçe,turkey_league_rosters_0.26,BDFutbol 1993-94 squad; identity/position audit v0.26,https://www.bdfutbol.com/en/t/t1993-9410178.html,1994,Centre Forward,Fenerbahçe,turkey_1993_94_explicit_identity_gate,,Çolak,,,9496368.jpg,40,55,JPEG,RGB,pending_identity_profile
9496403,Çıkla,,Çıkla,,,,,DEF,9357003,Samsunspor,turkey_league_rosters_0.26,BDFutbol 1993-94 squad; identity/position audit v0.26,https://www.bdfutbol.com/en/t/t1993-9411698.html,1994,Centre Back,Samsunspor,turkey_1993_94_explicit_identity_gate,,Çıkla,,,9496403.jpg,40,55,JPEG,RGB,pending_identity_profile
9496584,Çıkrıkçıoğlu,,Çıkrıkçıoğlu,,,,,MED,9357013,Karşıyaka,turkey_league_rosters_0.26,BDFutbol 1993-94 squad; identity/position audit v0.26,https://www.bdfutbol.com/en/t/t1993-949026.html,1994,Centre Midfielder,Karşıyaka,turkey_1993_94_explicit_identity_gate,,Çıkrıkçıoğlu,,,9496584.jpg,40,55,JPEG,RGB,pending_identity_profile
9496378,Çıkırıkçı,,Çıkırıkçı,,,,,MED,9357002,Trabzonspor,turkey_league_rosters_0.26,BDFutbol 1993-94 squad; identity/position audit v0.26,https://www.bdfutbol.com/en/t/t1993-9410047.html,1994,Right Midfielder,Trabzonspor,turkey_1993_94_explicit_identity_gate,,Çıkırıkçı,,,9496378.jpg,40,55,JPEG,RGB,pending_identity_profile
9496474,Örnek,,Örnek,,,,,DEF,9357007,Bursaspor,turkey_league_rosters_0.26,BDFutbol 1993-94 squad; identity/position audit v0.26,https://www.bdfutbol.com/en/t/t1993-9410247.html,1994,Centre Back,Bursaspor,turkey_1993_94_explicit_identity_gate,,Örnek,,,9496474.jpg,40,55,JPEG,RGB,pending_identity_profile
9496442,Özdemir,,Özdemir,,,,,MED,9357005,Gençlerbirliği,turkey_league_rosters_0.26,BDFutbol 1993-94 squad; identity/position audit v0.26,https://www.bdfutbol.com/en/t/t1993-9410358.html,1994,Centre Midfielder,Gençlerbirliği,turkey_1993_94_explicit_identity_gate,,Özdemir,,,9496442.jpg,40,55,JPEG,RGB,pending_identity_profile
9496537,Özdemir,,Özdemir,,,,,DEL,9357010,Kayserispor,turkey_league_rosters_0.26,BDFutbol 1993-94 squad; identity/position audit v0.26,https://www.bdfutbol.com/en/t/t1993-9410432.html,1994,Right Winger,Kayserispor,turkey_1993_94_explicit_identity_gate,,Özdemir,,,9496537.jpg,40,55,JPEG,RGB,pending_identity_profile
9496459,Özer,,Özer,,,,,MED,9357006,Gaziantepspor,turkey_league_rosters_0.26,BDFutbol 1993-94 squad; identity/position audit v0.26,https://www.bdfutbol.com/en/t/t1993-9410300.html,1994,Centre Midfielder,Gaziantepspor,turkey_1993_94_explicit_identity_gate,,Özer,,,9496459.jpg,40,55,JPEG,RGB,pending_identity_profile
9496468,Özer,,Özer,,,,,MED,9357006,Gaziantepspor,turkey_league_rosters_0.26,BDFutbol 1993-94 squad; identity/position audit v0.26,https://www.bdfutbol.com/en/t/t1993-9410300.html,1994,Attacking Midfielder,Gaziantepspor,turkey_1993_94_explicit_identity_gate,,Özer,,,9496468.jpg,40,55,JPEG,RGB,pending_identity_profile
9496563,Özer,,Özer,,,,,DEF,9357012,Karabükspor,turkey_league_rosters_0.26,BDFutbol 1993-94 squad; identity/position audit v0.26,https://www.bdfutbol.com/en/t/t1993-9410744.html,1994,Left Back,Karabükspor,turkey_1993_94_explicit_identity_gate,,Özer,,,9496563.jpg,40,55,JPEG,RGB,pending_identity_profile
9496504,Özhan,,Özhan,,,,,DEF,9357008,Altay,turkey_league_rosters_0.26,BDFutbol 1993-94 squad; identity/position audit v0.26,https://www.bdfutbol.com/en/t/t1993-9411414.html,1994,Centre Back,Altay,turkey_1993_94_explicit_identity_gate,,Özhan,,,9496504.jpg,40,55,JPEG,RGB,pending_identity_profile
9496560,Özkayımoğlu,,Özkayımoğlu,,,,,DEF,9357012,Karabükspor,turkey_league_rosters_0.26,BDFutbol 1993-94 squad; identity/position audit v0.26,https://www.bdfutbol.com/en/t/t1993-9410744.html,1994,Right Back,Karabükspor,turkey_1993_94_explicit_identity_gate,,Özkayımoğlu,,,9496560.jpg,40,55,JPEG,RGB,pending_identity_profile
9496387,Özköylü,,Özköylü,,,,,DEF,9357002,Trabzonspor,turkey_league_rosters_0.26,BDFutbol 1993-94 squad; identity/position audit v0.26,https://www.bdfutbol.com/en/t/t1993-9410047.html,1994,Centre Back,Trabzonspor,turkey_1993_94_explicit_identity_gate,,Özköylü,,,9496387.jpg,40,55,JPEG,RGB,pending_identity_profile
9496388,Öğer,,Öğer,,,,,POR,644,Beşiktaş,turkey_league_rosters_0.26,BDFutbol 1993-94 squad; identity/position audit v0.26,https://www.bdfutbol.com/en/t/t1993-9410031.html,1994,Goalkeeper,Beşiktaş,turkey_1993_94_explicit_identity_gate,,Öğer,,,9496388.jpg,40,55,JPEG,RGB,pending_identity_profile
9496561,Ünsal,,Ünsal,,,,,DEF,9357012,Karabükspor,turkey_league_rosters_0.26,BDFutbol 1993-94 squad; identity/position audit v0.26,https://www.bdfutbol.com/en/t/t1993-9410744.html,1994,Centre Back,Karabükspor,turkey_1993_94_explicit_identity_gate,,Ünsal,,,9496561.jpg,40,55,JPEG,RGB,pending_identity_profile
9496518,Üstün,,Üstün,,,,,DEF,9357009,Ankaragücü,turkey_league_rosters_0.26,BDFutbol 1993-94 squad; identity/position audit v0.26,https://www.bdfutbol.com/en/t/t1993-9410353.html,1994,Centre Back,Ankaragücü,turkey_1993_94_explicit_identity_gate,,Üstün,,,9496518.jpg,40,55,JPEG,RGB,pending_identity_profile
9496489,Üstündağ,,Üstündağ,,,,,DEF,9357008,Altay,turkey_league_rosters_0.26,BDFutbol 1993-94 squad; identity/position audit v0.26,https://www.bdfutbol.com/en/t/t1993-9411414.html,1994,Right Back,Altay,turkey_1993_94_explicit_identity_gate,,Üstündağ,,,9496489.jpg,40,55,JPEG,RGB,pending_identity_profile
9496490,İkizoğlu,,İkizoğlu,,,,,DEF,9357008,Altay,turkey_league_rosters_0.26,BDFutbol 1993-94 squad; identity/position audit v0.26,https://www.bdfutbol.com/en/t/t1993-9411414.html,1994,Centre Back,Altay,turkey_1993_94_explicit_identity_gate,,İkizoğlu,,,9496490.jpg,40,55,JPEG,RGB,pending_identity_profile
9496415,İlhan,,İlhan,,,,,DEF,9357003,Samsunspor,turkey_league_rosters_0.26,BDFutbol 1993-94 squad; identity/position audit v0.26,https://www.bdfutbol.com/en/t/t1993-9411698.html,1994,Centre Back,Samsunspor,turkey_1993_94_explicit_identity_gate,,İlhan,,,9496415.jpg,40,55,JPEG,RGB,pending_identity_profile
9496568,İnal,,İnal,,,,,DEL,9357012,Karabükspor,turkey_league_rosters_0.26,BDFutbol 1993-94 squad; identity/position audit v0.26,https://www.bdfutbol.com/en/t/t1993-9410744.html,1994,Centre Forward,Karabükspor,turkey_1993_94_explicit_identity_gate,,İnal,,,9496568.jpg,40,55,JPEG,RGB,pending_identity_profile
9496411,İsa,,İsa,,,,,MED,9357003,Samsunspor,turkey_league_rosters_0.26,BDFutbol 1993-94 squad; identity/position audit v0.26,https://www.bdfutbol.com/en/t/t1993-9411698.html,1994,Defensive Midfielder,Samsunspor,turkey_1993_94_explicit_identity_gate,,İsa,,,9496411.jpg,40,55,JPEG,RGB,pending_identity_profile
9496451,İsmailoğlu,,İsmailoğlu,,,,,DEF,9357005,Gençlerbirliği,turkey_league_rosters_0.26,BDFutbol 1993-94 squad; identity/position audit v0.26,https://www.bdfutbol.com/en/t/t1993-9410358.html,1994,Left Back,Gençlerbirliği,turkey_1993_94_explicit_identity_gate,,İsmailoğlu,,,9496451.jpg,40,55,JPEG,RGB,pending_identity_profile
9496264,Świętek,,Świętek,,,70,,DEL,908,Oostende,belgium_league_rosters_0.25,BDFutbol 1993-94 squad page; identity/position audit v0.25,https://www.bdfutbol.com/en/t/t1993-9410949.html,1994,Centre Forward,Oostende,belgium_1993_94_identity_gate,,Świętek,,,9496264.jpg,40,55,JPEG,RGB,pending_identity_profile
9496472,Şen,,Şen,,,,,DEF,9357007,Bursaspor,turkey_league_rosters_0.26,BDFutbol 1993-94 squad; identity/position audit v0.26,https://www.bdfutbol.com/en/t/t1993-9410247.html,1994,Right Back,Bursaspor,turkey_1993_94_explicit_identity_gate,,Şen,,,9496472.jpg,40,55,JPEG,RGB,pending_identity_profile
9496526,Şen,,Şen,,,,,DEF,9357010,Kayserispor,turkey_league_rosters_0.26,BDFutbol 1993-94 squad; identity/position audit v0.26,https://www.bdfutbol.com/en/t/t1993-9410432.html,1994,Centre Back,Kayserispor,turkey_1993_94_explicit_identity_gate,,Şen,,,9496526.jpg,40,55,JPEG,RGB,pending_identity_profile
9496476,Şengül,,Şengül,,,,,MED,9357007,Bursaspor,turkey_league_rosters_0.26,BDFutbol 1993-94 squad; identity/position audit v0.26,https://www.bdfutbol.com/en/t/t1993-9410247.html,1994,Right Midfielder,Bursaspor,turkey_1993_94_explicit_identity_gate,,Şengül,,,9496476.jpg,40,55,JPEG,RGB,pending_identity_profile
9496569,Şermet,,Şermet,,,,,DEL,9357012,Karabükspor,turkey_league_rosters_0.26,BDFutbol 1993-94 squad; identity/position audit v0.26,https://www.bdfutbol.com/en/t/t1993-9410744.html,1994,Centre Forward,Karabükspor,turkey_1993_94_explicit_identity_gate,,Şermet,,,9496569.jpg,40,55,JPEG,RGB,pending_identity_profile
9496445,Şimşek,,Şimşek,,,,,DEL,9357005,Gençlerbirliği,turkey_league_rosters_0.26,BDFutbol 1993-94 squad; identity/position audit v0.26,https://www.bdfutbol.com/en/t/t1993-9410358.html,1994,Centre Forward,Gençlerbirliği,turkey_1993_94_explicit_identity_gate,,Şimşek,,,9496445.jpg,40,55,JPEG,RGB,pending_identity_profile
9496446,Šimunić,,Šimunić,,,,,POR,9357005,Gençlerbirliği,turkey_league_rosters_0.26,BDFutbol 1993-94 squad; identity/position audit v0.26,https://www.bdfutbol.com/en/t/t1993-9410358.html,1994,Goalkeeper,Gençlerbirliği,turkey_1993_94_explicit_identity_gate,,Šimunić,,,9496446.jpg,40,55,JPEG,RGB,pending_identity_profile
9497037,Alexandros Vasi,Alexandros,Vasi,,1968-04-13T00:00:00,8,Albania,MED,9347008,Skoda Xanthi,greece_league_rosters_0.28,RSSSF Greece 1993/94 roster section; identity/position audit v0.28,https://www.rsssf.org/tablesg/grk94.html,,Right Midfielder,Skoda Xanthi,greece_1993_94_explicit_identity_gate,,Alexandros Vasi,,,9497037.jpg,40,55,JPEG,RGB,pending_identity_profile
9497177,Alfredos Fergos,Alfredos,Fergos,,1964-10-15T00:00:00,8,Albania,MED,9347016,Panachaiki,greece_league_rosters_0.28,RSSSF Greece 1993/94 roster section; identity/position audit v0.28,https://www.rsssf.org/tablesg/grk94.html,,Defensive Midfielder,Panachaiki,greece_1993_94_explicit_identity_gate,,Alfredos Fergos,,,9497177.jpg,40,55,JPEG,RGB,pending_identity_profile
9496968,Arthur Lekbelo,Arthur,Lekbelo,,1966-02-23T00:00:00,8,Albania,MED,9347004,Aris Thessalonikis,greece_league_rosters_0.28,RSSSF Greece 1993/94 roster section; identity/position audit v0.28,https://www.rsssf.org/tablesg/grk94.html,,Right Midfielder,Aris Thessalonikis,greece_1993_94_explicit_identity_gate,,Arthur Lekbelo,,,9496968.jpg,40,55,JPEG,RGB,pending_identity_profile
9496946,Foti Strakosha,Foti,Strakosha,,1965-03-29T00:00:00,8,Albania,POR,9347003,Olympiakos Pireas,greece_league_rosters_0.28,RSSSF Greece 1993/94 roster section; identity/position audit v0.28,https://www.rsssf.org/tablesg/grk94.html,,Goalkeeper,Olympiakos Pireas,greece_1993_94_explicit_identity_gate,,Foti Strakosha,,,9496946.jpg,40,55,JPEG,RGB,pending_identity_profile
9497132,Ily Seou,Ily,Seou,,1968-11-08T00:00:00,8,Albania,DEL,9347013,Apollon Athinas,greece_league_rosters_0.28,RSSSF Greece 1993/94 roster section; identity/position audit v0.28,https://www.rsssf.org/tablesg/grk94.html,,Left Winger,Apollon Athinas,greece_1993_94_explicit_identity_gate,,Ily Seou,,,9497132.jpg,40,55,JPEG,RGB,pending_identity_profile
9497077,Lefteris Milos,Lefteris,Milos,,1966-04-02T00:00:00,8,Albania,DEL,9347010,AE Larisa,greece_league_rosters_0.28,RSSSF Greece 1993/94 roster section; identity/position audit v0.28,https://www.rsssf.org/tablesg/grk94.html,,Centre Forward,AE Larisa,greece_1993_94_explicit_identity_gate,,Lefteris Milos,,,9497077.jpg,40,55,JPEG,RGB,pending_identity_profile
9497042,Lenzo Panou,Lenzo,Panou,,1968-05-23T00:00:00,8,Albania,DEL,9347008,Skoda Xanthi,greece_league_rosters_0.28,RSSSF Greece 1993/94 roster section; identity/position audit v0.28,https://www.rsssf.org/tablesg/grk94.html,,Right Winger,Skoda Xanthi,greece_1993_94_explicit_identity_gate,,Lenzo Panou,,,9497042.jpg,40,55,JPEG,RGB,pending_identity_profile
9497109,Salvatore Katsaj,Salvatore,Katsaj,,1967-10-23T00:00:00,8,Albania,MED,9347012,Athinaikos,greece_league_rosters_0.28,RSSSF Greece 1993/94 roster section; identity/position audit v0.28,https://www.rsssf.org/tablesg/grk94.html,,Right Midfielder,Athinaikos,greece_1993_94_explicit_identity_gate,,Salvatore Katsaj,,,9497109.jpg,40,55,JPEG,RGB,pending_identity_profile
9497201,Sokol Koushta,Sokol,Koushta,,1964-08-17T00:00:00,8,Albania,DEL,9347017,Apollon Kalamarias,greece_league_rosters_0.28,RSSSF Greece 1993/94 roster section; identity/position audit v0.28,https://www.rsssf.org/tablesg/grk94.html,,Centre Forward,Apollon Kalamarias,greece_1993_94_explicit_identity_gate,,Sokol Koushta,,,9497201.jpg,40,55,JPEG,RGB,pending_identity_profile
9496354,Falko Götz,Falko,Götz,,1962-03-26,4,Alemania,MED,645,Galatasaray,turkey_league_rosters_0.26,BDFutbol 1993-94 squad; identity/position audit v0.26,https://www.bdfutbol.com/en/t/t1993-9410020.html,1994,Left Midfielder,Galatasaray,turkey_1993_94_explicit_identity_gate,,Falko Götz,90652,https://www.bdfutbol.com/en/j/j90652.html,9496354.jpg,40,55,JPEG,RGB,ready_for_download
9496352,Reinhard Stumpf,Reinhard,Stumpf,,1961-11-26,4,Alemania,DEF,645,Galatasaray,turkey_league_rosters_0.26,BDFutbol 1993-94 squad; identity/position audit v0.26,https://www.bdfutbol.com/en/t/t1993-9410020.html,1994,Right Back,Galatasaray,turkey_1993_94_explicit_identity_gate,,Reinhard Stumpf,98735,https://www.bdfutbol.com/en/j/j98735.html,9496352.jpg,40,55,JPEG,RGB,ready_for_download
9494246,Abdullah Al-Dosari,Abdullah,Al-Dosari,,1969-11-01,13,Arabia Saudí,DEF,9400013,Otros-Arabia Saudí,world_cup_1994,Fjelstul World Cup Database,,,,,created_after_global_existing_player_comparison,,Abdullah Al-Dosari,,,9494246.jpg,40,55,JPEG,RGB,pending
9494248,Abdullah Sulaiman Zubromawi,Abdullah,Sulaiman Zubromawi,,1973-11-15,13,Arabia Saudí,DEF,9400013,Otros-Arabia Saudí,world_cup_1994,Fjelstul World Cup Database,,,,,created_after_global_existing_player_comparison,,Abdullah Sulaiman Zubromawi,,,9494248.jpg,40,55,JPEG,RGB,pending
9494249,Ahmed Jamil Madani,Ahmed,Jamil Madani,,1970-01-06,13,Arabia Saudí,DEF,9400013,Otros-Arabia Saudí,world_cup_1994,Fjelstul World Cup Database,,,,,created_after_global_existing_player_comparison,,Ahmed Jamil Madani,,,9494249.jpg,40,55,JPEG,RGB,pending
9494262,Awad Al-Anazi,Awad,Al-Anazi,,1968-09-24,13,Arabia Saudí,DEF,9400013,Otros-Arabia Saudí,world_cup_1994,Fjelstul World Cup Database,,,,,created_after_global_existing_player_comparison,,Awad Al-Anazi,,,9494262.jpg,40,55,JPEG,RGB,pending
9494252,Fahad Al-Bishi,Fahad,Al-Bishi,,1965-09-10,13,Arabia Saudí,MED,9400013,Otros-Arabia Saudí,world_cup_1994,Fjelstul World Cup Database,,,,,created_after_global_existing_player_comparison,,Fahad Al-Bishi,,,9494252.jpg,40,55,JPEG,RGB,pending
9494251,Fahad Al-Ghesheyan,Fahad,Al-Ghesheyan,,1973-08-01,13,Arabia Saudí,DEL,9400013,Otros-Arabia Saudí,world_cup_1994,Fjelstul World Cup Database,,,,,created_after_global_existing_player_comparison,,Fahad Al-Ghesheyan,,,9494251.jpg,40,55,JPEG,RGB,pending
9494255,Fahad Al-Mehallel,Fahad,Al-Mehallel,,1970-11-11,13,Arabia Saudí,DEL,9400013,Otros-Arabia Saudí,world_cup_1994,Fjelstul World Cup Database,,,,,created_after_global_existing_player_comparison,,Fahad Al-Mehallel,,,9494255.jpg,40,55,JPEG,RGB,pending
9494250,Fuad Anwar,Fuad,Anwar,,1972-10-13,13,Arabia Saudí,MED,9400013,Otros-Arabia Saudí,world_cup_1994,Fjelstul World Cup Database,,,,,created_after_global_existing_player_comparison,,Fuad Anwar,,,9494250.jpg,40,55,JPEG,RGB,pending
9494264,Hamzah Idris,Hamzah,Idris,,1972-10-08,13,Arabia Saudí,DEL,9400013,Otros-Arabia Saudí,world_cup_1994,Fjelstul World Cup Database,,,,,created_after_global_existing_player_comparison,,Hamzah Idris,,,9494264.jpg,40,55,JPEG,RGB,pending
9494263,Hamzah Saleh,Hamzah,Saleh,,1967-04-19,13,Arabia Saudí,MED,9400013,Otros-Arabia Saudí,world_cup_1994,Fjelstul World Cup Database,,,,,created_after_global_existing_player_comparison,,Hamzah Saleh,,,9494263.jpg,40,55,JPEG,RGB,pending
9494265,Hussein Al-Sadiq,Hussein,Al-Sadiq,,1973-10-15,13,Arabia Saudí,POR,9400013,Otros-Arabia Saudí,world_cup_1994,Fjelstul World Cup Database,,,,,created_after_global_existing_player_comparison,,Hussein Al-Sadiq,,,9494265.jpg,40,55,JPEG,RGB,pending
9494266,Ibrahim Al-Helwah,Ibrahim,Al-Helwah,,1972-08-18,13,Arabia Saudí,POR,9400013,Otros-Arabia Saudí,world_cup_1994,Fjelstul World Cup Database,,,,,created_after_global_existing_player_comparison,,Ibrahim Al-Helwah,,,9494266.jpg,40,55,JPEG,RGB,pending
9494258,Khalid Al-Muwallid,Khalid,Al-Muwallid,,1971-11-23,13,Arabia Saudí,MED,9400013,Otros-Arabia Saudí,world_cup_1994,Fjelstul World Cup Database,,,,,created_after_global_existing_player_comparison,,Khalid Al-Muwallid,,,9494258.jpg,40,55,JPEG,RGB,pending
9494253,Majed Abdullah,Majed,Abdullah,,1959-11-01,13,Arabia Saudí,DEL,9400013,Otros-Arabia Saudí,world_cup_1994,Fjelstul World Cup Database,,,,,created_after_global_existing_player_comparison,,Majed Abdullah,,,9494253.jpg,40,55,JPEG,RGB,pending
9494257,Mohamed Abd Al-Jawad,Mohamed,Abd Al-Jawad,,1962-11-28,13,Arabia Saudí,DEF,9400013,Otros-Arabia Saudí,world_cup_1994,Fjelstul World Cup Database,,,,,created_after_global_existing_player_comparison,,Mohamed Abd Al-Jawad,,,9494257.jpg,40,55,JPEG,RGB,pending
9494245,Mohamed Al-Deayea,Mohamed,Al-Deayea,,1972-08-02,13,Arabia Saudí,POR,9400013,Otros-Arabia Saudí,world_cup_1994,Fjelstul World Cup Database,,,,,created_after_global_existing_player_comparison,,Mohamed Al-Deayea,,,9494245.jpg,40,55,JPEG,RGB,pending
9494247,Mohammed Al-Khilaiwi,Mohammed,Al-Khilaiwi,,1971-08-21,13,Arabia Saudí,DEF,9400013,Otros-Arabia Saudí,world_cup_1994,Fjelstul World Cup Database,,,,,created_after_global_existing_player_comparison,,Mohammed Al-Khilaiwi,,,9494247.jpg,40,55,JPEG,RGB,pending
9494254,Saeed Al-Owairan,Saeed,Al-Owairan,,1967-08-19,13,Arabia Saudí,MED,9400013,Otros-Arabia Saudí,world_cup_1994,Fjelstul World Cup Database,,,,,created_after_global_existing_player_comparison,,Saeed Al-Owairan,,,9494254.jpg,40,55,JPEG,RGB,pending
9494259,Saleh Al-Dawod,Saleh,Al-Dawod,,1968-09-24,13,Arabia Saudí,DEF,9400013,Otros-Arabia Saudí,world_cup_1994,Fjelstul World Cup Database,,,,,created_after_global_existing_player_comparison,,Saleh Al-Dawod,,,9494259.jpg,40,55,JPEG,RGB,pending
9494256,Sami Al-Jaber,Sami,Al-Jaber,,1972-12-11,13,Arabia Saudí,DEL,9400013,Otros-Arabia Saudí,world_cup_1994,Fjelstul World Cup Database,,,,,created_after_global_existing_player_comparison,,Sami Al-Jaber,,,9494256.jpg,40,55,JPEG,RGB,pending
9494260,Talal Jebreen,Talal,Jebreen,,1973-09-25,13,Arabia Saudí,MED,9400013,Otros-Arabia Saudí,world_cup_1994,Fjelstul World Cup Database,,,,,created_after_global_existing_player_comparison,,Talal Jebreen,,,9494260.jpg,40,55,JPEG,RGB,pending
9494261,Yassir Al-Taifi,Yassir,Al-Taifi,,1971-05-10,13,Arabia Saudí,DEF,9400013,Otros-Arabia Saudí,world_cup_1994,Fjelstul World Cup Database,,,,,created_after_global_existing_player_comparison,,Yassir Al-Taifi,,,9494261.jpg,40,55,JPEG,RGB,pending
9495196,Abdelaziz Benhamlat,Abdelaziz,Benhamlat,,1974-03-22,14,Argelia,DEF,9400014,Otros-Argelia,verified_1993_national_pools_0.22,National-Football-Teams · players used by the senior national team in 1993,https://www.national-football-teams.com/country/3/1993/Algeria.html,1993,,JS Kabylie Tizi-Ouzou,created_after_global_existing_player_comparison,,Abdelaziz Benhamlat,,,9495196.jpg,40,55,JPEG,RGB,pending
9495206,Abdelhafid Tasfaout,Abdelhafid,Tasfaout,,1969-02-11,14,Argelia,DEL,9400014,Otros-Argelia,verified_1993_national_pools_0.22,National-Football-Teams · players used by the senior national team in 1993,https://www.national-football-teams.com/country/3/1993/Algeria.html,1993,,MC Oran,created_after_global_existing_player_comparison,,Abdelhafid Tasfaout,,,9495206.jpg,40,55,JPEG,RGB,pending
9495200,Ali Dahleb,Ali,Dahleb,,1969-08-25,14,Argelia,MED,9400014,Otros-Argelia,verified_1993_national_pools_0.22,National-Football-Teams · players used by the senior national team in 1993,https://www.national-football-teams.com/country/3/1993/Algeria.html,1993,,US Chaouia,created_after_global_existing_player_comparison,,Ali Dahleb,,,9495200.jpg,40,55,JPEG,RGB,pending
9495205,Bachir Mekani,Bachir,Mekani,,1970-03-26,14,Argelia,MED,9400014,Otros-Argelia,verified_1993_national_pools_0.22,National-Football-Teams · players used by the senior national team in 1993,https://www.national-football-teams.com/country/3/1993/Algeria.html,1993,,,created_after_global_existing_player_comparison,,Bachir Mekani,,,9495205.jpg,40,55,JPEG,RGB,pending
9495198,Billel Dziri,Billel,Dziri,,1972-01-21,14,Argelia,MED,9400014,Otros-Argelia,verified_1993_national_pools_0.22,National-Football-Teams · players used by the senior national team in 1993,https://www.national-football-teams.com/country/3/1993/Algeria.html,1993,,NA Hussein Dey,created_after_global_existing_player_comparison,,Billel Dziri,,,9495198.jpg,40,55,JPEG,RGB,pending
9495192,Kheireddine Kherris,Kheireddine,Kherris,,1973-05-08,14,Argelia,DEF,9400014,Otros-Argelia,verified_1993_national_pools_0.22,National-Football-Teams · players used by the senior national team in 1993,https://www.national-football-teams.com/country/3/1993/Algeria.html,1993,,WA Tlemcen,created_after_global_existing_player_comparison,,Kheireddine Kherris,,,9495192.jpg,40,55,JPEG,RGB,pending
9495204,Lakhdar Adjali,Lakhdar,Adjali,,1972-07-18,14,Argelia,MED,9400014,Otros-Argelia,verified_1993_national_pools_0.22,National-Football-Teams · players used by the senior national team in 1993,https://www.national-football-teams.com/country/3/1993/Algeria.html,1993,,NA Hussein Dey,created_after_global_existing_player_comparison,,Lakhdar Adjali,,,9495204.jpg,40,55,JPEG,RGB,pending
9495193,Mahieddine Meftah,Mahieddine,Meftah,,1968-09-25,14,Argelia,DEF,9400014,Otros-Argelia,verified_1993_national_pools_0.22,National-Football-Teams · players used by the senior national team in 1993,https://www.national-football-teams.com/country/3/1993/Algeria.html,1993,,JS Kabylie Tizi-Ouzou,created_after_global_existing_player_comparison,,Mahieddine Meftah,,,9495193.jpg,40,55,JPEG,RGB,pending
9495209,Mohamed Brahimi,Mohamed,Brahimi,,1970-01-20,14,Argelia,DEL,9400014,Otros-Argelia,verified_1993_national_pools_0.22,National-Football-Teams · players used by the senior national team in 1993,https://www.national-football-teams.com/country/3/1993/Algeria.html,1993,,WA Tlemcen,created_after_global_existing_player_comparison,,Mohamed Brahimi,,,9495209.jpg,40,55,JPEG,RGB,pending
9495189,Mohamed Haniched,Mohamed,Haniched,,1968-04-30,14,Argelia,POR,9400014,Otros-Argelia,verified_1993_national_pools_0.22,National-Football-Teams · players used by the senior national team in 1993,https://www.national-football-teams.com/country/3/1993/Algeria.html,1993,,USM El Harrach,created_after_global_existing_player_comparison,,Mohamed Haniched,,,9495189.jpg,40,55,JPEG,RGB,pending
9495201,Mohamed Idirem,Mohamed,Idirem,,1967-03-20,14,Argelia,MED,9400014,Otros-Argelia,verified_1993_national_pools_0.22,National-Football-Teams · players used by the senior national team in 1993,https://www.national-football-teams.com/country/3/1993/Algeria.html,1993,,NA Hussein Dey,created_after_global_existing_player_comparison,,Mohamed Idirem,,,9495201.jpg,40,55,JPEG,RGB,pending
9495188,Mohamed Reda Acimi,Mohamed Reda,Acimi,,1969-09-25,14,Argelia,POR,9400014,Otros-Argelia,verified_1993_national_pools_0.22,National-Football-Teams · players used by the senior national team in 1993,https://www.national-football-teams.com/country/3/1993/Algeria.html,1993,,WA Tlemcen,created_after_global_existing_player_comparison,,Mohamed Reda Acimi,,,9495188.jpg,40,55,JPEG,RGB,pending
9495197,Mourad Karouf,Mourad,Karouf,,1968-12-27,14,Argelia,DEF,9400014,Otros-Argelia,verified_1993_national_pools_0.22,National-Football-Teams · players used by the senior national team in 1993,https://www.national-football-teams.com/country/3/1993/Algeria.html,1993,,JS Kabylie Tizi-Ouzou,created_after_global_existing_player_comparison,,Mourad Karouf,,,9495197.jpg,40,55,JPEG,RGB,pending
9495207,Mourad Meziane,Mourad,Meziane,,1964-04-21,14,Argelia,DEL,9400014,Otros-Argelia,verified_1993_national_pools_0.22,National-Football-Teams · players used by the senior national team in 1993,https://www.national-football-teams.com/country/3/1993/Algeria.html,1993,,MC Oran,created_after_global_existing_player_comparison,,Mourad Meziane,,,9495207.jpg,40,55,JPEG,RGB,pending
9495190,Omar Belatoui,Omar,Belatoui,,1969-09-04,14,Argelia,DEF,9400014,Otros-Argelia,verified_1993_national_pools_0.22,National-Football-Teams · players used by the senior national team in 1993,https://www.national-football-teams.com/country/3/1993/Algeria.html,1993,,MC Oran,created_after_global_existing_player_comparison,,Omar Belatoui,,,9495190.jpg,40,55,JPEG,RGB,pending
9495191,Rezki Amrouche,Rezki,Amrouche,,1970-11-17,14,Argelia,DEF,9400014,Otros-Argelia,verified_1993_national_pools_0.22,National-Football-Teams · players used by the senior national team in 1993,https://www.national-football-teams.com/country/3/1993/Algeria.html,1993,,NA Hussein Dey,created_after_global_existing_player_comparison,,Rezki Amrouche,,,9495191.jpg,40,55,JPEG,RGB,pending
9495195,Sid Ahmed Zerrouki,Sid Ahmed,Zerrouki,,1970-08-30,14,Argelia,DEF,9400014,Otros-Argelia,verified_1993_national_pools_0.22,National-Football-Teams · players used by the senior national team in 1993,https://www.national-football-teams.com/country/3/1993/Algeria.html,1993,,MC Oran,created_after_global_existing_player_comparison,,Sid Ahmed Zerrouki,,,9495195.jpg,40,55,JPEG,RGB,pending
9495199,Tahar Chérif El Ouazzani,Tahar Chérif,El Ouazzani,,1967-10-07,14,Argelia,MED,9400014,Otros-Argelia,verified_1993_national_pools_0.22,National-Football-Teams · players used by the senior national team in 1993,https://www.national-football-teams.com/country/3/1993/Algeria.html,1993,,Raja Casablanca,created_after_global_existing_player_comparison,,Tahar Chérif El Ouazzani,,,9495199.jpg,40,55,JPEG,RGB,pending
9495208,Tarek Hadj Adlane,Tarek,Hadj Adlane,,1965-11-12,14,Argelia,DEL,9400014,Otros-Argelia,verified_1993_national_pools_0.22,National-Football-Teams · players used by the senior national team in 1993,https://www.national-football-teams.com/country/3/1993/Algeria.html,1993,,JS Kabylie Tizi-Ouzou,created_after_global_existing_player_comparison,,Tarek Hadj Adlane,,,9495208.jpg,40,55,JPEG,RGB,pending
9495194,Tarek Lazizi,Tarek,Lazizi,,1971-08-06,14,Argelia,DEF,9400014,Otros-Argelia,verified_1993_national_pools_0.22,National-Football-Teams · players used by the senior national team in 1993,https://www.national-football-teams.com/country/3/1993/Algeria.html,1993,,MC Alger,created_after_global_existing_player_comparison,,Tarek Lazizi,,,9495194.jpg,40,55,JPEG,RGB,pending
9495203,Tarik Bettadj,Tarik,Bettadj,,1968-08-04,14,Argelia,MED,9400014,Otros-Argelia,verified_1993_national_pools_0.22,National-Football-Teams · players used by the senior national team in 1993,https://www.national-football-teams.com/country/3/1993/Algeria.html,1993,,US Chaouia,created_after_global_existing_player_comparison,,Tarik Bettadj,,,9495203.jpg,40,55,JPEG,RGB,pending
9496939,Juan Jose Borrelli,Juan Jose,Borrelli,,1970-08-11T00:00:00,63,Argentina,MED,9347002,Panathinaikos,greece_league_rosters_0.28,RSSSF Greece 1993/94 roster section; identity/position audit v0.28,https://www.rsssf.org/tablesg/grk94.html,,Centre Midfielder,Panathinaikos,greece_1993_94_explicit_identity_gate,,Juan Jose Borrelli,,,9496939.jpg,40,55,JPEG,RGB,pending_identity_profile
9494144,Sergio Vázquez,Sergio,Vázquez,,1965-11-23,63,Argentina,DEF,9400063,Otros-Argentina,world_cup_1994,Fjelstul World Cup Database,,,,,created_after_global_existing_player_comparison,,Sergio Vázquez,,,9494144.jpg,40,55,JPEG,RGB,pending
9495147,Alex Tobin,Alex,Tobin,,1965-11-03,15,Australia,DEF,9400015,Otros-Australia,verified_1993_national_pools_0.22,National-Football-Teams · players used by the senior national team in 1993,https://www.national-football-teams.com/country/12/1993/Australia.html,1993,,Adelaide City,created_after_global_existing_player_comparison,,Alex Tobin,,,9495147.jpg,40,55,JPEG,RGB,pending
9495162,Andrew Marth,Andrew,Marth,,1969-02-10,15,Australia,MED,9400015,Otros-Australia,verified_1993_national_pools_0.22,National-Football-Teams · players used by the senior national team in 1993,https://www.national-football-teams.com/country/12/1993/Australia.html,1993,,Melbourne Knights,created_after_global_existing_player_comparison,,Andrew Marth,,,9495162.jpg,40,55,JPEG,RGB,pending
9495165,Carl Veart,Carl,Veart,,1970-05-21,15,Australia,DEL,9400015,Otros-Australia,verified_1993_national_pools_0.22,National-Football-Teams · players used by the senior national team in 1993,https://www.national-football-teams.com/country/12/1993/Australia.html,1993,,Adelaide City,created_after_global_existing_player_comparison,,Carl Veart,,,9495165.jpg,40,55,JPEG,RGB,pending
9495158,Jason Polak,Jason,Polak,,1968-01-09,15,Australia,MED,9400015,Otros-Australia,verified_1993_national_pools_0.22,National-Football-Teams · players used by the senior national team in 1993,https://www.national-football-teams.com/country/12/1993/Australia.html,1993,,South Melbourne FC,created_after_global_existing_player_comparison,,Jason Polak,,,9495158.jpg,40,55,JPEG,RGB,pending
9495146,Mark Schwarzer,Mark,Schwarzer,,1972-10-06,15,Australia,POR,9400015,Otros-Australia,verified_1993_national_pools_0.22,National-Football-Teams · players used by the senior national team in 1993,https://www.national-football-teams.com/country/12/1993/Australia.html,1993,,Marconi Fairfield,created_after_global_existing_player_comparison,,Mark Schwarzer,,,9495146.jpg,40,55,JPEG,RGB,pending
9495154,Mehmet Duraković,Mehmet,Duraković,,1965-10-13,15,Australia,MED,9400015,Otros-Australia,verified_1993_national_pools_0.22,National-Football-Teams · players used by the senior national team in 1993,https://www.national-football-teams.com/country/12/1993/Australia.html,1993,,South Melbourne FC,created_after_global_existing_player_comparison,,Mehmet Duraković,,,9495154.jpg,40,55,JPEG,RGB,pending
9495148,Milan Ivanović,Milan,Ivanović,,1960-12-21,15,Australia,DEF,9400015,Otros-Australia,verified_1993_national_pools_0.22,National-Football-Teams · players used by the senior national team in 1993,https://www.national-football-teams.com/country/12/1993/Australia.html,1993,,Adelaide City,created_after_global_existing_player_comparison,,Milan Ivanović,,,9495148.jpg,40,55,JPEG,RGB,pending
9495151,Ned Zelić,Ned,Zelić,,1971-07-04,15,Australia,DEF,9400015,Otros-Australia,verified_1993_national_pools_0.22,National-Football-Teams · players used by the senior national team in 1993,https://www.national-football-teams.com/country/12/1993/Australia.html,1993,,Borussia Dortmund,created_after_global_existing_player_comparison,,Ned Zelić,,,9495151.jpg,40,55,JPEG,RGB,pending
9495155,Paul Wade,Paul,Wade,,1962-03-20,15,Australia,MED,9400015,Otros-Australia,verified_1993_national_pools_0.22,National-Football-Teams · players used by the senior national team in 1993,https://www.national-football-teams.com/country/12/1993/Australia.html,1993,,South Melbourne FC,created_after_global_existing_player_comparison,,Paul Wade,,,9495155.jpg,40,55,JPEG,RGB,pending
9495144,Robert Zabica,Robert,Zabica,,1964-04-09,15,Australia,POR,9400015,Otros-Australia,verified_1993_national_pools_0.22,National-Football-Teams · players used by the senior national team in 1993,https://www.national-football-teams.com/country/12/1993/Australia.html,1993,,Adelaide City,created_after_global_existing_player_comparison,,Robert Zabica,,,9495144.jpg,40,55,JPEG,RGB,pending
9495161,Stan Lazaridis,Stan,Lazaridis,,1972-08-16,15,Australia,MED,9400015,Otros-Australia,verified_1993_national_pools_0.22,National-Football-Teams · players used by the senior national team in 1993,https://www.national-football-teams.com/country/12/1993/Australia.html,1993,,West Adelaide SC,created_after_global_existing_player_comparison,,Stan Lazaridis,,,9495161.jpg,40,55,JPEG,RGB,pending
9495159,Steve Corica,Steve,Corica,,1973-03-24,15,Australia,MED,9400015,Otros-Australia,verified_1993_national_pools_0.22,National-Football-Teams · players used by the senior national team in 1993,https://www.national-football-teams.com/country/12/1993/Australia.html,1993,,Marconi Fairfield,created_after_global_existing_player_comparison,,Steve Corica,,,9495159.jpg,40,55,JPEG,RGB,pending
9495150,Tony Vidmar,Tony,Vidmar,,1970-06-04,15,Australia,DEF,9400015,Otros-Australia,verified_1993_national_pools_0.22,National-Football-Teams · players used by the senior national team in 1993,https://www.national-football-teams.com/country/12/1993/Australia.html,1993,,Adelaide City,created_after_global_existing_player_comparison,,Tony Vidmar,,,9495150.jpg,40,55,JPEG,RGB,pending
9494108,Carlos Borja,Carlos,Borja,,1956-12-25,19,Bolivia,MED,9400019,Otros-Bolivia,world_cup_1994,Fjelstul World Cup Database,,,,,created_after_global_existing_player_comparison,,Carlos Borja,,,9494108.jpg,40,55,JPEG,RGB,pending
9494103,Carlos Trucco,Carlos,Trucco,,1957-08-11,19,Bolivia,POR,9400019,Otros-Bolivia,world_cup_1994,Fjelstul World Cup Database,,,,,created_after_global_existing_player_comparison,,Carlos Trucco,,,9494103.jpg,40,55,JPEG,RGB,pending
9494114,Darío Rojas,Darío,Rojas,,1960-01-20,19,Bolivia,POR,9400019,Otros-Bolivia,world_cup_1994,Fjelstul World Cup Database,,,,,created_after_global_existing_player_comparison,,Darío Rojas,,,9494114.jpg,40,55,JPEG,RGB,pending
9494107,Gustavo Quinteros,Gustavo,Quinteros,,1965-02-15,19,Bolivia,DEF,9400019,Otros-Bolivia,world_cup_1994,Fjelstul World Cup Database,,,,,created_after_global_existing_player_comparison,,Gustavo Quinteros,,,9494107.jpg,40,55,JPEG,RGB,pending
9494113,Jaime Moreno,Jaime,Moreno,,1974-01-19,19,Bolivia,DEL,9400019,Otros-Bolivia,world_cup_1994,Fjelstul World Cup Database,,,,,created_after_global_existing_player_comparison,,Jaime Moreno,,,9494113.jpg,40,55,JPEG,RGB,pending
9494110,José Milton Melgar,José Milton,Melgar,,1959-09-20,19,Bolivia,MED,9400019,Otros-Bolivia,world_cup_1994,Fjelstul World Cup Database,,,,,created_after_global_existing_player_comparison,,José Milton Melgar,,,9494110.jpg,40,55,JPEG,RGB,pending
9494104,Juan Manuel Peña,Juan Manuel,Peña,,1973-01-17,19,Bolivia,DEF,9400019,Otros-Bolivia,world_cup_1994,Fjelstul World Cup Database,,,,,created_after_global_existing_player_comparison,,Juan Manuel Peña,,,9494104.jpg,40,55,JPEG,RGB,pending
9494122,Julio César Baldivieso,Julio César,Baldivieso,,1971-12-02,19,Bolivia,MED,9400019,Otros-Bolivia,world_cup_1994,Fjelstul World Cup Database,,,,,created_after_global_existing_player_comparison,,Julio César Baldivieso,,,9494122.jpg,40,55,JPEG,RGB,pending
9494118,Luis Cristaldo,Luis,Cristaldo,,1969-08-31,19,Bolivia,DEF,9400019,Otros-Bolivia,world_cup_1994,Fjelstul World Cup Database,,,,,created_after_global_existing_player_comparison,,Luis Cristaldo,,,9494118.jpg,40,55,JPEG,RGB,pending
9494121,Marcelo Torrico,Marcelo,Torrico,,1972-01-11,19,Bolivia,POR,9400019,Otros-Bolivia,world_cup_1994,Fjelstul World Cup Database,,,,,created_after_global_existing_player_comparison,,Marcelo Torrico,,,9494121.jpg,40,55,JPEG,RGB,pending
9494112,Marco Etcheverry,Marco,Etcheverry,,1970-09-26,19,Bolivia,MED,9400019,Otros-Bolivia,world_cup_1994,Fjelstul World Cup Database,,,,,created_after_global_existing_player_comparison,,Marco Etcheverry,,,9494112.jpg,40,55,JPEG,RGB,pending
9494105,Marco Sandy,Marco,Sandy,,1971-08-29,19,Bolivia,DEF,9400019,Otros-Bolivia,world_cup_1994,Fjelstul World Cup Database,,,,,created_after_global_existing_player_comparison,,Marco Sandy,,,9494105.jpg,40,55,JPEG,RGB,pending
9494109,Mario Pinedo,Mario,Pinedo,,1964-04-09,19,Bolivia,MED,9400019,Otros-Bolivia,world_cup_1994,Fjelstul World Cup Database,,,,,created_after_global_existing_player_comparison,,Mario Pinedo,,,9494109.jpg,40,55,JPEG,RGB,pending
9494116,Mauricio Ramos,Mauricio,Ramos,,1969-09-23,19,Bolivia,MED,9400019,Otros-Bolivia,world_cup_1994,Fjelstul World Cup Database,,,,,created_after_global_existing_player_comparison,,Mauricio Ramos,,,9494116.jpg,40,55,JPEG,RGB,pending
9494106,Miguel Rimba,Miguel,Rimba,,1967-11-01,19,Bolivia,DEF,9400019,Otros-Bolivia,world_cup_1994,Fjelstul World Cup Database,,,,,created_after_global_existing_player_comparison,,Miguel Rimba,,,9494106.jpg,40,55,JPEG,RGB,pending
9494115,Modesto Soruco,Modesto,Soruco,,1966-02-12,19,Bolivia,DEF,9400019,Otros-Bolivia,world_cup_1994,Fjelstul World Cup Database,,,,,created_after_global_existing_player_comparison,,Modesto Soruco,,,9494115.jpg,40,55,JPEG,RGB,pending
9494117,Vladimir Soria,Vladimir,Soria,,1964-07-15,19,Bolivia,MED,9400019,Otros-Bolivia,world_cup_1994,Fjelstul World Cup Database,,,,,created_after_global_existing_player_comparison,,Vladimir Soria,,,9494117.jpg,40,55,JPEG,RGB,pending
9494120,William Ramallo,William,Ramallo,,1963-07-04,19,Bolivia,DEL,9400019,Otros-Bolivia,world_cup_1994,Fjelstul World Cup Database,,,,,created_after_global_existing_player_comparison,,William Ramallo,,,9494120.jpg,40,55,JPEG,RGB,pending
9494111,Álvaro Peña,Álvaro,Peña,,1965-02-11,19,Bolivia,DEL,9400019,Otros-Bolivia,world_cup_1994,Fjelstul World Cup Database,,,,,created_after_global_existing_player_comparison,,Álvaro Peña,,,9494111.jpg,40,55,JPEG,RGB,pending
9494119,Óscar Sánchez,Óscar,Sánchez,,1971-07-16,19,Bolivia,DEF,9400019,Otros-Bolivia,world_cup_1994,Fjelstul World Cup Database,,,,,created_after_global_existing_player_comparison,,Óscar Sánchez,,,9494119.jpg,40,55,JPEG,RGB,pending
9497025,Jiasmigo Velic,Jiasmigo,Velic,,1965-09-01T00:00:00,20,Bosnia-Herzegovina,DEL,9347007,OFI Irakliou,greece_league_rosters_0.28,RSSSF Greece 1993/94 roster section; identity/position audit v0.28,https://www.rsssf.org/tablesg/grk94.html,,Left Winger,OFI Irakliou,greece_1993_94_explicit_identity_gate,,Jiasmigo Velic,,,9497025.jpg,40,55,JPEG,RGB,pending_identity_profile
9496928,Refik Sabanasovic,Refik,Sabanasovic,,1965-08-02T00:00:00,20,Bosnia-Herzegovina,MED,9347001,AEK Athinon,greece_league_rosters_0.28,RSSSF Greece 1993/94 roster section; identity/position audit v0.28,https://www.rsssf.org/tablesg/grk94.html,,Right Midfielder,AEK Athinon,greece_1993_94_explicit_identity_gate,,Refik Sabanasovic,,,9496928.jpg,40,55,JPEG,RGB,pending_identity_profile
9496967,Ivan Silva Santos,Ivan Silva,Santos,,1967-04-17T00:00:00,62,Brasil,MED,9347004,Aris Thessalonikis,greece_league_rosters_0.28,RSSSF Greece 1993/94 roster section; identity/position audit v0.28,https://www.rsssf.org/tablesg/grk94.html,,Centre Midfielder,Aris Thessalonikis,greece_1993_94_explicit_identity_gate,,Ivan Silva Santos,,,9496967.jpg,40,55,JPEG,RGB,pending_identity_profile
9497076,Marceu Iza,Marceu,Iza,,1966-06-28T00:00:00,62,Brasil,DEL,9347010,AE Larisa,greece_league_rosters_0.28,RSSSF Greece 1993/94 roster section; identity/position audit v0.28,https://www.rsssf.org/tablesg/grk94.html,,Centre Forward,AE Larisa,greece_1993_94_explicit_identity_gate,,Marceu Iza,,,9497076.jpg,40,55,JPEG,RGB,pending_identity_profile
9497070,Paolo Da Silva,Paolo Da,Silva,,1967-07-17T00:00:00,62,Brasil,MED,9347010,AE Larisa,greece_league_rosters_0.28,RSSSF Greece 1993/94 roster section; identity/position audit v0.28,https://www.rsssf.org/tablesg/grk94.html,,Defensive Midfielder,AE Larisa,greece_1993_94_explicit_identity_gate,,Paolo Da Silva,,,9497070.jpg,40,55,JPEG,RGB,pending_identity_profile
9497041,Veridiano Marcelo,Veridiano,Marcelo,,1966-06-30T00:00:00,62,Brasil,DEL,9347008,Skoda Xanthi,greece_league_rosters_0.28,RSSSF Greece 1993/94 roster section; identity/position audit v0.28,https://www.rsssf.org/tablesg/grk94.html,,Centre Forward,Skoda Xanthi,greece_1993_94_explicit_identity_gate,,Veridiano Marcelo,,,9497041.jpg,40,55,JPEG,RGB,pending_identity_profile
9494145,Borislav Mihaylov,Borislav,Mihaylov,,1963-02-12,21,Bulgaria,POR,9400021,Otros-Bulgaria,world_cup_1994,Fjelstul World Cup Database,,,,,created_after_global_existing_player_comparison,,Borislav Mihaylov,,,9494145.jpg,40,55,JPEG,RGB,pending
9497141,Christo Kolev,Christo,Kolev,,1964-09-21T00:00:00,21,Bulgaria,MED,9347014,Edessaikos,greece_league_rosters_0.28,RSSSF Greece 1993/94 roster section; identity/position audit v0.28,https://www.rsssf.org/tablesg/grk94.html,,Defensive Midfielder,Edessaikos,greece_1993_94_explicit_identity_gate,,Christo Kolev,,,9497141.jpg,40,55,JPEG,RGB,pending_identity_profile
9494151,Daniel Borimirov,Daniel,Borimirov,,1970-01-15,21,Bulgaria,MED,9400021,Otros-Bulgaria,world_cup_1994,Fjelstul World Cup Database,,,,,created_after_global_existing_player_comparison,,Daniel Borimirov,,,9494151.jpg,40,55,JPEG,RGB,pending
9494146,Emil Kremenliev,Emil,Kremenliev,,1969-08-13,21,Bulgaria,DEF,9400021,Otros-Bulgaria,world_cup_1994,Fjelstul World Cup Database,,,,,created_after_global_existing_player_comparison,,Emil Kremenliev,,,9494146.jpg,40,55,JPEG,RGB,pending
9494155,Georgi Georgiev,Georgi,Georgiev,,1963-01-10,21,Bulgaria,MED,9400021,Otros-Bulgaria,world_cup_1994,Fjelstul World Cup Database,,,,,created_after_global_existing_player_comparison,,Georgi Georgiev,,,9494155.jpg,40,55,JPEG,RGB,pending
9497211,Iliev Penev,Iliev,Penev,,1966-10-14T00:00:00,21,Bulgaria,DEF,9347018,Naousa,greece_league_rosters_0.28,RSSSF Greece 1993/94 roster section; identity/position audit v0.28,https://www.rsssf.org/tablesg/grk94.html,,Centre Back,Naousa,greece_1993_94_explicit_identity_gate,,Iliev Penev,,,9497211.jpg,40,55,JPEG,RGB,pending_identity_profile
9497032,Ivan Mitev,Ivan,Mitev,,1966-07-27T00:00:00,21,Bulgaria,DEF,9347008,Skoda Xanthi,greece_league_rosters_0.28,RSSSF Greece 1993/94 roster section; identity/position audit v0.28,https://www.rsssf.org/tablesg/grk94.html,,Centre Back,Skoda Xanthi,greece_1993_94_explicit_identity_gate,,Ivan Mitev,,,9497032.jpg,40,55,JPEG,RGB,pending_identity_profile
9494156,Ivaylo Andonov,Ivaylo,Andonov,,1967-08-14,21,Bulgaria,DEL,9400021,Otros-Bulgaria,world_cup_1994,Fjelstul World Cup Database,,,,,created_after_global_existing_player_comparison,,Ivaylo Andonov,,,9494156.jpg,40,55,JPEG,RGB,pending
9494150,Nasko Sirakov,Nasko,Sirakov,,1962-04-26,21,Bulgaria,DEL,9400021,Otros-Bulgaria,world_cup_1994,Fjelstul World Cup Database,,,,,created_after_global_existing_player_comparison,,Nasko Sirakov,,,9494150.jpg,40,55,JPEG,RGB,pending
9494153,Nikolay Iliev,Nikolay,Iliev,,1964-03-31,21,Bulgaria,DEF,9400021,Otros-Bulgaria,world_cup_1994,Fjelstul World Cup Database,,,,,created_after_global_existing_player_comparison,,Nikolay Iliev,,,9494153.jpg,40,55,JPEG,RGB,pending
9494154,Petar Aleksandrov,Petar,Aleksandrov,,1962-12-07,21,Bulgaria,DEL,9400021,Otros-Bulgaria,world_cup_1994,Fjelstul World Cup Database,,,,,created_after_global_existing_player_comparison,,Petar Aleksandrov,,,9494154.jpg,40,55,JPEG,RGB,pending
9494152,Plamen Nikolov,Plamen,Nikolov,,1961-08-20,21,Bulgaria,POR,9400021,Otros-Bulgaria,world_cup_1994,Fjelstul World Cup Database,,,,,created_after_global_existing_player_comparison,,Plamen Nikolov,,,9494152.jpg,40,55,JPEG,RGB,pending
9494147,Trifon Ivanov,Trifon,Ivanov,,1965-07-27,21,Bulgaria,DEF,9400021,Otros-Bulgaria,world_cup_1994,Fjelstul World Cup Database,,,,,created_after_global_existing_player_comparison,,Trifon Ivanov,,,9494147.jpg,40,55,JPEG,RGB,pending
9494148,Tsanko Tsvetanov,Tsanko,Tsvetanov,,1970-01-06,21,Bulgaria,DEF,9400021,Otros-Bulgaria,world_cup_1994,Fjelstul World Cup Database,,,,,created_after_global_existing_player_comparison,,Tsanko Tsvetanov,,,9494148.jpg,40,55,JPEG,RGB,pending
9494149,Zlatko Yankov,Zlatko,Yankov,,1966-06-07,21,Bulgaria,MED,9400021,Otros-Bulgaria,world_cup_1994,Fjelstul World Cup Database,,,,,created_after_global_existing_player_comparison,,Zlatko Yankov,,,9494149.jpg,40,55,JPEG,RGB,pending
9495314,Alain Bettagno,Alain,Bettagno,,1968-11-09T00:00:00,17,Bélgica,MED,409,Standard Liège,bel_tur_rus_national_depth_0.24,BDFutbol 1993-94 squad page; identity/position audit v0.25,https://www.bdfutbol.com/en/t/t1993-9410012.html,1994,Right Midfielder,Standard Liège,belgium_1993_94_identity_gate,9495314,Alain Bettagno,,,9495314.jpg,40,55,JPEG,RGB,pending_identity_profile
9495309,Alain De Nil,Alain,De Nil,,1966-08-17T00:00:00,17,Bélgica,MED,456,Gent,bel_tur_rus_national_depth_0.24,BDFutbol 1993-94 squad page; identity/position audit v0.25,https://www.bdfutbol.com/en/t/t1993-9410090.html,1994,Left Midfielder,Gent,belgium_1993_94_identity_gate,9495309,Alain De Nil,,,9495309.jpg,40,55,JPEG,RGB,pending_identity_profile
9494215,Alexandre Czerniatynski,Alexandre,Czerniatynski,,1960-07-28T00:00:00,17,Bélgica,DEL,459,KV Mechelen,,BDFutbol 1993-94 squad page; identity/position audit v0.25,https://www.bdfutbol.com/en/t/t1993-9411101.html,1994,Centre Forward,KV Mechelen,belgium_1993_94_identity_gate,9494215,Alexandre Czerniatynski,,,9494215.jpg,40,55,JPEG,RGB,pending_identity_profile
9495305,Bertrand Crasson,Bertrand,Crasson,,1971-10-05T00:00:00,17,Bélgica,DEF,415,Anderlecht,bel_tur_rus_national_depth_0.24,BDFutbol 1993-94 squad page; identity/position audit v0.25,https://www.bdfutbol.com/en/t/t1993-9410015.html,1994,Right Back,Anderlecht,belgium_1993_94_identity_gate,9495305,Bertrand Crasson,99629,https://www.bdfutbol.com/en/j/j99629.html,9495305.jpg,40,55,JPEG,RGB,ready_for_download
9495302,Bruno Versavel,Bruno,Versavel,,1967-08-27T00:00:00,17,Bélgica,MED,415,Anderlecht,bel_tur_rus_national_depth_0.24,BDFutbol 1993-94 squad page; identity/position audit v0.25,https://www.bdfutbol.com/en/t/t1993-9410015.html,1994,Left Midfielder,Anderlecht,belgium_1993_94_identity_gate,9495302,Bruno Versavel,46191,https://www.bdfutbol.com/en/j/j46191.html,9495302.jpg,40,55,JPEG,RGB,ready_for_download
9494219,Danny Boffin,Danny,Boffin,,1965-07-10T00:00:00,17,Bélgica,MED,415,Anderlecht,,BDFutbol 1993-94 squad page; identity/position audit v0.25,https://www.bdfutbol.com/en/t/t1993-9410015.html,1994,Left Midfielder,Anderlecht,belgium_1993_94_identity_gate,9494219,Danny Boffin,,,9494219.jpg,40,55,JPEG,RGB,pending_identity_profile
9494223,Dany Verlinden,Dany,Verlinden,,1963-08-15T00:00:00,17,Bélgica,POR,453,Club Brugge,,BDFutbol 1993-94 squad page; identity/position audit v0.25,https://www.bdfutbol.com/en/t/t1993-9410004.html,1994,Goalkeeper,Club Brugge,belgium_1993_94_identity_gate,9494223,Dany Verlinden,,,9494223.jpg,40,55,JPEG,RGB,pending_identity_profile
9494207,Dirk Medved,Dirk,Medved,,1968-09-15T00:00:00,17,Bélgica,DEF,453,Club Brugge,,BDFutbol 1993-94 squad page; identity/position audit v0.25,https://www.bdfutbol.com/en/t/t1993-9410004.html,1994,Right Back,Club Brugge,belgium_1993_94_identity_gate,9494207,Dirk Medved,,,9494207.jpg,40,55,JPEG,RGB,pending_identity_profile
9494222,Eric Van Meir,Eric,Van Meir,,1968-02-28T00:00:00,17,Bélgica,DEF,454,Charleroi,,BDFutbol 1993-94 squad page; identity/position audit v0.25,https://www.bdfutbol.com/en/t/t1993-9410718.html,1994,Centre Back,Charleroi,belgium_1993_94_identity_gate,9494222,Eric Van Meir,,,9494222.jpg,40,55,JPEG,RGB,pending_identity_profile
9494216,Filip De Wilde,Filip,De Wilde,,1964-07-05T00:00:00,17,Bélgica,POR,415,Anderlecht,,BDFutbol 1993-94 squad page; identity/position audit v0.25,https://www.bdfutbol.com/en/t/t1993-9410015.html,1994,Goalkeeper,Anderlecht,belgium_1993_94_identity_gate,9494216,Filip De Wilde,89371,https://www.bdfutbol.com/en/j/j89371.html,9494216.jpg,40,55,JPEG,RGB,bundled_normalized_bdfutbol
9495304,Francis Severeyns,Francis,Severeyns,,1968-01-08T00:00:00,17,Bélgica,DEL,1032,Royal Antwerp,bel_tur_rus_national_depth_0.24,BDFutbol 1993-94 squad page; identity/position audit v0.25,https://www.bdfutbol.com/en/t/t1993-9410010.html,1994,Centre Forward,Royal Antwerp,belgium_1993_94_identity_gate,9495304,Francis Severeyns,,,9495304.jpg,40,55,JPEG,RGB,pending_identity_profile
9495307,Frank Dauwen,Frank,Dauwen,,1967-11-03T00:00:00,17,Bélgica,DEF,456,Gent,bel_tur_rus_national_depth_0.24,BDFutbol 1993-94 squad page; identity/position audit v0.25,https://www.bdfutbol.com/en/t/t1993-9410090.html,1994,Centre Back,Gent,belgium_1993_94_identity_gate,9495307,Frank Dauwen,,,9495307.jpg,40,55,JPEG,RGB,pending_identity_profile
9494212,Franky Van der Elst,Franky,Van der Elst,,1961-04-30T00:00:00,17,Bélgica,MED,453,Club Brugge,,BDFutbol 1993-94 squad page; identity/position audit v0.25,https://www.bdfutbol.com/en/t/t1993-9410004.html,1994,Centre Midfielder,Club Brugge,belgium_1993_94_identity_gate,9494212,Franky Van der Elst,,,9494212.jpg,40,55,JPEG,RGB,pending_identity_profile
9495312,Gert Verheyen,Gert,Verheyen,,1970-09-20T00:00:00,17,Bélgica,DEL,453,Club Brugge,bel_tur_rus_national_depth_0.24,BDFutbol 1993-94 squad page; identity/position audit v0.25,https://www.bdfutbol.com/en/t/t1993-9410004.html,1994,Right Winger,Club Brugge,belgium_1993_94_identity_gate,9495312,Gert Verheyen,,,9495312.jpg,40,55,JPEG,RGB,pending_identity_profile
9495311,Gilbert Bodart,Gilbert,Bodart,,1962-09-02T00:00:00,17,Bélgica,POR,409,Standard Liège,bel_tur_rus_national_depth_0.24,BDFutbol 1993-94 squad page; identity/position audit v0.25,https://www.bdfutbol.com/en/t/t1993-9410012.html,1994,Goalkeeper,Standard Liège,belgium_1993_94_identity_gate,9495311,Gilbert Bodart,,,9495311.jpg,40,55,JPEG,RGB,pending_identity_profile
9495313,Gilles De Bilde,Gilles,De Bilde,,1971-06-09,17,Bélgica,DEL,9400017,Otros-Bélgica,bel_tur_rus_national_depth_0.24,National-Football-Teams historical national-team year records; club cross-check in 1993-94 window,https://www.national-football-teams.com/country/20/1993/Belgium.html,1994,Left Winger,Eendracht Aalst,created_after_global_existing_player_comparison,,Gilles De Bilde,,,9495313.jpg,40,55,JPEG,RGB,pending
9495300,Glen De Boeck,Glen,De Boeck,,1971-08-22T00:00:00,17,Bélgica,DEF,459,KV Mechelen,bel_tur_rus_national_depth_0.24,BDFutbol 1993-94 squad page; identity/position audit v0.25,https://www.bdfutbol.com/en/t/t1993-9411101.html,1994,Centre Back,KV Mechelen,belgium_1993_94_identity_gate,9495300,Glen De Boeck,,,9495300.jpg,40,55,JPEG,RGB,pending_identity_profile
9495310,Gunther Hofmans,Gunther,Hofmans,,1967-01-03T00:00:00,17,Bélgica,DEL,9352003,Germinal Ekeren,bel_tur_rus_national_depth_0.24,BDFutbol 1993-94 squad page; identity/position audit v0.25,https://www.bdfutbol.com/en/t/t1993-9411039.html,1994,Centre Forward,Germinal Ekeren,belgium_1993_94_identity_gate,9495310,Gunther Hofmans,,,9495310.jpg,40,55,JPEG,RGB,pending_identity_profile
9495308,Johan Walem,Johan,Walem,,1972-02-01T00:00:00,17,Bélgica,MED,415,Anderlecht,bel_tur_rus_national_depth_0.24,BDFutbol 1993-94 squad page; identity/position audit v0.25,https://www.bdfutbol.com/en/t/t1993-9410015.html,1994,Centre Midfielder,Anderlecht,belgium_1993_94_identity_gate,9495308,Johan Walem,,,9495308.jpg,40,55,JPEG,RGB,pending_identity_profile
9494220,Josip Weber,Josip,Weber,,1964-11-16T00:00:00,17,Bélgica,DEL,455,Cercle Brugge,,BDFutbol 1993-94 squad page; identity/position audit v0.25,https://www.bdfutbol.com/en/t/t1993-9410785.html,1994,Centre Forward,Cercle Brugge,belgium_1993_94_identity_gate,9494220,Josip Weber,,,9494220.jpg,40,55,JPEG,RGB,pending_identity_profile
9494211,Lorenzo Staelens,Lorenzo,Staelens,,1964-04-30T00:00:00,17,Bélgica,MED,453,Club Brugge,,BDFutbol 1993-94 squad page; identity/position audit v0.25,https://www.bdfutbol.com/en/t/t1993-9410004.html,1994,Defensive Midfielder,Club Brugge,belgium_1993_94_identity_gate,9494211,Lorenzo Staelens,,,9494211.jpg,40,55,JPEG,RGB,pending_identity_profile
9494213,Luc Nilis,Luc,Nilis,,1967-05-25T00:00:00,17,Bélgica,DEL,415,Anderlecht,,BDFutbol 1993-94 squad page; identity/position audit v0.25,https://www.bdfutbol.com/en/t/t1993-9410015.html,1994,Centre Forward,Anderlecht,belgium_1993_94_identity_gate,9494213,Luc Nilis,93902,https://www.bdfutbol.com/en/j/j93902.html,9494213.jpg,40,55,JPEG,RGB,ready_for_download
9494214,Marc Degryse,Marc,Degryse,,1965-09-04T00:00:00,17,Bélgica,MED,415,Anderlecht,,BDFutbol 1993-94 squad page; identity/position audit v0.25,https://www.bdfutbol.com/en/t/t1993-9410015.html,1994,Attacking Midfielder,Anderlecht,belgium_1993_94_identity_gate,9494214,Marc Degryse,99316,https://www.bdfutbol.com/en/j/j99316.html,9494214.jpg,40,55,JPEG,RGB,ready_for_download
9494218,Marc Emmers,Marc,Emmers,,1966-02-25T00:00:00,17,Bélgica,MED,415,Anderlecht,,BDFutbol 1993-94 squad page; identity/position audit v0.25,https://www.bdfutbol.com/en/t/t1993-9410015.html,1994,Centre Midfielder,Anderlecht,belgium_1993_94_identity_gate,9494218,Marc Emmers,46194,https://www.bdfutbol.com/en/j/j46194.html,9494218.jpg,40,55,JPEG,RGB,ready_for_download
9494221,Marc Wilmots,Marc,Wilmots,,1969-02-22T00:00:00,17,Bélgica,MED,409,Standard Liège,,BDFutbol 1993-94 squad page; identity/position audit v0.25,https://www.bdfutbol.com/en/t/t1993-9410012.html,1994,Attacking Midfielder,Standard Liège,belgium_1993_94_identity_gate,9494221,Marc Wilmots,,,9494221.jpg,40,55,JPEG,RGB,pending_identity_profile
9495303,Michaël Goossens,Michaël,Goossens,,1973-11-30T00:00:00,17,Bélgica,DEL,409,Standard Liège,bel_tur_rus_national_depth_0.24,BDFutbol 1993-94 squad page; identity/position audit v0.25,https://www.bdfutbol.com/en/t/t1993-9410012.html,1994,Centre Forward,Standard Liège,belgium_1993_94_identity_gate,9495303,Michaël Goossens,,,9495303.jpg,40,55,JPEG,RGB,pending_identity_profile
9494217,Michel De Wolf,Michel,De Wolf,,1958-01-19T00:00:00,17,Bélgica,DEF,415,Anderlecht,,BDFutbol 1993-94 squad page; identity/position audit v0.25,https://www.bdfutbol.com/en/t/t1993-9410015.html,1994,Left Back,Anderlecht,belgium_1993_94_identity_gate,9494217,Michel De Wolf,,,9494217.jpg,40,55,JPEG,RGB,pending_identity_profile
9495306,Pascal Plovie,Pascal,Plovie,,1965-05-07T00:00:00,17,Bélgica,DEF,453,Club Brugge,bel_tur_rus_national_depth_0.24,BDFutbol 1993-94 squad page; identity/position audit v0.25,https://www.bdfutbol.com/en/t/t1993-9410004.html,1994,Centre Back,Club Brugge,belgium_1993_94_identity_gate,9495306,Pascal Plovie,,,9495306.jpg,40,55,JPEG,RGB,pending_identity_profile
9494225,Pascal Renier,Pascal,Renier,,1971-08-03T00:00:00,17,Bélgica,DEF,453,Club Brugge,,BDFutbol 1993-94 squad page; identity/position audit v0.25,https://www.bdfutbol.com/en/t/t1993-9410004.html,1994,Centre Back,Club Brugge,belgium_1993_94_identity_gate,9494225,Pascal Renier,,,9494225.jpg,40,55,JPEG,RGB,pending_identity_profile
9494209,Philippe Albert,Philippe,Albert,,1967-08-10T00:00:00,17,Bélgica,DEF,415,Anderlecht,,BDFutbol 1993-94 squad page; identity/position audit v0.25,https://www.bdfutbol.com/en/t/t1993-9410015.html,1994,Centre Back,Anderlecht,belgium_1993_94_identity_gate,9494209,Philippe Albert,,,9494209.jpg,40,55,JPEG,RGB,pending_identity_profile
9494210,Rudi Smidts,Rudi,Smidts,,1963-08-12T00:00:00,17,Bélgica,DEF,1032,Royal Antwerp,,BDFutbol 1993-94 squad page; identity/position audit v0.25,https://www.bdfutbol.com/en/t/t1993-9410010.html,1994,Centre Back,Royal Antwerp,belgium_1993_94_identity_gate,9494210,Rudi Smidts,,,9494210.jpg,40,55,JPEG,RGB,pending_identity_profile
9495301,Régis Genaux,Régis,Genaux,,1973-08-31T00:00:00,17,Bélgica,DEF,409,Standard Liège,bel_tur_rus_national_depth_0.24,BDFutbol 1993-94 squad page; identity/position audit v0.25,https://www.bdfutbol.com/en/t/t1993-9410012.html,1994,Right Back,Standard Liège,belgium_1993_94_identity_gate,9495301,Régis Genaux,,,9495301.jpg,40,55,JPEG,RGB,pending_identity_profile
9494224,Stéphane van der Heyden,Stéphane,van der Heyden,,1969-07-03T00:00:00,17,Bélgica,MED,453,Club Brugge,,BDFutbol 1993-94 squad page; identity/position audit v0.25,https://www.bdfutbol.com/en/t/t1993-9410004.html,1994,Left Midfielder,Club Brugge,belgium_1993_94_identity_gate,9494224,Stéphane van der Heyden,,,9494224.jpg,40,55,JPEG,RGB,pending_identity_profile
9494208,Vital Borkelmans,Vital,Borkelmans,,1963-06-01T00:00:00,17,Bélgica,DEF,453,Club Brugge,,BDFutbol 1993-94 squad page; identity/position audit v0.25,https://www.bdfutbol.com/en/t/t1993-9410004.html,1994,Left Back,Club Brugge,belgium_1993_94_identity_gate,9494208,Vital Borkelmans,,,9494208.jpg,40,55,JPEG,RGB,pending_identity_profile
9494075,Alphonse Tchami,Alphonse,Tchami,,1971-09-14,66,Camerún,DEL,9400066,Otros-Camerún,world_cup_1994,Fjelstul World Cup Database,,,,,created_after_global_existing_player_comparison,,Alphonse Tchami,,,9494075.jpg,40,55,JPEG,RGB,pending
9494070,Emmanuel Maboang,Emmanuel,Maboang,,1968-11-27,66,Camerún,MED,9400066,Otros-Camerún,world_cup_1994,Fjelstul World Cup Database,,,,,created_after_global_existing_player_comparison,,Emmanuel Maboang,,,9494070.jpg,40,55,JPEG,RGB,pending
9494078,Georges Mouyémé,Georges,Mouyémé,,1971-04-15,66,Camerún,DEL,9400066,Otros-Camerún,world_cup_1994,Fjelstul World Cup Database,,,,,created_after_global_existing_player_comparison,,Georges Mouyémé,,,9494078.jpg,40,55,JPEG,RGB,pending
9494074,Hans Agbo,Hans,Agbo,,1967-09-26,66,Camerún,DEF,9400066,Otros-Camerún,world_cup_1994,Fjelstul World Cup Database,,,,,created_after_global_existing_player_comparison,,Hans Agbo,,,9494074.jpg,40,55,JPEG,RGB,pending
9494077,Jean-Pierre Fiala,Jean-Pierre,Fiala,,1969-04-22,66,Camerún,MED,9400066,Otros-Camerún,world_cup_1994,Fjelstul World Cup Database,,,,,created_after_global_existing_player_comparison,,Jean-Pierre Fiala,,,9494077.jpg,40,55,JPEG,RGB,pending
9494069,Louis-Paul M'Fédé,Louis-Paul,M'Fédé,,1961-02-26,66,Camerún,DEL,9400066,Otros-Camerún,world_cup_1994,Fjelstul World Cup Database,,,,,created_after_global_existing_player_comparison,,Louis-Paul M'Fédé,,,9494069.jpg,40,55,JPEG,RGB,pending
9494076,Marc-Vivien Foé,Marc-Vivien,Foé,,1975-05-01,66,Camerún,MED,9400066,Otros-Camerún,world_cup_1994,Fjelstul World Cup Database,,,,,created_after_global_existing_player_comparison,,Marc-Vivien Foé,,,9494076.jpg,40,55,JPEG,RGB,pending
9494071,Paul Loga,Paul,Loga,,1969-08-14,66,Camerún,MED,9400066,Otros-Camerún,world_cup_1994,Fjelstul World Cup Database,,,,,created_after_global_existing_player_comparison,,Paul Loga,,,9494071.jpg,40,55,JPEG,RGB,pending
9494072,Raymond Kalla,Raymond,Kalla,,1975-04-22,66,Camerún,DEF,9400066,Otros-Camerún,world_cup_1994,Fjelstul World Cup Database,,,,,created_after_global_existing_player_comparison,,Raymond Kalla,,,9494072.jpg,40,55,JPEG,RGB,pending
9494063,Rigobert Song,Rigobert,Song,,1976-07-01,66,Camerún,DEF,9400066,Otros-Camerún,world_cup_1994,Fjelstul World Cup Database,,,,,created_after_global_existing_player_comparison,,Rigobert Song,,,9494063.jpg,40,55,JPEG,RGB,pending
9494068,Roger Milla,Roger,Milla,,1952-05-20,66,Camerún,DEL,9400066,Otros-Camerún,world_cup_1994,Fjelstul World Cup Database,,,,,created_after_global_existing_player_comparison,,Roger Milla,,,9494068.jpg,40,55,JPEG,RGB,pending
9494064,Samuel Ekemé,Samuel,Ekemé,,1966-07-12,66,Camerún,DEF,9400066,Otros-Camerún,world_cup_1994,Fjelstul World Cup Database,,,,,created_after_global_existing_player_comparison,,Samuel Ekemé,,,9494064.jpg,40,55,JPEG,RGB,pending
9494073,Stephen Tataw,Stephen,Tataw,,1963-03-31,66,Camerún,DEF,9400066,Otros-Camerún,world_cup_1994,Fjelstul World Cup Database,,,,,created_after_global_existing_player_comparison,,Stephen Tataw,,,9494073.jpg,40,55,JPEG,RGB,pending
9494066,Thomas Libiih,Thomas,Libiih,,1967-11-17,66,Camerún,MED,9400066,Otros-Camerún,world_cup_1994,Fjelstul World Cup Database,,,,,created_after_global_existing_player_comparison,,Thomas Libiih,,,9494066.jpg,40,55,JPEG,RGB,pending
9494079,Thomas N'Kono,Thomas,N'Kono,,1956-07-20,66,Camerún,POR,793,CE L'Hospitalet,world_cup_1994,Fjelstul World Cup Database,,,,CE L'Hospitalet,created_after_global_existing_player_comparison,,Thomas N'Kono,,,9494079.jpg,40,55,JPEG,RGB,pending
9494065,Victor N'Dip,Victor,N'Dip,,1967-08-18,66,Camerún,DEF,9400066,Otros-Camerún,world_cup_1994,Fjelstul World Cup Database,,,,,created_after_global_existing_player_comparison,,Victor N'Dip,,,9494065.jpg,40,55,JPEG,RGB,pending
9494067,Émile Mbouh,Émile,Mbouh,,1966-05-30,66,Camerún,MED,9400066,Otros-Camerún,world_cup_1994,Fjelstul World Cup Database,,,,,created_after_global_existing_player_comparison,,Émile Mbouh,,,9494067.jpg,40,55,JPEG,RGB,pending
9495104,Eduardo Vilches,Eduardo,Vilches,,1963-04-21,23,Chile,DEF,9400023,Otros-Chile,verified_1993_national_pools_0.22,National-Football-Teams · players used by the senior national team in 1993,https://www.national-football-teams.com/country/41/1993/Chile.html,1993,,Colo Colo Santiago,created_after_global_existing_player_comparison,,Eduardo Vilches,,,9495104.jpg,40,55,JPEG,RGB,pending
9495109,Fabián Estay,Fabián,Estay,,1968-10-05,23,Chile,MED,9400023,Otros-Chile,verified_1993_national_pools_0.22,National-Football-Teams · players used by the senior national team in 1993,https://www.national-football-teams.com/country/41/1993/Chile.html,1993,,Olympiakos Piraios,created_after_global_existing_player_comparison,,Fabián Estay,,,9495109.jpg,40,55,JPEG,RGB,pending
9495113,Fabián Guevara,Fabián,Guevara,,1968-06-22,23,Chile,MED,9400023,Otros-Chile,verified_1993_national_pools_0.22,National-Football-Teams · players used by the senior national team in 1993,https://www.national-football-teams.com/country/41/1993/Chile.html,1993,,Universidad de Chile Santiago,created_after_global_existing_player_comparison,,Fabián Guevara,,,9495113.jpg,40,55,JPEG,RGB,pending
9495102,Gabriel Mendoza,Gabriel,Mendoza,,1968-05-22,23,Chile,DEF,9400023,Otros-Chile,verified_1993_national_pools_0.22,National-Football-Teams · players used by the senior national team in 1993,https://www.national-football-teams.com/country/41/1993/Chile.html,1993,,Colo Colo Santiago,created_after_global_existing_player_comparison,,Gabriel Mendoza,,,9495102.jpg,40,55,JPEG,RGB,pending
9495106,Hugo González,Hugo,González,,1963-03-11,23,Chile,DEF,9400023,Otros-Chile,verified_1993_national_pools_0.22,National-Football-Teams · players used by the senior national team in 1993,https://www.national-football-teams.com/country/41/1993/Chile.html,1993,,Cobreloa Calama,created_after_global_existing_player_comparison,,Hugo González,,,9495106.jpg,40,55,JPEG,RGB,pending
9495105,Javier Margas,Javier,Margas,,1969-05-10,23,Chile,DEF,9400023,Otros-Chile,verified_1993_national_pools_0.22,National-Football-Teams · players used by the senior national team in 1993,https://www.national-football-teams.com/country/41/1993/Chile.html,1993,,Colo Colo Santiago,created_after_global_existing_player_comparison,,Javier Margas,,,9495105.jpg,40,55,JPEG,RGB,pending
9495112,José Luis Sierra,José Luis,Sierra,,1968-12-05,23,Chile,MED,9400023,Otros-Chile,verified_1993_national_pools_0.22,National-Football-Teams · players used by the senior national team in 1993,https://www.national-football-teams.com/country/41/1993/Chile.html,1993,,Unión Española Santiago,created_after_global_existing_player_comparison,,José Luis Sierra,,,9495112.jpg,40,55,JPEG,RGB,pending
9495107,Juan Carlos González,Juan Carlos,González,,1968-11-13,23,Chile,DEF,9400023,Otros-Chile,verified_1993_national_pools_0.22,National-Football-Teams · players used by the senior national team in 1993,https://www.national-football-teams.com/country/41/1993/Chile.html,1993,,Unión Española Santiago,created_after_global_existing_player_comparison,,Juan Carlos González,,,9495107.jpg,40,55,JPEG,RGB,pending
9495115,Luis Musrri,Luis,Musrri,,1969-12-24,23,Chile,MED,9400023,Otros-Chile,verified_1993_national_pools_0.22,National-Football-Teams · players used by the senior national team in 1993,https://www.national-football-teams.com/country/41/1993/Chile.html,1993,,Universidad de Chile Santiago,created_after_global_existing_player_comparison,,Luis Musrri,,,9495115.jpg,40,55,JPEG,RGB,pending
9495101,Marcelo Ramírez,Marcelo,Ramírez,,1965-05-29,23,Chile,POR,9400023,Otros-Chile,verified_1993_national_pools_0.22,National-Football-Teams · players used by the senior national team in 1993,https://www.national-football-teams.com/country/41/1993/Chile.html,1993,,Colo Colo Santiago,created_after_global_existing_player_comparison,,Marcelo Ramírez,,,9495101.jpg,40,55,JPEG,RGB,pending
9495114,Marcelo Vega,Marcelo,Vega,,1971-08-12,23,Chile,MED,9400023,Otros-Chile,verified_1993_national_pools_0.22,National-Football-Teams · players used by the senior national team in 1993,https://www.national-football-teams.com/country/41/1993/Chile.html,1993,,Colo Colo Santiago,created_after_global_existing_player_comparison,,Marcelo Vega,,,9495114.jpg,40,55,JPEG,RGB,pending
9495110,Mario Lepe,Mario,Lepe,,1965-03-25,23,Chile,MED,9400023,Otros-Chile,verified_1993_national_pools_0.22,National-Football-Teams · players used by the senior national team in 1993,https://www.national-football-teams.com/country/41/1993/Chile.html,1993,,Universidad Católica Santiago,created_after_global_existing_player_comparison,,Mario Lepe,,,9495110.jpg,40,55,JPEG,RGB,pending
9495117,Mario Salas,Mario,Salas,,1967-10-11,23,Chile,MED,9400023,Otros-Chile,verified_1993_national_pools_0.22,National-Football-Teams · players used by the senior national team in 1993,https://www.national-football-teams.com/country/41/1993/Chile.html,1993,,Unión Española Santiago,created_after_global_existing_player_comparison,,Mario Salas,,,9495117.jpg,40,55,JPEG,RGB,pending
9495103,Miguel Ramírez,Miguel,Ramírez,,1970-06-11,23,Chile,DEF,9400023,Otros-Chile,verified_1993_national_pools_0.22,National-Football-Teams · players used by the senior national team in 1993,https://www.national-football-teams.com/country/41/1993/Chile.html,1993,,Colo Colo Santiago,created_after_global_existing_player_comparison,,Miguel Ramírez,,,9495103.jpg,40,55,JPEG,RGB,pending
9495116,Nelson Parraguéz,Nelson,Parraguéz,,1971-04-05,23,Chile,MED,9400023,Otros-Chile,verified_1993_national_pools_0.22,National-Football-Teams · players used by the senior national team in 1993,https://www.national-football-teams.com/country/41/1993/Chile.html,1993,,Universidad Católica Santiago,created_after_global_existing_player_comparison,,Nelson Parraguéz,,,9495116.jpg,40,55,JPEG,RGB,pending
9495100,Patricio Toledo,Patricio,Toledo,,1962-07-14,23,Chile,POR,9400023,Otros-Chile,verified_1993_national_pools_0.22,National-Football-Teams · players used by the senior national team in 1993,https://www.national-football-teams.com/country/41/1993/Chile.html,1993,,Universidad Católica Santiago,created_after_global_existing_player_comparison,,Patricio Toledo,,,9495100.jpg,40,55,JPEG,RGB,pending
9495108,Ricardo González,Ricardo,González,,1965-08-31,23,Chile,DEF,9400023,Otros-Chile,verified_1993_national_pools_0.22,National-Football-Teams · players used by the senior national team in 1993,https://www.national-football-teams.com/country/41/1993/Chile.html,1993,,Unión Española Santiago,created_after_global_existing_player_comparison,,Ricardo González,,,9495108.jpg,40,55,JPEG,RGB,pending
9495120,Rodrigo Barrera,Rodrigo,Barrera,,1970-10-30,23,Chile,DEL,9400023,Otros-Chile,verified_1993_national_pools_0.22,National-Football-Teams · players used by the senior national team in 1993,https://www.national-football-teams.com/country/41/1993/Chile.html,1993,,Universidad Católica Santiago,created_after_global_existing_player_comparison,,Rodrigo Barrera,,,9495120.jpg,40,55,JPEG,RGB,pending
9494002,Alexis Mendoza,Alexis,Mendoza,,1961-11-08,26,Colombia,DEF,9400026,Otros-Colombia,world_cup_1994,Fjelstul World Cup Database,,,,,created_after_global_existing_player_comparison,,Alexis Mendoza,,,9494002.jpg,40,55,JPEG,RGB,pending
9494001,Andrés Escobar,Andrés,Escobar,,1967-03-13,26,Colombia,DEF,9400026,Otros-Colombia,world_cup_1994,Fjelstul World Cup Database,,,,,created_after_global_existing_player_comparison,,Andrés Escobar,,,9494001.jpg,40,55,JPEG,RGB,pending
9494006,Antony de Ávila,Antony,de Ávila,,1962-12-21,26,Colombia,DEL,9400026,Otros-Colombia,world_cup_1994,Fjelstul World Cup Database,,,,,created_after_global_existing_player_comparison,,Antony de Ávila,,,9494006.jpg,40,55,JPEG,RGB,pending
9494005,Gabriel Gómez,Gabriel,Gómez,,1959-12-08,26,Colombia,MED,9400026,Otros-Colombia,world_cup_1994,Fjelstul World Cup Database,,,,,created_after_global_existing_player_comparison,,Gabriel Gómez,,,9494005.jpg,40,55,JPEG,RGB,pending
9494004,Hermán Gaviria,Hermán,Gaviria,,1969-11-27,26,Colombia,MED,9400026,Otros-Colombia,world_cup_1994,Fjelstul World Cup Database,,,,,created_after_global_existing_player_comparison,,Hermán Gaviria,,,9494004.jpg,40,55,JPEG,RGB,pending
9494008,Iván Valenciano,Iván,Valenciano,,1972-03-18,26,Colombia,DEL,9400026,Otros-Colombia,world_cup_1994,Fjelstul World Cup Database,,,,,created_after_global_existing_player_comparison,,Iván Valenciano,,,9494008.jpg,40,55,JPEG,RGB,pending
9494007,John Harold Lozano,John Harold,Lozano,,1972-03-30,26,Colombia,MED,9400026,Otros-Colombia,world_cup_1994,Fjelstul World Cup Database,,,,,created_after_global_existing_player_comparison,,John Harold Lozano,,,9494007.jpg,40,55,JPEG,RGB,pending
9494014,José María Pazo,José María,Pazo,,1964-04-04,26,Colombia,POR,9400026,Otros-Colombia,world_cup_1994,Fjelstul World Cup Database,,,,,created_after_global_existing_player_comparison,,José María Pazo,,,9494014.jpg,40,55,JPEG,RGB,pending
9494010,Leonel Álvarez,Leonel,Álvarez,,1965-07-29,26,Colombia,MED,9400026,Otros-Colombia,world_cup_1994,Fjelstul World Cup Database,,,,,created_after_global_existing_player_comparison,,Leonel Álvarez,,,9494010.jpg,40,55,JPEG,RGB,pending
9494003,Luis Fernando Herrera,Luis Fernando,Herrera,,1962-06-12,26,Colombia,DEF,9400026,Otros-Colombia,world_cup_1994,Fjelstul World Cup Database,,,,,created_after_global_existing_player_comparison,,Luis Fernando Herrera,,,9494003.jpg,40,55,JPEG,RGB,pending
9494011,Mauricio Serna,Mauricio,Serna,,1968-01-22,26,Colombia,MED,9400026,Otros-Colombia,world_cup_1994,Fjelstul World Cup Database,,,,,created_after_global_existing_player_comparison,,Mauricio Serna,,,9494011.jpg,40,55,JPEG,RGB,pending
9494009,Néstor Ortiz,Néstor,Ortiz,,1968-09-20,26,Colombia,DEF,9400026,Otros-Colombia,world_cup_1994,Fjelstul World Cup Database,,,,,created_after_global_existing_player_comparison,,Néstor Ortiz,,,9494009.jpg,40,55,JPEG,RGB,pending
9494013,Wilson Pérez,Wilson,Pérez,,1967-08-06,26,Colombia,DEF,9400026,Otros-Colombia,world_cup_1994,Fjelstul World Cup Database,,,,,created_after_global_existing_player_comparison,,Wilson Pérez,,,9494013.jpg,40,55,JPEG,RGB,pending
9494012,Óscar Cortés,Óscar,Cortés,,1968-10-19,26,Colombia,DEF,9400026,Otros-Colombia,world_cup_1994,Fjelstul World Cup Database,,,,,created_after_global_existing_player_comparison,,Óscar Cortés,,,9494012.jpg,40,55,JPEG,RGB,pending
9494000,Óscar Córdoba,Óscar,Córdoba,,1970-02-03,26,Colombia,POR,9400026,Otros-Colombia,world_cup_1994,Fjelstul World Cup Database,,,,,created_after_global_existing_player_comparison,,Óscar Córdoba,,,9494000.jpg,40,55,JPEG,RGB,pending
9494134,An Ik-soo,Ik-soo,An,,1965-05-06,28,Corea del Sur,DEF,9400028,Otros-Corea del Sur,world_cup_1994,Fjelstul World Cup Database,,,,,created_after_global_existing_player_comparison,,An Ik-soo,,,9494134.jpg,40,55,JPEG,RGB,pending
9494136,Cho Jin-ho,Jin-ho,Cho,,1973-08-02,28,Corea del Sur,MED,9400028,Otros-Corea del Sur,world_cup_1994,Fjelstul World Cup Database,,,,,created_after_global_existing_player_comparison,,Cho Jin-ho,,,9494136.jpg,40,55,JPEG,RGB,pending
9494135,Choi Dae-shik,Dae-shik,Choi,,1965-01-10,28,Corea del Sur,MED,9400028,Otros-Corea del Sur,world_cup_1994,Fjelstul World Cup Database,,,,,created_after_global_existing_player_comparison,,Choi Dae-shik,,,9494135.jpg,40,55,JPEG,RGB,pending
9494123,Choi In-young,In-young,Choi,,1962-03-05,28,Corea del Sur,POR,9400028,Otros-Corea del Sur,world_cup_1994,Fjelstul World Cup Database,,,,,created_after_global_existing_player_comparison,,Choi In-young,,,9494123.jpg,40,55,JPEG,RGB,pending
9494140,Choi Moon-sik,Moon-sik,Choi,,1971-01-06,28,Corea del Sur,MED,9400028,Otros-Corea del Sur,world_cup_1994,Fjelstul World Cup Database,,,,,created_after_global_existing_player_comparison,,Choi Moon-sik,,,9494140.jpg,40,55,JPEG,RGB,pending
9494133,Choi Young-il,Young-il,Choi,,1966-04-25,28,Corea del Sur,DEF,9400028,Otros-Corea del Sur,world_cup_1994,Fjelstul World Cup Database,,,,,created_after_global_existing_player_comparison,,Choi Young-il,,,9494133.jpg,40,55,JPEG,RGB,pending
9494124,Chung Jong-son,Jong-son,Chung,,1966-03-20,28,Corea del Sur,MED,9400028,Otros-Corea del Sur,world_cup_1994,Fjelstul World Cup Database,,,,,created_after_global_existing_player_comparison,,Chung Jong-son,,,9494124.jpg,40,55,JPEG,RGB,pending
9494138,Gu Sang-bum,Sang-bum,Gu,,1964-06-15,28,Corea del Sur,DEF,9400028,Otros-Corea del Sur,world_cup_1994,Fjelstul World Cup Database,,,,,created_after_global_existing_player_comparison,,Gu Sang-bum,,,9494138.jpg,40,55,JPEG,RGB,pending
9494137,Ha Seok-ju,Seok-ju,Ha,,1968-02-20,28,Corea del Sur,MED,9400028,Otros-Corea del Sur,world_cup_1994,Fjelstul World Cup Database,,,,,created_after_global_existing_player_comparison,,Ha Seok-ju,,,9494137.jpg,40,55,JPEG,RGB,pending
9494141,Hong Myung-bo,Myung-bo,Hong,,1969-02-12,28,Corea del Sur,DEF,9400028,Otros-Corea del Sur,world_cup_1994,Fjelstul World Cup Database,,,,,created_after_global_existing_player_comparison,,Hong Myung-bo,,,9494141.jpg,40,55,JPEG,RGB,pending
9494139,Hwang Sun-hong,Sun-hong,Hwang,,1968-07-14,28,Corea del Sur,DEL,9400028,Otros-Corea del Sur,world_cup_1994,Fjelstul World Cup Database,,,,,created_after_global_existing_player_comparison,,Hwang Sun-hong,,,9494139.jpg,40,55,JPEG,RGB,pending
9494130,Kim Joo-sung,Joo-sung,Kim,,1966-01-17,28,Corea del Sur,MED,9400028,Otros-Corea del Sur,world_cup_1994,Fjelstul World Cup Database,,,,,created_after_global_existing_player_comparison,,Kim Joo-sung,,,9494130.jpg,40,55,JPEG,RGB,pending
9494126,Kim Pan-keun,Pan-keun,Kim,,1966-03-05,28,Corea del Sur,DEF,9400028,Otros-Corea del Sur,world_cup_1994,Fjelstul World Cup Database,,,,,created_after_global_existing_player_comparison,,Kim Pan-keun,,,9494126.jpg,40,55,JPEG,RGB,pending
9494131,Ko Jeong-woon,Jeong-woon,Ko,,1966-06-27,28,Corea del Sur,DEL,9400028,Otros-Corea del Sur,world_cup_1994,Fjelstul World Cup Database,,,,,created_after_global_existing_player_comparison,,Ko Jeong-woon,,,9494131.jpg,40,55,JPEG,RGB,pending
9494125,Lee Jong-hwa,Jong-hwa,Lee,,1963-07-20,28,Corea del Sur,DEF,9400028,Otros-Corea del Sur,world_cup_1994,Fjelstul World Cup Database,,,,,created_after_global_existing_player_comparison,,Lee Jong-hwa,,,9494125.jpg,40,55,JPEG,RGB,pending
9494143,Lee Woon-jae,Woon-jae,Lee,,1973-04-26,28,Corea del Sur,POR,9400028,Otros-Corea del Sur,world_cup_1994,Fjelstul World Cup Database,,,,,created_after_global_existing_player_comparison,,Lee Woon-jae,,,9494143.jpg,40,55,JPEG,RGB,pending
9494128,Lee Young-jin,Young-jin,Lee,,1963-10-27,28,Corea del Sur,MED,9400028,Otros-Corea del Sur,world_cup_1994,Fjelstul World Cup Database,,,,,created_after_global_existing_player_comparison,,Lee Young-jin,,,9494128.jpg,40,55,JPEG,RGB,pending
9494142,Park Chul-woo,Chul-woo,Park,,1965-09-29,28,Corea del Sur,POR,9400028,Otros-Corea del Sur,world_cup_1994,Fjelstul World Cup Database,,,,,created_after_global_existing_player_comparison,,Park Chul-woo,,,9494142.jpg,40,55,JPEG,RGB,pending
9494127,Park Jung-bae,Jung-bae,Park,,1967-02-19,28,Corea del Sur,DEF,9400028,Otros-Corea del Sur,world_cup_1994,Fjelstul World Cup Database,,,,,created_after_global_existing_player_comparison,,Park Jung-bae,,,9494127.jpg,40,55,JPEG,RGB,pending
9494132,Seo Jung-won,Jung-won,Seo,,1970-12-17,28,Corea del Sur,DEL,9400028,Otros-Corea del Sur,world_cup_1994,Fjelstul World Cup Database,,,,,created_after_global_existing_player_comparison,,Seo Jung-won,,,9494132.jpg,40,55,JPEG,RGB,pending
9494129,Shin Hong-gi,Hong-gi,Shin,,1968-05-04,28,Corea del Sur,DEF,9400028,Otros-Corea del Sur,world_cup_1994,Fjelstul World Cup Database,,,,,created_after_global_existing_player_comparison,,Shin Hong-gi,,,9494129.jpg,40,55,JPEG,RGB,pending
9496932,Zoran Zliskovic,Zoran,Zliskovic,,1966-03-01T00:00:00,31,Croacia,DEL,9347001,AEK Athinon,greece_league_rosters_0.28,RSSSF Greece 1993/94 roster section; identity/position audit v0.28,https://www.rsssf.org/tablesg/grk94.html,,Left Winger,AEK Athinon,greece_1993_94_explicit_identity_gate,,Zoran Zliskovic,,,9496932.jpg,40,55,JPEG,RGB,pending_identity_profile
9496955,Bent Christiansen,Bent,Christiansen,,1967-01-04T00:00:00,33,Dinamarca,DEL,9347003,Olympiakos Pireas,greece_league_rosters_0.28,RSSSF Greece 1993/94 roster section; identity/position audit v0.28,https://www.rsssf.org/tablesg/grk94.html,,Centre Forward,Olympiakos Pireas,greece_1993_94_explicit_identity_gate,,Bent Christiansen,,,9496955.jpg,40,55,JPEG,RGB,pending_identity_profile
9495005,Dušan Tittel,Dušan,Tittel,,1966-12-27,36,Eslovaquia,DEF,9400036,Otros-Eslovaquia,near_functional_national_teams_0.22,UEFA / historical international and club records,,,,Slovan Bratislava,created_after_global_existing_player_comparison,,Dušan Tittel,,,9495005.jpg,40,55,JPEG,RGB,pending
9494059,Brad Friedel,Brad,Friedel,,1971-05-18,38,Estados Unidos,POR,9400038,Otros-Estados Unidos,world_cup_1994,Fjelstul World Cup Database,,,,,created_after_global_existing_player_comparison,,Brad Friedel,,,9494059.jpg,40,55,JPEG,RGB,pending
9494060,Claudio Reyna,Claudio,Reyna,,1973-07-20,38,Estados Unidos,MED,9400038,Otros-Estados Unidos,world_cup_1994,Fjelstul World Cup Database,,,,,created_after_global_existing_player_comparison,,Claudio Reyna,,,9494060.jpg,40,55,JPEG,RGB,pending
9494056,Cobi Jones,Cobi,Jones,,1970-06-16,38,Estados Unidos,MED,9400038,Otros-Estados Unidos,world_cup_1994,Fjelstul World Cup Database,,,,,created_after_global_existing_player_comparison,,Cobi Jones,,,9494056.jpg,40,55,JPEG,RGB,pending
9494054,Eric Wynalda,Eric,Wynalda,,1969-06-09,38,Estados Unidos,DEL,9400038,Otros-Estados Unidos,world_cup_1994,Fjelstul World Cup Database,,,,,created_after_global_existing_player_comparison,,Eric Wynalda,,,9494054.jpg,40,55,JPEG,RGB,pending
9494062,Fernando Clavijo,Fernando,Clavijo,,1956-01-23,38,Estados Unidos,DEF,9400038,Otros-Estados Unidos,world_cup_1994,Fjelstul World Cup Database,,,,,created_after_global_existing_player_comparison,,Fernando Clavijo,,,9494062.jpg,40,55,JPEG,RGB,pending
9494057,Frank Klopas,Frank,Klopas,,1966-09-01,38,Estados Unidos,DEL,9400038,Otros-Estados Unidos,world_cup_1994,Fjelstul World Cup Database,,,,,created_after_global_existing_player_comparison,,Frank Klopas,,,9494057.jpg,40,55,JPEG,RGB,pending
9494053,Hugo Pérez,Hugo,Pérez,,1963-11-08,38,Estados Unidos,MED,734,Los Angeles Salsa,world_cup_1994,Fjelstul World Cup Database,,,,Los Angeles Salsa,created_after_global_existing_player_comparison,,Hugo Pérez,,,9494053.jpg,40,55,JPEG,RGB,pending
9494058,Joe-Max Moore,Joe-Max,Moore,,1971-02-23,38,Estados Unidos,DEL,9400038,Otros-Estados Unidos,world_cup_1994,Fjelstul World Cup Database,,,,,created_after_global_existing_player_comparison,,Joe-Max Moore,,,9494058.jpg,40,55,JPEG,RGB,pending
9494052,John Harkes,John,Harkes,,1967-03-08,38,Estados Unidos,MED,9400038,Otros-Estados Unidos,world_cup_1994,Fjelstul World Cup Database,,,,,created_after_global_existing_player_comparison,,John Harkes,,,9494052.jpg,40,55,JPEG,RGB,pending
9494055,Juergen Sommer,Juergen,Sommer,,1969-02-27,38,Estados Unidos,POR,9400038,Otros-Estados Unidos,world_cup_1994,Fjelstul World Cup Database,,,,,created_after_global_existing_player_comparison,,Juergen Sommer,,,9494055.jpg,40,55,JPEG,RGB,pending
9494050,Mike Burns,Mike,Burns,,1970-09-14,38,Estados Unidos,DEF,9400038,Otros-Estados Unidos,world_cup_1994,Fjelstul World Cup Database,,,,,created_after_global_existing_player_comparison,,Mike Burns,,,9494050.jpg,40,55,JPEG,RGB,pending
9494049,Mike Lapper,Mike,Lapper,,1970-09-28,38,Estados Unidos,DEF,9400038,Otros-Estados Unidos,world_cup_1994,Fjelstul World Cup Database,,,,,created_after_global_existing_player_comparison,,Mike Lapper,,,9494049.jpg,40,55,JPEG,RGB,pending
9494061,Paul Caligiuri,Paul,Caligiuri,,1964-03-09,38,Estados Unidos,DEF,9400038,Otros-Estados Unidos,world_cup_1994,Fjelstul World Cup Database,,,,,created_after_global_existing_player_comparison,,Paul Caligiuri,,,9494061.jpg,40,55,JPEG,RGB,pending
9494051,Thomas Dooley,Thomas,Dooley,,1961-05-12,38,Estados Unidos,MED,9400038,Otros-Estados Unidos,world_cup_1994,Fjelstul World Cup Database,,,,,created_after_global_existing_player_comparison,,Thomas Dooley,,,9494051.jpg,40,55,JPEG,RGB,pending
9495129,Aki Hyryläinen,Aki,Hyryläinen,,1968-04-17,41,Finlandia,DEF,9400041,Otros-Finlandia,verified_1993_national_pools_0.22,National-Football-Teams · players used by the senior national team in 1993,https://www.national-football-teams.com/country/66/1993/Finland.html,1993,,Eendracht Aalst,created_after_global_existing_player_comparison,,Aki Hyryläinen,,,9495129.jpg,40,55,JPEG,RGB,pending
9495131,Anders Eriksson,Anders,Eriksson,,1965-04-19,41,Finlandia,DEF,9400041,Otros-Finlandia,verified_1993_national_pools_0.22,National-Football-Teams · players used by the senior national team in 1993,https://www.national-football-teams.com/country/66/1993/Finland.html,1993,,Bryne FK,created_after_global_existing_player_comparison,,Anders Eriksson,,,9495131.jpg,40,55,JPEG,RGB,pending
9495123,Antti Niemi,Antti,Niemi,,1972-05-31,41,Finlandia,POR,9400041,Otros-Finlandia,verified_1993_national_pools_0.22,National-Football-Teams · players used by the senior national team in 1993,https://www.national-football-teams.com/country/66/1993/Finland.html,1993,,HJK Helsinki,created_after_global_existing_player_comparison,,Antti Niemi,,,9495123.jpg,40,55,JPEG,RGB,pending
9495126,Ari Heikkinen,Ari,Heikkinen,,1964-04-08,41,Finlandia,DEF,9400041,Otros-Finlandia,verified_1993_national_pools_0.22,National-Football-Teams · players used by the senior national team in 1993,https://www.national-football-teams.com/country/66/1993/Finland.html,1993,,TPS Turku,created_after_global_existing_player_comparison,,Ari Heikkinen,,,9495126.jpg,40,55,JPEG,RGB,pending
9495142,Ari Hjelm,Ari,Hjelm,,1962-02-24,41,Finlandia,DEL,9400041,Otros-Finlandia,verified_1993_national_pools_0.22,National-Football-Teams · players used by the senior national team in 1993,https://www.national-football-teams.com/country/66/1993/Finland.html,1993,,FC St.Pauli,created_after_global_existing_player_comparison,,Ari Hjelm,,,9495142.jpg,40,55,JPEG,RGB,pending
9495130,Erik Holmgren,Erik,Holmgren,,1964-12-17,41,Finlandia,DEF,9400041,Otros-Finlandia,verified_1993_national_pools_0.22,National-Football-Teams · players used by the senior national team in 1993,https://www.national-football-teams.com/country/66/1993/Finland.html,1993,,GAIS Göteborg,created_after_global_existing_player_comparison,,Erik Holmgren,,,9495130.jpg,40,55,JPEG,RGB,pending
9495128,Erkka Petäjä,Erkka,Petäjä,,1964-02-13,41,Finlandia,DEF,9400041,Otros-Finlandia,verified_1993_national_pools_0.22,National-Football-Teams · players used by the senior national team in 1993,https://www.national-football-teams.com/country/66/1993/Finland.html,1993,,Yverdon Sport,created_after_global_existing_player_comparison,,Erkka Petäjä,,,9495128.jpg,40,55,JPEG,RGB,pending
9495134,Janne Lindberg,Janne,Lindberg,,1966-05-24,41,Finlandia,MED,9400041,Otros-Finlandia,verified_1993_national_pools_0.22,National-Football-Teams · players used by the senior national team in 1993,https://www.national-football-teams.com/country/66/1993/Finland.html,1993,,MyPa-47 Anjalankoski,created_after_global_existing_player_comparison,,Janne Lindberg,,,9495134.jpg,40,55,JPEG,RGB,pending
9495140,Janne Suokonautio,Janne,Suokonautio,,1968-05-20,41,Finlandia,MED,9400041,Otros-Finlandia,verified_1993_national_pools_0.22,National-Football-Teams · players used by the senior national team in 1993,https://www.national-football-teams.com/country/66/1993/Finland.html,1993,,HJK Helsinki,created_after_global_existing_player_comparison,,Janne Suokonautio,,,9495140.jpg,40,55,JPEG,RGB,pending
9495125,Jari Kinnunen,Jari,Kinnunen,,1966-09-12,41,Finlandia,DEF,9400041,Otros-Finlandia,verified_1993_national_pools_0.22,National-Football-Teams · players used by the senior national team in 1993,https://www.national-football-teams.com/country/66/1993/Finland.html,1993,,Kuusysi Lahti,created_after_global_existing_player_comparison,,Jari Kinnunen,,,9495125.jpg,40,55,JPEG,RGB,pending
9495137,Jukka Ruhanen,Jukka,Ruhanen,,1971-04-16,41,Finlandia,MED,9400041,Otros-Finlandia,verified_1993_national_pools_0.22,National-Football-Teams · players used by the senior national team in 1993,https://www.national-football-teams.com/country/66/1993/Finland.html,1993,,MP Mikkeli,created_after_global_existing_player_comparison,,Jukka Ruhanen,,,9495137.jpg,40,55,JPEG,RGB,pending
9495124,Kari Laukkanen,Kari,Laukkanen,,1963-12-14,41,Finlandia,POR,9400041,Otros-Finlandia,verified_1993_national_pools_0.22,National-Football-Teams · players used by the senior national team in 1993,https://www.national-football-teams.com/country/66/1993/Finland.html,1993,,Waldhof Mannheim,created_after_global_existing_player_comparison,,Kari Laukkanen,,,9495124.jpg,40,55,JPEG,RGB,pending
9495133,Kim Suominen,Kim,Suominen,,1969-10-20,41,Finlandia,MED,9400041,Otros-Finlandia,verified_1993_national_pools_0.22,National-Football-Teams · players used by the senior national team in 1993,https://www.national-football-teams.com/country/66/1993/Finland.html,1993,,FF Jaro Pietarsaari,created_after_global_existing_player_comparison,,Kim Suominen,,,9495133.jpg,40,55,JPEG,RGB,pending
9495127,Markku Kanerva,Markku,Kanerva,,1964-05-24,41,Finlandia,DEF,9400041,Otros-Finlandia,verified_1993_national_pools_0.22,National-Football-Teams · players used by the senior national team in 1993,https://www.national-football-teams.com/country/66/1993/Finland.html,1993,,FinnPa Anjalankoski,created_after_global_existing_player_comparison,,Markku Kanerva,,,9495127.jpg,40,55,JPEG,RGB,pending
9495138,Mika Aaltonen,Mika,Aaltonen,,1965-11-16,41,Finlandia,MED,9400041,Otros-Finlandia,verified_1993_national_pools_0.22,National-Football-Teams · players used by the senior national team in 1993,https://www.national-football-teams.com/country/66/1993/Finland.html,1993,,Hapoel Be'er-Sheva,created_after_global_existing_player_comparison,,Mika Aaltonen,,,9495138.jpg,40,55,JPEG,RGB,pending
9495143,Mixu Paatelainen,Mixu,Paatelainen,,1967-02-03,41,Finlandia,DEL,9400041,Otros-Finlandia,verified_1993_national_pools_0.22,National-Football-Teams · players used by the senior national team in 1993,https://www.national-football-teams.com/country/66/1993/Finland.html,1993,,Aberdeen FC,created_after_global_existing_player_comparison,,Mixu Paatelainen,,,9495143.jpg,40,55,JPEG,RGB,pending
9495135,Pasi Tauriainen,Pasi,Tauriainen,,1964-10-04,41,Finlandia,MED,9400041,Otros-Finlandia,verified_1993_national_pools_0.22,National-Football-Teams · players used by the senior national team in 1993,https://www.national-football-teams.com/country/66/1993/Finland.html,1993,,HJK Helsinki,created_after_global_existing_player_comparison,,Pasi Tauriainen,,,9495135.jpg,40,55,JPEG,RGB,pending
9495122,Petri Jakonen,Petri,Jakonen,,1967-06-09,41,Finlandia,POR,9400041,Otros-Finlandia,verified_1993_national_pools_0.22,National-Football-Teams · players used by the senior national team in 1993,https://www.national-football-teams.com/country/66/1993/Finland.html,1993,,TPS Turku,created_after_global_existing_player_comparison,,Petri Jakonen,,,9495122.jpg,40,55,JPEG,RGB,pending
9495132,Rami Nieminen,Rami,Nieminen,,1966-02-25,41,Finlandia,DEF,9400041,Otros-Finlandia,verified_1993_national_pools_0.22,National-Football-Teams · players used by the senior national team in 1993,https://www.national-football-teams.com/country/66/1993/Finland.html,1993,,FC Jazz Pori,created_after_global_existing_player_comparison,,Rami Nieminen,,,9495132.jpg,40,55,JPEG,RGB,pending
9495136,Rami Rantanen,Rami,Rantanen,,1968-11-25,41,Finlandia,MED,9400041,Otros-Finlandia,verified_1993_national_pools_0.22,National-Football-Teams · players used by the senior national team in 1993,https://www.national-football-teams.com/country/66/1993/Finland.html,1993,,HJK Helsinki,created_after_global_existing_player_comparison,,Rami Rantanen,,,9495136.jpg,40,55,JPEG,RGB,pending
9495139,Tommi Paavola,Tommi,Paavola,,1965-12-09,41,Finlandia,MED,9400041,Otros-Finlandia,verified_1993_national_pools_0.22,National-Football-Teams · players used by the senior national team in 1993,https://www.national-football-teams.com/country/66/1993/Finland.html,1993,,FC Lorient,created_after_global_existing_player_comparison,,Tommi Paavola,,,9495139.jpg,40,55,JPEG,RGB,pending
9495184,Ablade Kumah,Ablade,Kumah,,1970-06-26,42,Ghana,MED,9400042,Otros-Ghana,verified_1993_national_pools_0.22,National-Football-Teams · players used by the senior national team in 1993,https://www.national-football-teams.com/country/72/1993/Ghana.html,1993,,Hearts of Oak Accra,created_after_global_existing_player_comparison,,Ablade Kumah,,,9495184.jpg,40,55,JPEG,RGB,pending
9495167,Abubakari Damba,Abubakari,Damba,,1968-12-30,42,Ghana,POR,9400042,Otros-Ghana,verified_1993_national_pools_0.22,National-Football-Teams · players used by the senior national team in 1993,https://www.national-football-teams.com/country/72/1993/Ghana.html,1993,,Great Olympics Accra,created_after_global_existing_player_comparison,,Abubakari Damba,,,9495167.jpg,40,55,JPEG,RGB,pending
9495178,Charles Akonnor,Charles,Akonnor,,1974-03-12,42,Ghana,MED,9400042,Otros-Ghana,verified_1993_national_pools_0.22,National-Football-Teams · players used by the senior national team in 1993,https://www.national-football-teams.com/country/72/1993/Ghana.html,1993,,Fortuna Köln,created_after_global_existing_player_comparison,,Charles Akonnor,,,9495178.jpg,40,55,JPEG,RGB,pending
9495176,Eben Dugbatey,Eben,Dugbatey,,1973-07-31,42,Ghana,DEF,9400042,Otros-Ghana,verified_1993_national_pools_0.22,National-Football-Teams · players used by the senior national team in 1993,https://www.national-football-teams.com/country/72/1993/Ghana.html,1993,,Hearts of Oak Accra,created_after_global_existing_player_comparison,,Eben Dugbatey,,,9495176.jpg,40,55,JPEG,RGB,pending
9495168,Edward Ansah,Edward,Ansah,,1963-02-01,42,Ghana,POR,9400042,Otros-Ghana,verified_1993_national_pools_0.22,National-Football-Teams · players used by the senior national team in 1993,https://www.national-football-teams.com/country/72/1993/Ghana.html,1993,,Asante Kotoko Kumasi,created_after_global_existing_player_comparison,,Edward Ansah,,,9495168.jpg,40,55,JPEG,RGB,pending
9495171,Emmanuel Armah,Emmanuel,Armah,,1968-04-22,42,Ghana,DEF,9400042,Otros-Ghana,verified_1993_national_pools_0.22,National-Football-Teams · players used by the senior national team in 1993,https://www.national-football-teams.com/country/72/1993/Ghana.html,1993,,Hearts of Oak Accra,created_after_global_existing_player_comparison,,Emmanuel Armah,,,9495171.jpg,40,55,JPEG,RGB,pending
9495169,Frimpong Manso,Frimpong,Manso,,1959-05-15,42,Ghana,DEF,9400042,Otros-Ghana,verified_1993_national_pools_0.22,National-Football-Teams · players used by the senior national team in 1993,https://www.national-football-teams.com/country/72/1993/Ghana.html,1993,,Asante Kotoko Kumasi,created_after_global_existing_player_comparison,,Frimpong Manso,,,9495169.jpg,40,55,JPEG,RGB,pending
9495166,Isaac Salifu Ansah,Isaac Salifu,Ansah,,1963-09-27,42,Ghana,POR,9400042,Otros-Ghana,verified_1993_national_pools_0.22,National-Football-Teams · players used by the senior national team in 1993,https://www.national-football-teams.com/country/72/1993/Ghana.html,1993,,Hearts of Oak Accra,created_after_global_existing_player_comparison,,Isaac Salifu Ansah,,,9495166.jpg,40,55,JPEG,RGB,pending
9495170,Joe Tex Odoi,Joe Tex,Odoi,,1968-09-23,42,Ghana,DEF,9400042,Otros-Ghana,verified_1993_national_pools_0.22,National-Football-Teams · players used by the senior national team in 1993,https://www.national-football-teams.com/country/72/1993/Ghana.html,1993,,Hearts of Oak Accra,created_after_global_existing_player_comparison,,Joe Tex Odoi,,,9495170.jpg,40,55,JPEG,RGB,pending
9495182,Kenny Achampong,Kenny,Achampong,,1966-06-26,42,Ghana,MED,9400042,Otros-Ghana,verified_1993_national_pools_0.22,National-Football-Teams · players used by the senior national team in 1993,https://www.national-football-teams.com/country/72/1993/Ghana.html,1993,,Leyton Orient,created_after_global_existing_player_comparison,,Kenny Achampong,,,9495182.jpg,40,55,JPEG,RGB,pending
9495186,Mamood Amadu,Mamood,Amadu,,1972-11-17,42,Ghana,DEL,9400042,Otros-Ghana,verified_1993_national_pools_0.22,National-Football-Teams · players used by the senior national team in 1993,https://www.national-football-teams.com/country/72/1993/Ghana.html,1993,,Asante Kotoko Kumasi,created_after_global_existing_player_comparison,,Mamood Amadu,,,9495186.jpg,40,55,JPEG,RGB,pending
9495187,Prince Polley Opoku,Prince Polley,Opoku,,1969-04-05,42,Ghana,DEL,9400042,Otros-Ghana,verified_1993_national_pools_0.22,National-Football-Teams · players used by the senior national team in 1993,https://www.national-football-teams.com/country/72/1993/Ghana.html,1993,,FC Twente Enschede,created_after_global_existing_player_comparison,,Prince Polley Opoku,,,9495187.jpg,40,55,JPEG,RGB,pending
9495173,Sammi Adjei,Sammi,Adjei,,1973-11-18,42,Ghana,DEF,9400042,Otros-Ghana,verified_1993_national_pools_0.22,National-Football-Teams · players used by the senior national team in 1993,https://www.national-football-teams.com/country/72/1993/Ghana.html,1993,,Goldfields Obuasi,created_after_global_existing_player_comparison,,Sammi Adjei,,,9495173.jpg,40,55,JPEG,RGB,pending
9495181,Samuel Johnson,Samuel,Johnson,,1973-07-25,42,Ghana,MED,9400042,Otros-Ghana,verified_1993_national_pools_0.22,National-Football-Teams · players used by the senior national team in 1993,https://www.national-football-teams.com/country/72/1993/Ghana.html,1993,,Hearts of Oak Accra,created_after_global_existing_player_comparison,,Samuel Johnson,,,9495181.jpg,40,55,JPEG,RGB,pending
9495175,Samuel Kuffour,Samuel,Kuffour,,1976-09-03,42,Ghana,DEF,9400042,Otros-Ghana,verified_1993_national_pools_0.22,National-Football-Teams · players used by the senior national team in 1993,https://www.national-football-teams.com/country/72/1993/Ghana.html,1993,,Bayern München II,created_after_global_existing_player_comparison,,Samuel Kuffour,,,9495175.jpg,40,55,JPEG,RGB,pending
9495179,Yaw Acheampong,Yaw,Acheampong,,1973-11-02,42,Ghana,MED,9400042,Otros-Ghana,verified_1993_national_pools_0.22,National-Football-Teams · players used by the senior national team in 1993,https://www.national-football-teams.com/country/72/1993/Ghana.html,1993,,Goldfields Obuasi,created_after_global_existing_player_comparison,,Yaw Acheampong,,,9495179.jpg,40,55,JPEG,RGB,pending
9496999,A. Xenitopoulos,A.,Xenitopoulos,,1971-07-28T00:00:00,47,Grecia,DEF,9347006,Iraklis Thessalonikis,greece_league_rosters_0.28,RSSSF Greece 1993/94 roster section; identity/position audit v0.28,https://www.rsssf.org/tablesg/grk94.html,1994,Centre Back,Iraklis Thessalonikis,greece_1993_94_explicit_identity_gate,,A. Xenitopoulos,,,9496999.jpg,40,55,JPEG,RGB,pending_identity_profile
9497062,Aggelos Georgiou,Aggelos,Georgiou,,1974-08-13T00:00:00,47,Grecia,POR,9347010,AE Larisa,greece_league_rosters_0.28,RSSSF Greece 1993/94 roster section; identity/position audit v0.28,https://www.rsssf.org/tablesg/grk94.html,1994,Goalkeeper,AE Larisa,greece_1993_94_explicit_identity_gate,,Aggelos Georgiou,,,9497062.jpg,40,55,JPEG,RGB,pending_identity_profile
9497163,Aggelos Pimenidis,Aggelos,Pimenidis,,1969-08-07T00:00:00,47,Grecia,MED,9347015,Doxa Dramas,greece_league_rosters_0.28,RSSSF Greece 1993/94 roster section; identity/position audit v0.28,https://www.rsssf.org/tablesg/grk94.html,1994,Left Midfielder,Doxa Dramas,greece_1993_94_explicit_identity_gate,,Aggelos Pimenidis,,,9497163.jpg,40,55,JPEG,RGB,pending_identity_profile
9497169,Alekos Katsiaounis,Alekos,Katsiaounis,,1962-06-22T00:00:00,47,Grecia,POR,9347016,Panachaiki,greece_league_rosters_0.28,RSSSF Greece 1993/94 roster section; identity/position audit v0.28,https://www.rsssf.org/tablesg/grk94.html,1994,Goalkeeper,Panachaiki,greece_1993_94_explicit_identity_gate,,Alekos Katsiaounis,,,9497169.jpg,40,55,JPEG,RGB,pending_identity_profile
9497162,Alekos Panagiotidis,Alekos,Panagiotidis,,1968-01-16T00:00:00,47,Grecia,MED,9347015,Doxa Dramas,greece_league_rosters_0.28,RSSSF Greece 1993/94 roster section; identity/position audit v0.28,https://www.rsssf.org/tablesg/grk94.html,1994,Right Midfielder,Doxa Dramas,greece_1993_94_explicit_identity_gate,,Alekos Panagiotidis,,,9497162.jpg,40,55,JPEG,RGB,pending_identity_profile
9496945,Alekos Rantos,Alekos,Rantos,,1966-10-29T00:00:00,47,Grecia,POR,9347003,Olympiakos Pireas,greece_league_rosters_0.28,RSSSF Greece 1993/94 roster section; identity/position audit v0.28,https://www.rsssf.org/tablesg/grk94.html,1994,Goalkeeper,Olympiakos Pireas,greece_1993_94_explicit_identity_gate,,Alekos Rantos,,,9496945.jpg,40,55,JPEG,RGB,pending_identity_profile
9497079,Alexandros Tzanis,Alexandros,Tzanis,,,47,Grecia,DEL,9347010,AE Larisa,greece_league_rosters_0.28,RSSSF Greece 1993/94 roster section; identity/position audit v0.28,https://www.rsssf.org/tablesg/grk94.html,1994,Left Winger,AE Larisa,greece_1993_94_explicit_identity_gate,,Alexandros Tzanis,,,9497079.jpg,40,55,JPEG,RGB,pending_identity_profile
9494177,Alexis Alexandris,Alexis,Alexandris,,1968-10-21,47,Grecia,DEL,9347001,AEK Athinon,,RSSSF Greece 1993/94 roster section; identity/position audit v0.28,https://www.rsssf.org/tablesg/grk94.html,1994,Centre Forward,AEK Athinon,greece_1993_94_explicit_identity_gate,9494177,Alexis Alexandris,708921,https://www.bdfutbol.com/en/j/j708921.html,9494177.jpg,40,55,JPEG,RGB,ready_for_download
9494178,Alexis Alexiou,Alexis,Alexiou,,1963-09-08T00:00:00,47,Grecia,DEF,9347005,PAOK Thessalonikis,,RSSSF Greece 1993/94 roster section; identity/position audit v0.28,https://www.rsssf.org/tablesg/grk94.html,1994,Centre Back,PAOK Thessalonikis,greece_1993_94_explicit_identity_gate,9494178,Alexis Alexiou,,,9494178.jpg,40,55,JPEG,RGB,pending_identity_profile
9494172,Alexis Alexoudis,Alexis,Alexoudis,,1972-06-20T00:00:00,47,Grecia,DEL,9347007,OFI Irakliou,,RSSSF Greece 1993/94 roster section; identity/position audit v0.28,https://www.rsssf.org/tablesg/grk94.html,1994,Centre Forward,OFI Irakliou,greece_1993_94_explicit_identity_gate,9494172,Alexis Alexoudis,,,9494172.jpg,40,55,JPEG,RGB,pending_identity_profile
9497121,Alvertos Papadakis,Alvertos,Papadakis,,1968-08-22T00:00:00,47,Grecia,DEF,9347013,Apollon Athinas,greece_league_rosters_0.28,RSSSF Greece 1993/94 roster section; identity/position audit v0.28,https://www.rsssf.org/tablesg/grk94.html,1994,Centre Back,Apollon Athinas,greece_1993_94_explicit_identity_gate,,Alvertos Papadakis,,,9497121.jpg,40,55,JPEG,RGB,pending_identity_profile
9497035,Anastasios Malousis,Anastasios,Malousis,,1967-02-22T00:00:00,47,Grecia,MED,9347008,Skoda Xanthi,greece_league_rosters_0.28,RSSSF Greece 1993/94 roster section; identity/position audit v0.28,https://www.rsssf.org/tablesg/grk94.html,1994,Centre Midfielder,Skoda Xanthi,greece_1993_94_explicit_identity_gate,,Anastasios Malousis,,,9497035.jpg,40,55,JPEG,RGB,pending_identity_profile
9497059,Andreas Lagonikakis,Andreas,Lagonikakis,,1972-04-03T00:00:00,47,Grecia,DEL,9347009,Panionios,greece_league_rosters_0.28,RSSSF Greece 1993/94 roster section; identity/position audit v0.28,https://www.rsssf.org/tablesg/grk94.html,1994,Centre Forward,Panionios,greece_1993_94_explicit_identity_gate,,Andreas Lagonikakis,,,9497059.jpg,40,55,JPEG,RGB,pending_identity_profile
9497085,Andreas Loukas,Andreas,Loukas,,1967-05-15T00:00:00,47,Grecia,DEF,9347011,Levadiakos,greece_league_rosters_0.28,RSSSF Greece 1993/94 roster section; identity/position audit v0.28,https://www.rsssf.org/tablesg/grk94.html,1994,Left Back,Levadiakos,greece_1993_94_explicit_identity_gate,,Andreas Loukas,,,9497085.jpg,40,55,JPEG,RGB,pending_identity_profile
9496989,Antonis Jioungoudis,Antonis,Jioungoudis,,1969-05-13T00:00:00,47,Grecia,DEL,9347005,PAOK Thessalonikis,greece_league_rosters_0.28,RSSSF Greece 1993/94 roster section; identity/position audit v0.28,https://www.rsssf.org/tablesg/grk94.html,1994,Right Winger,PAOK Thessalonikis,greece_1993_94_explicit_identity_gate,,Antonis Jioungoudis,,,9496989.jpg,40,55,JPEG,RGB,pending_identity_profile
9494157,Antonis Minou,Antonis,Minou,,1958-05-04T00:00:00,47,Grecia,POR,9347013,Apollon Athinas,,RSSSF Greece 1993/94 roster section; identity/position audit v0.28,https://www.rsssf.org/tablesg/grk94.html,1994,Goalkeeper,Apollon Athinas,greece_1993_94_explicit_identity_gate,9494157,Antonis Minou,,,9494157.jpg,40,55,JPEG,RGB,pending_identity_profile
9496933,Antonis Nikopolidis,Antonis,Nikopolidis,,1971-01-04T00:00:00,47,Grecia,POR,9347002,Panathinaikos,greece_league_rosters_0.28,RSSSF Greece 1993/94 roster section; identity/position audit v0.28,https://www.rsssf.org/tablesg/grk94.html,1994,Goalkeeper,Panathinaikos,greece_1993_94_explicit_identity_gate,,Antonis Nikopolidis,,,9496933.jpg,40,55,JPEG,RGB,pending_identity_profile
9497127,Antonis Platinakis,Antonis,Platinakis,,1971-04-23T00:00:00,47,Grecia,MED,9347013,Apollon Athinas,greece_league_rosters_0.28,RSSSF Greece 1993/94 roster section; identity/position audit v0.28,https://www.rsssf.org/tablesg/grk94.html,1994,Left Midfielder,Apollon Athinas,greece_1993_94_explicit_identity_gate,,Antonis Platinakis,,,9497127.jpg,40,55,JPEG,RGB,pending_identity_profile
9496970,Antonis Sapountzis,Antonis,Sapountzis,,1971-01-19T00:00:00,47,Grecia,MED,9347004,Aris Thessalonikis,greece_league_rosters_0.28,RSSSF Greece 1993/94 roster section; identity/position audit v0.28,https://www.rsssf.org/tablesg/grk94.html,1994,Centre Midfielder,Aris Thessalonikis,greece_1993_94_explicit_identity_gate,,Antonis Sapountzis,,,9496970.jpg,40,55,JPEG,RGB,pending_identity_profile
9497114,Antonis Spinoulas,Antonis,Spinoulas,,1969-10-23T00:00:00,47,Grecia,DEL,9347012,Athinaikos,greece_league_rosters_0.28,RSSSF Greece 1993/94 roster section; identity/position audit v0.28,https://www.rsssf.org/tablesg/grk94.html,1994,Right Winger,Athinaikos,greece_1993_94_explicit_identity_gate,,Antonis Spinoulas,,,9497114.jpg,40,55,JPEG,RGB,pending_identity_profile
9497184,Apostolis Drakopoulos,Apostolis,Drakopoulos,,1966-12-11T00:00:00,47,Grecia,DEL,9347016,Panachaiki,greece_league_rosters_0.28,RSSSF Greece 1993/94 roster section; identity/position audit v0.28,https://www.rsssf.org/tablesg/grk94.html,1994,Centre Forward,Panachaiki,greece_1993_94_explicit_identity_gate,,Apostolis Drakopoulos,,,9497184.jpg,40,55,JPEG,RGB,pending_identity_profile
9496993,Apostolos Lekidis,Apostolos,Lekidis,,1968-03-01T00:00:00,47,Grecia,POR,9347006,Iraklis Thessalonikis,greece_league_rosters_0.28,RSSSF Greece 1993/94 roster section; identity/position audit v0.28,https://www.rsssf.org/tablesg/grk94.html,1994,Goalkeeper,Iraklis Thessalonikis,greece_1993_94_explicit_identity_gate,,Apostolos Lekidis,,,9496993.jpg,40,55,JPEG,RGB,pending_identity_profile
9497054,Apostolos Mantzios,Apostolos,Mantzios,,1969-10-21T00:00:00,47,Grecia,MED,9347009,Panionios,greece_league_rosters_0.28,RSSSF Greece 1993/94 roster section; identity/position audit v0.28,https://www.rsssf.org/tablesg/grk94.html,1994,Attacking Midfielder,Panionios,greece_1993_94_explicit_identity_gate,,Apostolos Mantzios,,,9497054.jpg,40,55,JPEG,RGB,pending_identity_profile
9497157,Apostolos Terzis,Apostolos,Terzis,,1971-03-13T00:00:00,47,Grecia,DEF,9347015,Doxa Dramas,greece_league_rosters_0.28,RSSSF Greece 1993/94 roster section; identity/position audit v0.28,https://www.rsssf.org/tablesg/grk94.html,1994,Centre Back,Doxa Dramas,greece_1993_94_explicit_identity_gate,,Apostolos Terzis,,,9497157.jpg,40,55,JPEG,RGB,pending_identity_profile
9496990,Aris Karasavvidis,Aris,Karasavvidis,,1965-03-13T00:00:00,47,Grecia,DEL,9347005,PAOK Thessalonikis,greece_league_rosters_0.28,RSSSF Greece 1993/94 roster section; identity/position audit v0.28,https://www.rsssf.org/tablesg/grk94.html,1994,Left Winger,PAOK Thessalonikis,greece_1993_94_explicit_identity_gate,,Aris Karasavvidis,,,9496990.jpg,40,55,JPEG,RGB,pending_identity_profile
9496995,Athanasios Chtzoglou,Athanasios,Chtzoglou,,1972-06-03T00:00:00,47,Grecia,DEF,9347006,Iraklis Thessalonikis,greece_league_rosters_0.28,RSSSF Greece 1993/94 roster section; identity/position audit v0.28,https://www.rsssf.org/tablesg/grk94.html,1994,Centre Back,Iraklis Thessalonikis,greece_1993_94_explicit_identity_gate,,Athanasios Chtzoglou,,,9496995.jpg,40,55,JPEG,RGB,pending_identity_profile
9497164,Avraam Xanthopoulos,Avraam,Xanthopoulos,,1972-08-08T00:00:00,47,Grecia,MED,9347015,Doxa Dramas,greece_league_rosters_0.28,RSSSF Greece 1993/94 roster section; identity/position audit v0.28,https://www.rsssf.org/tablesg/grk94.html,1994,Centre Midfielder,Doxa Dramas,greece_1993_94_explicit_identity_gate,,Avraam Xanthopoulos,,,9497164.jpg,40,55,JPEG,RGB,pending_identity_profile
9496927,Charis Kopitsis,Charis,Kopitsis,,1969-03-05T00:00:00,47,Grecia,MED,9347001,AEK Athinon,greece_league_rosters_0.28,RSSSF Greece 1993/94 roster section; identity/position audit v0.28,https://www.rsssf.org/tablesg/grk94.html,1994,Centre Midfielder,AEK Athinon,greece_1993_94_explicit_identity_gate,,Charis Kopitsis,,,9496927.jpg,40,55,JPEG,RGB,pending_identity_profile
9497039,Chondrokoukis,,Chondrokoukis,,1975-05-05T00:00:00,47,Grecia,MED,9347008,Skoda Xanthi,greece_league_rosters_0.28,RSSSF Greece 1993/94 roster section; identity/position audit v0.28,https://www.rsssf.org/tablesg/grk94.html,1994,Centre Midfielder,Skoda Xanthi,greece_1993_94_explicit_identity_gate,,Chondrokoukis,,,9497039.jpg,40,55,JPEG,RGB,pending_identity_profile
9496949,Chris Kalatzis,Chris,Kalatzis,,1967-07-27T00:00:00,47,Grecia,DEF,9347003,Olympiakos Pireas,greece_league_rosters_0.28,RSSSF Greece 1993/94 roster section; identity/position audit v0.28,https://www.rsssf.org/tablesg/grk94.html,1994,Right Back,Olympiakos Pireas,greece_1993_94_explicit_identity_gate,,Chris Kalatzis,,,9496949.jpg,40,55,JPEG,RGB,pending_identity_profile
9497207,Christos Chatzidakis,Christos,Chatzidakis,,1970-12-18T00:00:00,47,Grecia,DEF,9347018,Naousa,greece_league_rosters_0.28,RSSSF Greece 1993/94 roster section; identity/position audit v0.28,https://www.rsssf.org/tablesg/grk94.html,1994,Centre Back,Naousa,greece_1993_94_explicit_identity_gate,,Christos Chatzidakis,,,9497207.jpg,40,55,JPEG,RGB,pending_identity_profile
9497190,Christos Kalimanis,Christos,Kalimanis,,1964-06-05T00:00:00,47,Grecia,DEF,9347017,Apollon Kalamarias,greece_league_rosters_0.28,RSSSF Greece 1993/94 roster section; identity/position audit v0.28,https://www.rsssf.org/tablesg/grk94.html,1994,Centre Back,Apollon Kalamarias,greece_1993_94_explicit_identity_gate,,Christos Kalimanis,,,9497190.jpg,40,55,JPEG,RGB,pending_identity_profile
9497181,Christos Karapitsos,Christos,Karapitsos,,1970-04-27T00:00:00,47,Grecia,MED,9347016,Panachaiki,greece_league_rosters_0.28,RSSSF Greece 1993/94 roster section; identity/position audit v0.28,https://www.rsssf.org/tablesg/grk94.html,1994,Left Midfielder,Panachaiki,greece_1993_94_explicit_identity_gate,,Christos Karapitsos,,,9497181.jpg,40,55,JPEG,RGB,pending_identity_profile
9494171,Christos Karkamanis,Christos,Karkamanis,,1969-09-22T00:00:00,47,Grecia,POR,9347004,Aris Thessalonikis,,RSSSF Greece 1993/94 roster section; identity/position audit v0.28,https://www.rsssf.org/tablesg/grk94.html,1994,Goalkeeper,Aris Thessalonikis,greece_1993_94_explicit_identity_gate,9494171,Christos Karkamanis,,,9494171.jpg,40,55,JPEG,RGB,pending_identity_profile
9497006,Christos Kostis,Christos,Kostis,,1972-01-15T00:00:00,47,Grecia,DEL,9347006,Iraklis Thessalonikis,greece_league_rosters_0.28,RSSSF Greece 1993/94 roster section; identity/position audit v0.28,https://www.rsssf.org/tablesg/grk94.html,1994,Centre Forward,Iraklis Thessalonikis,greece_1993_94_explicit_identity_gate,,Christos Kostis,,,9497006.jpg,40,55,JPEG,RGB,pending_identity_profile
9497040,Christos Maladenis,Christos,Maladenis,,1974-05-23T00:00:00,47,Grecia,DEL,9347008,Skoda Xanthi,greece_league_rosters_0.28,RSSSF Greece 1993/94 roster section; identity/position audit v0.28,https://www.rsssf.org/tablesg/grk94.html,1994,Centre Forward,Skoda Xanthi,greece_1993_94_explicit_identity_gate,,Christos Maladenis,,,9497040.jpg,40,55,JPEG,RGB,pending_identity_profile
9497063,Christos Michail,Christos,Michail,,1962-02-28T00:00:00,47,Grecia,POR,9347010,AE Larisa,greece_league_rosters_0.28,RSSSF Greece 1993/94 roster section; identity/position audit v0.28,https://www.rsssf.org/tablesg/grk94.html,1994,Goalkeeper,AE Larisa,greece_1993_94_explicit_identity_gate,,Christos Michail,,,9497063.jpg,40,55,JPEG,RGB,pending_identity_profile
9497176,Christos Mikes,Christos,Mikes,,1971-09-23T00:00:00,47,Grecia,DEF,9347016,Panachaiki,greece_league_rosters_0.28,RSSSF Greece 1993/94 roster section; identity/position audit v0.28,https://www.rsssf.org/tablesg/grk94.html,1994,Centre Back,Panachaiki,greece_1993_94_explicit_identity_gate,,Christos Mikes,,,9497176.jpg,40,55,JPEG,RGB,pending_identity_profile
9497033,Christos Samaras,Christos,Samaras,,1973-09-26T00:00:00,47,Grecia,DEF,9347008,Skoda Xanthi,greece_league_rosters_0.28,RSSSF Greece 1993/94 roster section; identity/position audit v0.28,https://www.rsssf.org/tablesg/grk94.html,1994,Centre Back,Skoda Xanthi,greece_1993_94_explicit_identity_gate,,Christos Samaras,,,9497033.jpg,40,55,JPEG,RGB,pending_identity_profile
9496953,Daniel Lima-Batista,Daniel,Lima-Batista,,1964-09-09T00:00:00,47,Grecia,MED,9347003,Olympiakos Pireas,greece_league_rosters_0.28,RSSSF Greece 1993/94 roster section; identity/position audit v0.28,https://www.rsssf.org/tablesg/grk94.html,1994,Attacking Midfielder,Olympiakos Pireas,greece_1993_94_explicit_identity_gate,,Daniel Lima-Batista,,,9496953.jpg,40,55,JPEG,RGB,pending_identity_profile
9496998,Daniil Papadopoulos,Daniil,Papadopoulos,,1963-06-15T00:00:00,47,Grecia,DEF,9347006,Iraklis Thessalonikis,greece_league_rosters_0.28,RSSSF Greece 1993/94 roster section; identity/position audit v0.28,https://www.rsssf.org/tablesg/grk94.html,1994,Centre Back,Iraklis Thessalonikis,greece_1993_94_explicit_identity_gate,,Daniil Papadopoulos,,,9496998.jpg,40,55,JPEG,RGB,pending_identity_profile
9497220,Dimitriadis,,Dimitriadis,,,47,Grecia,DEL,9347018,Naousa,greece_league_rosters_0.28,RSSSF Greece 1993/94 roster section; identity/position audit v0.28,https://www.rsssf.org/tablesg/grk94.html,1994,Centre Forward,Naousa,greece_1993_94_explicit_identity_gate,,Dimitriadis,,,9497220.jpg,40,55,JPEG,RGB,pending_identity_profile
9497117,Dimitrios Ioannou,Dimitrios,Ioannou,,,47,Grecia,DEF,9347013,Apollon Athinas,greece_league_rosters_0.28,RSSSF Greece 1993/94 roster section; identity/position audit v0.28,https://www.rsssf.org/tablesg/grk94.html,1994,Centre Back,Apollon Athinas,greece_1993_94_explicit_identity_gate,,Dimitrios Ioannou,,,9497117.jpg,40,55,JPEG,RGB,pending_identity_profile
9497153,Dimitris Aivazidis,Dimitris,Aivazidis,,1972-10-07T00:00:00,47,Grecia,DEF,9347015,Doxa Dramas,greece_league_rosters_0.28,RSSSF Greece 1993/94 roster section; identity/position audit v0.28,https://www.rsssf.org/tablesg/grk94.html,1994,Centre Back,Doxa Dramas,greece_1993_94_explicit_identity_gate,,Dimitris Aivazidis,,,9497153.jpg,40,55,JPEG,RGB,pending_identity_profile
9497172,Dimitris Argyropoulos,Dimitris,Argyropoulos,,1974-07-15T00:00:00,47,Grecia,DEF,9347016,Panachaiki,greece_league_rosters_0.28,RSSSF Greece 1993/94 roster section; identity/position audit v0.28,https://www.rsssf.org/tablesg/grk94.html,1994,Centre Back,Panachaiki,greece_1993_94_explicit_identity_gate,,Dimitris Argyropoulos,,,9497172.jpg,40,55,JPEG,RGB,pending_identity_profile
9497045,Dimitris Barbalias,Dimitris,Barbalias,,1961-03-06T00:00:00,47,Grecia,POR,9347009,Panionios,greece_league_rosters_0.28,RSSSF Greece 1993/94 roster section; identity/position audit v0.28,https://www.rsssf.org/tablesg/grk94.html,1994,Goalkeeper,Panionios,greece_1993_94_explicit_identity_gate,,Dimitris Barbalias,,,9497045.jpg,40,55,JPEG,RGB,pending_identity_profile
9497173,Dimitris Gkenas,Dimitris,Gkenas,,1964-07-21T00:00:00,47,Grecia,DEF,9347016,Panachaiki,greece_league_rosters_0.28,RSSSF Greece 1993/94 roster section; identity/position audit v0.28,https://www.rsssf.org/tablesg/grk94.html,1994,Right Back,Panachaiki,greece_1993_94_explicit_identity_gate,,Dimitris Gkenas,,,9497173.jpg,40,55,JPEG,RGB,pending_identity_profile
9496978,Dimitris Kapetanopoulos,Dimitris,Kapetanopoulos,,1969-04-12T00:00:00,47,Grecia,DEF,9347005,PAOK Thessalonikis,greece_league_rosters_0.28,RSSSF Greece 1993/94 roster section; identity/position audit v0.28,https://www.rsssf.org/tablesg/grk94.html,1994,Right Back,PAOK Thessalonikis,greece_1993_94_explicit_identity_gate,,Dimitris Kapetanopoulos,,,9496978.jpg,40,55,JPEG,RGB,pending_identity_profile
9497049,Dimitris Kouzinos,Dimitris,Kouzinos,,1967-08-31T00:00:00,47,Grecia,DEF,9347009,Panionios,greece_league_rosters_0.28,RSSSF Greece 1993/94 roster section; identity/position audit v0.28,https://www.rsssf.org/tablesg/grk94.html,1994,Left Back,Panionios,greece_1993_94_explicit_identity_gate,,Dimitris Kouzinos,,,9497049.jpg,40,55,JPEG,RGB,pending_identity_profile
9497092,Dimitris Lazarou,Dimitris,Lazarou,,1970-08-06T00:00:00,47,Grecia,MED,9347011,Levadiakos,greece_league_rosters_0.28,RSSSF Greece 1993/94 roster section; identity/position audit v0.28,https://www.rsssf.org/tablesg/grk94.html,1994,Left Midfielder,Levadiakos,greece_1993_94_explicit_identity_gate,,Dimitris Lazarou,,,9497092.jpg,40,55,JPEG,RGB,pending_identity_profile
9496944,Dimitris Markou,Dimitris,Markou,,1971-01-31T00:00:00,47,Grecia,MED,9347002,Panathinaikos,greece_league_rosters_0.28,RSSSF Greece 1993/94 roster section; identity/position audit v0.28,https://www.rsssf.org/tablesg/grk94.html,1994,Centre Midfielder,Panathinaikos,greece_1993_94_explicit_identity_gate,,Dimitris Markou,,,9496944.jpg,40,55,JPEG,RGB,pending_identity_profile
9497050,Dimitris Nalitzis,Dimitris,Nalitzis,,1976-07-10T00:00:00,47,Grecia,DEF,9347009,Panionios,greece_league_rosters_0.28,RSSSF Greece 1993/94 roster section; identity/position audit v0.28,https://www.rsssf.org/tablesg/grk94.html,1994,Centre Back,Panionios,greece_1993_94_explicit_identity_gate,,Dimitris Nalitzis,,,9497050.jpg,40,55,JPEG,RGB,pending_identity_profile
9497133,Dimitris Neofotistos,Dimitris,Neofotistos,,1971-08-08T00:00:00,47,Grecia,POR,9347014,Edessaikos,greece_league_rosters_0.28,RSSSF Greece 1993/94 roster section; identity/position audit v0.28,https://www.rsssf.org/tablesg/grk94.html,1994,Goalkeeper,Edessaikos,greece_1993_94_explicit_identity_gate,,Dimitris Neofotistos,,,9497133.jpg,40,55,JPEG,RGB,pending_identity_profile
9497078,Dimitris Nikolakoulis,Dimitris,Nikolakoulis,,1970-03-18T00:00:00,47,Grecia,DEL,9347010,AE Larisa,greece_league_rosters_0.28,RSSSF Greece 1993/94 roster section; identity/position audit v0.28,https://www.rsssf.org/tablesg/grk94.html,1994,Right Winger,AE Larisa,greece_1993_94_explicit_identity_gate,,Dimitris Nikolakoulis,,,9497078.jpg,40,55,JPEG,RGB,pending_identity_profile
9497202,Dimitris Nolis,Dimitris,Nolis,,1967-09-21T00:00:00,47,Grecia,DEL,9347017,Apollon Kalamarias,greece_league_rosters_0.28,RSSSF Greece 1993/94 roster section; identity/position audit v0.28,https://www.rsssf.org/tablesg/grk94.html,1994,Centre Forward,Apollon Kalamarias,greece_1993_94_explicit_identity_gate,,Dimitris Nolis,,,9497202.jpg,40,55,JPEG,RGB,pending_identity_profile
9494163,Dimitris Saravakos,Dimitris,Saravakos,,1961-07-26,47,Grecia,MED,9347002,Panathinaikos,,RSSSF Greece 1993/94 roster section; identity/position audit v0.28,https://www.rsssf.org/tablesg/grk94.html,1994,Attacking Midfielder,Panathinaikos,greece_1993_94_explicit_identity_gate,9494163,Dimitris Saravakos,58026,https://www.bdfutbol.com/en/j/j58026.html,9494163.jpg,40,55,JPEG,RGB,ready_for_download
9497143,Dimitris Stafylidis,Dimitris,Stafylidis,,1965-01-01T00:00:00,47,Grecia,MED,9347014,Edessaikos,greece_league_rosters_0.28,RSSSF Greece 1993/94 roster section; identity/position audit v0.28,https://www.rsssf.org/tablesg/grk94.html,1994,Attacking Midfielder,Edessaikos,greece_1993_94_explicit_identity_gate,,Dimitris Stafylidis,,,9497143.jpg,40,55,JPEG,RGB,pending_identity_profile
9497104,Dimitris Thanopoulos,Dimitris,Thanopoulos,,1964-01-01T00:00:00,47,Grecia,DEF,9347012,Athinaikos,greece_league_rosters_0.28,RSSSF Greece 1993/94 roster section; identity/position audit v0.28,https://www.rsssf.org/tablesg/grk94.html,1994,Centre Back,Athinaikos,greece_1993_94_explicit_identity_gate,,Dimitris Thanopoulos,,,9497104.jpg,40,55,JPEG,RGB,pending_identity_profile
9497193,Dimitris Tomboulidis,Dimitris,Tomboulidis,,1960-01-10T00:00:00,47,Grecia,DEF,9347017,Apollon Kalamarias,greece_league_rosters_0.28,RSSSF Greece 1993/94 roster section; identity/position audit v0.28,https://www.rsssf.org/tablesg/grk94.html,1994,Centre Back,Apollon Kalamarias,greece_1993_94_explicit_identity_gate,,Dimitris Tomboulidis,,,9497193.jpg,40,55,JPEG,RGB,pending_identity_profile
9497069,Dimitris Tzotzios,Dimitris,Tzotzios,,1969-12-28T00:00:00,47,Grecia,DEF,9347010,AE Larisa,greece_league_rosters_0.28,RSSSF Greece 1993/94 roster section; identity/position audit v0.28,https://www.rsssf.org/tablesg/grk94.html,1994,Centre Back,AE Larisa,greece_1993_94_explicit_identity_gate,,Dimitris Tzotzios,,,9497069.jpg,40,55,JPEG,RGB,pending_identity_profile
9494176,Elias Atmatsidis,Elias,Atmatsidis,,1969-04-24T00:00:00,47,Grecia,POR,9347001,AEK Athinon,,RSSSF Greece 1993/94 roster section; identity/position audit v0.28,https://www.rsssf.org/tablesg/grk94.html,1994,Goalkeeper,AEK Athinon,greece_1993_94_explicit_identity_gate,9494176,Elias Atmatsidis,,,9494176.jpg,40,55,JPEG,RGB,pending_identity_profile
9497187,Evgenios Piniotis,Evgenios,Piniotis,,1967-11-16T00:00:00,47,Grecia,POR,9347017,Apollon Kalamarias,greece_league_rosters_0.28,RSSSF Greece 1993/94 roster section; identity/position audit v0.28,https://www.rsssf.org/tablesg/grk94.html,1994,Goalkeeper,Apollon Kalamarias,greece_1993_94_explicit_identity_gate,,Evgenios Piniotis,,,9497187.jpg,40,55,JPEG,RGB,pending_identity_profile
9497084,Fotis Lagos,Fotis,Lagos,,1971-01-17T00:00:00,47,Grecia,DEF,9347011,Levadiakos,greece_league_rosters_0.28,RSSSF Greece 1993/94 roster section; identity/position audit v0.28,https://www.rsssf.org/tablesg/grk94.html,1994,Right Back,Levadiakos,greece_1993_94_explicit_identity_gate,,Fotis Lagos,,,9497084.jpg,40,55,JPEG,RGB,pending_identity_profile
9497023,Giorgos Tsifoutis,Giorgos,Tsifoutis,,1968-10-14T00:00:00,47,Grecia,MED,9347007,OFI Irakliou,greece_league_rosters_0.28,RSSSF Greece 1993/94 roster section; identity/position audit v0.28,https://www.rsssf.org/tablesg/grk94.html,1994,Centre Midfielder,OFI Irakliou,greece_1993_94_explicit_identity_gate,,Giorgos Tsifoutis,,,9497023.jpg,40,55,JPEG,RGB,pending_identity_profile
9497200,Gkekas,,Gkekas,,,47,Grecia,MED,9347017,Apollon Kalamarias,greece_league_rosters_0.28,RSSSF Greece 1993/94 roster section; identity/position audit v0.28,https://www.rsssf.org/tablesg/grk94.html,1994,Centre Midfielder,Apollon Kalamarias,greece_1993_94_explicit_identity_gate,,Gkekas,,,9497200.jpg,40,55,JPEG,RGB,pending_identity_profile
9497178,Grigoris Georgatos,Grigoris,Georgatos,,1972-10-31T00:00:00,47,Grecia,MED,9347016,Panachaiki,greece_league_rosters_0.28,RSSSF Greece 1993/94 roster section; identity/position audit v0.28,https://www.rsssf.org/tablesg/grk94.html,1994,Left Midfielder,Panachaiki,greece_1993_94_explicit_identity_gate,,Grigoris Georgatos,,,9497178.jpg,40,55,JPEG,RGB,pending_identity_profile
9497212,Grigoris Troupkos,Grigoris,Troupkos,,1971-12-11T00:00:00,47,Grecia,DEF,9347018,Naousa,greece_league_rosters_0.28,RSSSF Greece 1993/94 roster section; identity/position audit v0.28,https://www.rsssf.org/tablesg/grk94.html,1994,Centre Back,Naousa,greece_1993_94_explicit_identity_gate,,Grigoris Troupkos,,,9497212.jpg,40,55,JPEG,RGB,pending_identity_profile
9497148,Iakovos Papadopoulos,Iakovos,Papadopoulos,,1961-09-07T00:00:00,47,Grecia,DEL,9347014,Edessaikos,greece_league_rosters_0.28,RSSSF Greece 1993/94 roster section; identity/position audit v0.28,https://www.rsssf.org/tablesg/grk94.html,1994,Centre Forward,Edessaikos,greece_1993_94_explicit_identity_gate,,Iakovos Papadopoulos,,,9497148.jpg,40,55,JPEG,RGB,pending_identity_profile
9497016,Ilias Poursanidis,Ilias,Poursanidis,,1971-05-13T00:00:00,47,Grecia,DEF,9347007,OFI Irakliou,greece_league_rosters_0.28,RSSSF Greece 1993/94 roster section; identity/position audit v0.28,https://www.rsssf.org/tablesg/grk94.html,1994,Centre Back,OFI Irakliou,greece_1993_94_explicit_identity_gate,,Ilias Poursanidis,,,9497016.jpg,40,55,JPEG,RGB,pending_identity_profile
9497222,Ilias Sambanis,Ilias,Sambanis,,1973-08-15T00:00:00,47,Grecia,DEL,9347018,Naousa,greece_league_rosters_0.28,RSSSF Greece 1993/94 roster section; identity/position audit v0.28,https://www.rsssf.org/tablesg/grk94.html,1994,Left Winger,Naousa,greece_1993_94_explicit_identity_gate,,Ilias Sambanis,,,9497222.jpg,40,55,JPEG,RGB,pending_identity_profile
9496988,Ioakim Makis Chavos,Ioakim Makis,Chavos,,1969-09-05T00:00:00,47,Grecia,DEL,9347005,PAOK Thessalonikis,greece_league_rosters_0.28,RSSSF Greece 1993/94 roster section; identity/position audit v0.28,https://www.rsssf.org/tablesg/grk94.html,1994,Centre Forward,PAOK Thessalonikis,greece_1993_94_explicit_identity_gate,,Ioakim Makis Chavos,,,9496988.jpg,40,55,JPEG,RGB,pending_identity_profile
9494161,Ioannis Kalitzakis,Ioannis,Kalitzakis,,1966-02-10T00:00:00,47,Grecia,DEF,9347002,Panathinaikos,,RSSSF Greece 1993/94 roster section; identity/position audit v0.28,https://www.rsssf.org/tablesg/grk94.html,1994,Centre Back,Panathinaikos,greece_1993_94_explicit_identity_gate,9494161,Ioannis Kalitzakis,,,9494161.jpg,40,55,JPEG,RGB,pending_identity_profile
9497183,Iraklis Anastasakis,Iraklis,Anastasakis,,1971-12-22T00:00:00,47,Grecia,DEL,9347016,Panachaiki,greece_league_rosters_0.28,RSSSF Greece 1993/94 roster section; identity/position audit v0.28,https://www.rsssf.org/tablesg/grk94.html,1994,Centre Forward,Panachaiki,greece_1993_94_explicit_identity_gate,,Iraklis Anastasakis,,,9497183.jpg,40,55,JPEG,RGB,pending_identity_profile
9497064,Jiannis Alexoudis,Jiannis,Alexoudis,,1964-04-22T00:00:00,47,Grecia,DEF,9347010,AE Larisa,greece_league_rosters_0.28,RSSSF Greece 1993/94 roster section; identity/position audit v0.28,https://www.rsssf.org/tablesg/grk94.html,1994,Centre Back,AE Larisa,greece_1993_94_explicit_identity_gate,,Jiannis Alexoudis,,,9497064.jpg,40,55,JPEG,RGB,pending_identity_profile
9496982,Jiannis Antonas,Jiannis,Antonas,,1973-07-24T00:00:00,47,Grecia,MED,9347005,PAOK Thessalonikis,greece_league_rosters_0.28,RSSSF Greece 1993/94 roster section; identity/position audit v0.28,https://www.rsssf.org/tablesg/grk94.html,1994,Defensive Midfielder,PAOK Thessalonikis,greece_1993_94_explicit_identity_gate,,Jiannis Antonas,,,9496982.jpg,40,55,JPEG,RGB,pending_identity_profile
9497123,Jiannis Apostolou,Jiannis,Apostolou,,1969-01-19T00:00:00,47,Grecia,MED,9347013,Apollon Athinas,greece_league_rosters_0.28,RSSSF Greece 1993/94 roster section; identity/position audit v0.28,https://www.rsssf.org/tablesg/grk94.html,1994,Defensive Midfielder,Apollon Athinas,greece_1993_94_explicit_identity_gate,,Jiannis Apostolou,,,9497123.jpg,40,55,JPEG,RGB,pending_identity_profile
9497189,Jiannis Dimitriadis,Jiannis,Dimitriadis,,1970-01-05T00:00:00,47,Grecia,DEF,9347017,Apollon Kalamarias,greece_league_rosters_0.28,RSSSF Greece 1993/94 roster section; identity/position audit v0.28,https://www.rsssf.org/tablesg/grk94.html,1994,Centre Back,Apollon Kalamarias,greece_1993_94_explicit_identity_gate,,Jiannis Dimitriadis,,,9497189.jpg,40,55,JPEG,RGB,pending_identity_profile
9497208,Jiannis Fassidis,Jiannis,Fassidis,,1971-10-11T00:00:00,47,Grecia,DEF,9347018,Naousa,greece_league_rosters_0.28,RSSSF Greece 1993/94 roster section; identity/position audit v0.28,https://www.rsssf.org/tablesg/grk94.html,1994,Centre Back,Naousa,greece_1993_94_explicit_identity_gate,,Jiannis Fassidis,,,9497208.jpg,40,55,JPEG,RGB,pending_identity_profile
9497047,Jiannis Grigoriou,Jiannis,Grigoriou,,1966-01-14T00:00:00,47,Grecia,DEF,9347009,Panionios,greece_league_rosters_0.28,RSSSF Greece 1993/94 roster section; identity/position audit v0.28,https://www.rsssf.org/tablesg/grk94.html,1994,Centre Back,Panionios,greece_1993_94_explicit_identity_gate,,Jiannis Grigoriou,,,9497047.jpg,40,55,JPEG,RGB,pending_identity_profile
9497155,Jiannis Jiaslanis,Jiannis,Jiaslanis,,1971-10-25T00:00:00,47,Grecia,DEF,9347015,Doxa Dramas,greece_league_rosters_0.28,RSSSF Greece 1993/94 roster section; identity/position audit v0.28,https://www.rsssf.org/tablesg/grk94.html,1994,Right Back,Doxa Dramas,greece_1993_94_explicit_identity_gate,,Jiannis Jiaslanis,,,9497155.jpg,40,55,JPEG,RGB,pending_identity_profile
9497086,Jiannis Martinaios,Jiannis,Martinaios,,1959-10-03T00:00:00,47,Grecia,DEF,9347011,Levadiakos,greece_league_rosters_0.28,RSSSF Greece 1993/94 roster section; identity/position audit v0.28,https://www.rsssf.org/tablesg/grk94.html,1994,Centre Back,Levadiakos,greece_1993_94_explicit_identity_gate,,Jiannis Martinaios,,,9497086.jpg,40,55,JPEG,RGB,pending_identity_profile
9497072,Jiannis Providas,Jiannis,Providas,,1975-11-20T00:00:00,47,Grecia,MED,9347010,AE Larisa,greece_league_rosters_0.28,RSSSF Greece 1993/94 roster section; identity/position audit v0.28,https://www.rsssf.org/tablesg/grk94.html,1994,Attacking Midfielder,AE Larisa,greece_1993_94_explicit_identity_gate,,Jiannis Providas,,,9497072.jpg,40,55,JPEG,RGB,pending_identity_profile
9497022,Jiannis Samaras,Jiannis,Samaras,,1961-05-03T00:00:00,47,Grecia,MED,9347007,OFI Irakliou,greece_league_rosters_0.28,RSSSF Greece 1993/94 roster section; identity/position audit v0.28,https://www.rsssf.org/tablesg/grk94.html,1994,Left Midfielder,OFI Irakliou,greece_1993_94_explicit_identity_gate,,Jiannis Samaras,,,9497022.jpg,40,55,JPEG,RGB,pending_identity_profile
9497074,Jiannis Tsakmakidis,Jiannis,Tsakmakidis,,1974-02-02T00:00:00,47,Grecia,MED,9347010,AE Larisa,greece_league_rosters_0.28,RSSSF Greece 1993/94 roster section; identity/position audit v0.28,https://www.rsssf.org/tablesg/grk94.html,1994,Left Midfielder,AE Larisa,greece_1993_94_explicit_identity_gate,,Jiannis Tsakmakidis,,,9497074.jpg,40,55,JPEG,RGB,pending_identity_profile
9496986,Jiannis Voltezos,Jiannis,Voltezos,,1971-08-15T00:00:00,47,Grecia,MED,9347005,PAOK Thessalonikis,greece_league_rosters_0.28,RSSSF Greece 1993/94 roster section; identity/position audit v0.28,https://www.rsssf.org/tablesg/grk94.html,1994,Left Midfielder,PAOK Thessalonikis,greece_1993_94_explicit_identity_gate,,Jiannis Voltezos,,,9496986.jpg,40,55,JPEG,RGB,pending_identity_profile
9496922,Jiorgos Agorojiannis,Jiorgos,Agorojiannis,,1966-05-03T00:00:00,47,Grecia,DEF,9347001,AEK Athinon,greece_league_rosters_0.28,RSSSF Greece 1993/94 roster section; identity/position audit v0.28,https://www.rsssf.org/tablesg/grk94.html,1994,Centre Back,AEK Athinon,greece_1993_94_explicit_identity_gate,,Jiorgos Agorojiannis,,,9496922.jpg,40,55,JPEG,RGB,pending_identity_profile
9496947,Jiorgos Amanatidis,Jiorgos,Amanatidis,,1970-04-04T00:00:00,47,Grecia,DEF,9347003,Olympiakos Pireas,greece_league_rosters_0.28,RSSSF Greece 1993/94 roster section; identity/position audit v0.28,https://www.rsssf.org/tablesg/grk94.html,1994,Centre Back,Olympiakos Pireas,greece_1993_94_explicit_identity_gate,,Jiorgos Amanatidis,,,9496947.jpg,40,55,JPEG,RGB,pending_identity_profile
9497044,Jiorgos Ambadiotakis,Jiorgos,Ambadiotakis,,1967-03-21T00:00:00,47,Grecia,POR,9347009,Panionios,greece_league_rosters_0.28,RSSSF Greece 1993/94 roster section; identity/position audit v0.28,https://www.rsssf.org/tablesg/grk94.html,1994,Goalkeeper,Panionios,greece_1993_94_explicit_identity_gate,,Jiorgos Ambadiotakis,,,9497044.jpg,40,55,JPEG,RGB,pending_identity_profile
9497107,Jiorgos Anastasiou,Jiorgos,Anastasiou,,1963-10-14T00:00:00,47,Grecia,MED,9347012,Athinaikos,greece_league_rosters_0.28,RSSSF Greece 1993/94 roster section; identity/position audit v0.28,https://www.rsssf.org/tablesg/grk94.html,1994,Centre Midfielder,Athinaikos,greece_1993_94_explicit_identity_gate,,Jiorgos Anastasiou,,,9497107.jpg,40,55,JPEG,RGB,pending_identity_profile
9496994,Jiorgos Anatolakis,Jiorgos,Anatolakis,,1974-03-16T00:00:00,47,Grecia,DEF,9347006,Iraklis Thessalonikis,greece_league_rosters_0.28,RSSSF Greece 1993/94 roster section; identity/position audit v0.28,https://www.rsssf.org/tablesg/grk94.html,1994,Centre Back,Iraklis Thessalonikis,greece_1993_94_explicit_identity_gate,,Jiorgos Anatolakis,,,9496994.jpg,40,55,JPEG,RGB,pending_identity_profile
9497024,Jiorgos Athanasiadis,Jiorgos,Athanasiadis,,1963-12-16T00:00:00,47,Grecia,DEL,9347007,OFI Irakliou,greece_league_rosters_0.28,RSSSF Greece 1993/94 roster section; identity/position audit v0.28,https://www.rsssf.org/tablesg/grk94.html,1994,Centre Forward,OFI Irakliou,greece_1993_94_explicit_identity_gate,,Jiorgos Athanasiadis,,,9497024.jpg,40,55,JPEG,RGB,pending_identity_profile
9497028,Jiorgos Chalkidis,Jiorgos,Chalkidis,,1964-08-03T00:00:00,47,Grecia,DEF,9347008,Skoda Xanthi,greece_league_rosters_0.28,RSSSF Greece 1993/94 roster section; identity/position audit v0.28,https://www.rsssf.org/tablesg/grk94.html,1994,Centre Back,Skoda Xanthi,greece_1993_94_explicit_identity_gate,,Jiorgos Chalkidis,,,9497028.jpg,40,55,JPEG,RGB,pending_identity_profile
9496960,Jiorgos Chrisostomidis,Jiorgos,Chrisostomidis,,1968-10-05T00:00:00,47,Grecia,DEF,9347004,Aris Thessalonikis,greece_league_rosters_0.28,RSSSF Greece 1993/94 roster section; identity/position audit v0.28,https://www.rsssf.org/tablesg/grk94.html,1994,Centre Back,Aris Thessalonikis,greece_1993_94_explicit_identity_gate,,Jiorgos Chrisostomidis,,,9496960.jpg,40,55,JPEG,RGB,pending_identity_profile
9497098,Jiorgos Dafkos,Jiorgos,Dafkos,,1959-01-08T00:00:00,47,Grecia,POR,9347012,Athinaikos,greece_league_rosters_0.28,RSSSF Greece 1993/94 roster section; identity/position audit v0.28,https://www.rsssf.org/tablesg/grk94.html,1994,Goalkeeper,Athinaikos,greece_1993_94_explicit_identity_gate,,Jiorgos Dafkos,,,9497098.jpg,40,55,JPEG,RGB,pending_identity_profile
9496942,Jiorgos Donis,Jiorgos,Donis,,1969-10-20T00:00:00,47,Grecia,DEL,9347002,Panathinaikos,greece_league_rosters_0.28,RSSSF Greece 1993/94 roster section; identity/position audit v0.28,https://www.rsssf.org/tablesg/grk94.html,1994,Right Winger,Panathinaikos,greece_1993_94_explicit_identity_gate,,Jiorgos Donis,,,9496942.jpg,40,55,JPEG,RGB,pending_identity_profile
9497154,Jiorgos Drogalas,Jiorgos,Drogalas,,1963-09-23T00:00:00,47,Grecia,DEF,9347015,Doxa Dramas,greece_league_rosters_0.28,RSSSF Greece 1993/94 roster section; identity/position audit v0.28,https://www.rsssf.org/tablesg/grk94.html,1994,Centre Back,Doxa Dramas,greece_1993_94_explicit_identity_gate,,Jiorgos Drogalas,,,9497154.jpg,40,55,JPEG,RGB,pending_identity_profile
9497052,Jiorgos Famelis,Jiorgos,Famelis,,1967-08-19T00:00:00,47,Grecia,MED,9347009,Panionios,greece_league_rosters_0.28,RSSSF Greece 1993/94 roster section; identity/position audit v0.28,https://www.rsssf.org/tablesg/grk94.html,1994,Defensive Midfielder,Panionios,greece_1993_94_explicit_identity_gate,,Jiorgos Famelis,,,9497052.jpg,40,55,JPEG,RGB,pending_identity_profile
9496941,Jiorgos Georgiadis Charal.,Jiorgos Georgiadis,Charal.,,1970-01-14T00:00:00,47,Grecia,MED,9347002,Panathinaikos,greece_league_rosters_0.28,RSSSF Greece 1993/94 roster section; identity/position audit v0.28,https://www.rsssf.org/tablesg/grk94.html,1994,Right Midfielder,Panathinaikos,greece_1993_94_explicit_identity_gate,,Jiorgos Georgiadis Charal.,,,9496941.jpg,40,55,JPEG,RGB,pending_identity_profile
9496935,Jiorgos Georgiadis Savvas,Jiorgos Georgiadis,Savvas,,1971-01-30T00:00:00,47,Grecia,DEF,9347002,Panathinaikos,greece_league_rosters_0.28,RSSSF Greece 1993/94 roster section; identity/position audit v0.28,https://www.rsssf.org/tablesg/grk94.html,1994,Centre Back,Panathinaikos,greece_1993_94_explicit_identity_gate,,Jiorgos Georgiadis Savvas,,,9496935.jpg,40,55,JPEG,RGB,pending_identity_profile
9496962,Jiorgos Iosifidis,Jiorgos,Iosifidis,,1967-01-23T00:00:00,47,Grecia,DEF,9347004,Aris Thessalonikis,greece_league_rosters_0.28,RSSSF Greece 1993/94 roster section; identity/position audit v0.28,https://www.rsssf.org/tablesg/grk94.html,1994,Right Back,Aris Thessalonikis,greece_1993_94_explicit_identity_gate,,Jiorgos Iosifidis,,,9496962.jpg,40,55,JPEG,RGB,pending_identity_profile
9497026,Jiorgos Jiourgousis,Jiorgos,Jiourgousis,,1964-04-16T00:00:00,47,Grecia,POR,9347008,Skoda Xanthi,greece_league_rosters_0.28,RSSSF Greece 1993/94 roster section; identity/position audit v0.28,https://www.rsssf.org/tablesg/grk94.html,1994,Goalkeeper,Skoda Xanthi,greece_1993_94_explicit_identity_gate,,Jiorgos Jiourgousis,,,9497026.jpg,40,55,JPEG,RGB,pending_identity_profile
9497156,Jiorgos Kalpakis,Jiorgos,Kalpakis,,1970-03-20T00:00:00,47,Grecia,DEF,9347015,Doxa Dramas,greece_league_rosters_0.28,RSSSF Greece 1993/94 roster section; identity/position audit v0.28,https://www.rsssf.org/tablesg/grk94.html,1994,Left Back,Doxa Dramas,greece_1993_94_explicit_identity_gate,,Jiorgos Kalpakis,,,9497156.jpg,40,55,JPEG,RGB,pending_identity_profile
9497116,Jiorgos Kavaratzis,Jiorgos,Kavaratzis,,1972-07-10T00:00:00,47,Grecia,POR,9347013,Apollon Athinas,greece_league_rosters_0.28,RSSSF Greece 1993/94 roster section; identity/position audit v0.28,https://www.rsssf.org/tablesg/grk94.html,1994,Goalkeeper,Apollon Athinas,greece_1993_94_explicit_identity_gate,,Jiorgos Kavaratzis,,,9497116.jpg,40,55,JPEG,RGB,pending_identity_profile
9496964,Jiorgos Koltsidas,Jiorgos,Koltsidas,,1970-09-22T00:00:00,47,Grecia,DEF,9347004,Aris Thessalonikis,greece_league_rosters_0.28,RSSSF Greece 1993/94 roster section; identity/position audit v0.28,https://www.rsssf.org/tablesg/grk94.html,1994,Centre Back,Aris Thessalonikis,greece_1993_94_explicit_identity_gate,,Jiorgos Koltsidas,,,9496964.jpg,40,55,JPEG,RGB,pending_identity_profile
9497007,Jiorgos Kostis,Jiorgos,Kostis,,1972-10-07T00:00:00,47,Grecia,DEL,9347006,Iraklis Thessalonikis,greece_league_rosters_0.28,RSSSF Greece 1993/94 roster section; identity/position audit v0.28,https://www.rsssf.org/tablesg/grk94.html,1994,Centre Forward,Iraklis Thessalonikis,greece_1993_94_explicit_identity_gate,,Jiorgos Kostis,,,9497007.jpg,40,55,JPEG,RGB,pending_identity_profile
9496923,Jiorgos Koutoulas,Jiorgos,Koutoulas,,1967-02-09T00:00:00,47,Grecia,DEF,9347001,AEK Athinon,greece_league_rosters_0.28,RSSSF Greece 1993/94 roster section; identity/position audit v0.28,https://www.rsssf.org/tablesg/grk94.html,1994,Right Back,AEK Athinon,greece_1993_94_explicit_identity_gate,,Jiorgos Koutoulas,,,9496923.jpg,40,55,JPEG,RGB,pending_identity_profile
9497182,Jiorgos Kyriakopoulos,Jiorgos,Kyriakopoulos,,1965-07-27T00:00:00,47,Grecia,MED,9347016,Panachaiki,greece_league_rosters_0.28,RSSSF Greece 1993/94 roster section; identity/position audit v0.28,https://www.rsssf.org/tablesg/grk94.html,1994,Centre Midfielder,Panachaiki,greece_1993_94_explicit_identity_gate,,Jiorgos Kyriakopoulos,,,9497182.jpg,40,55,JPEG,RGB,pending_identity_profile
9497139,Jiorgos Ladias,Jiorgos,Ladias,,1963-02-12T00:00:00,47,Grecia,DEF,9347014,Edessaikos,greece_league_rosters_0.28,RSSSF Greece 1993/94 roster section; identity/position audit v0.28,https://www.rsssf.org/tablesg/grk94.html,1994,Centre Back,Edessaikos,greece_1993_94_explicit_identity_gate,,Jiorgos Ladias,,,9497139.jpg,40,55,JPEG,RGB,pending_identity_profile
9497147,Jiorgos Mbetas,Jiorgos,Mbetas,,1968-06-10T00:00:00,47,Grecia,DEL,9347014,Edessaikos,greece_league_rosters_0.28,RSSSF Greece 1993/94 roster section; identity/position audit v0.28,https://www.rsssf.org/tablesg/grk94.html,1994,Centre Forward,Edessaikos,greece_1993_94_explicit_identity_gate,,Jiorgos Mbetas,,,9497147.jpg,40,55,JPEG,RGB,pending_identity_profile
9497027,Jiorgos Mirtsos,Jiorgos,Mirtsos,,1964-12-11T00:00:00,47,Grecia,POR,9347008,Skoda Xanthi,greece_league_rosters_0.28,RSSSF Greece 1993/94 roster section; identity/position audit v0.28,https://www.rsssf.org/tablesg/grk94.html,1994,Goalkeeper,Skoda Xanthi,greece_1993_94_explicit_identity_gate,,Jiorgos Mirtsos,,,9497027.jpg,40,55,JPEG,RGB,pending_identity_profile
9496950,Jiorgos Mitsimbonas,Jiorgos,Mitsimbonas,,1962-11-01T00:00:00,47,Grecia,DEF,9347003,Olympiakos Pireas,greece_league_rosters_0.28,RSSSF Greece 1993/94 roster section; identity/position audit v0.28,https://www.rsssf.org/tablesg/grk94.html,1994,Centre Back,Olympiakos Pireas,greece_1993_94_explicit_identity_gate,,Jiorgos Mitsimbonas,,,9496950.jpg,40,55,JPEG,RGB,pending_identity_profile
9497002,Jiorgos Papadopoulos,Jiorgos,Papadopoulos,,1967-11-13T00:00:00,47,Grecia,MED,9347006,Iraklis Thessalonikis,greece_league_rosters_0.28,RSSSF Greece 1993/94 roster section; identity/position audit v0.28,https://www.rsssf.org/tablesg/grk94.html,1994,Attacking Midfielder,Iraklis Thessalonikis,greece_1993_94_explicit_identity_gate,,Jiorgos Papadopoulos,,,9497002.jpg,40,55,JPEG,RGB,pending_identity_profile
9497149,Jiorgos Papadopoulos,Jiorgos,Papadopoulos,,,47,Grecia,DEL,9347014,Edessaikos,greece_league_rosters_0.28,RSSSF Greece 1993/94 roster section; identity/position audit v0.28,https://www.rsssf.org/tablesg/grk94.html,1994,Right Winger,Edessaikos,greece_1993_94_explicit_identity_gate,,Jiorgos Papadopoulos,,,9497149.jpg,40,55,JPEG,RGB,pending_identity_profile
9497003,Jiorgos Peglis,Jiorgos,Peglis,,1973-12-25T00:00:00,47,Grecia,MED,9347006,Iraklis Thessalonikis,greece_league_rosters_0.28,RSSSF Greece 1993/94 roster section; identity/position audit v0.28,https://www.rsssf.org/tablesg/grk94.html,1994,Right Midfielder,Iraklis Thessalonikis,greece_1993_94_explicit_identity_gate,,Jiorgos Peglis,,,9497003.jpg,40,55,JPEG,RGB,pending_identity_profile
9497198,Jiorgos Semertzidis,Jiorgos,Semertzidis,,1957-07-14T00:00:00,47,Grecia,MED,9347017,Apollon Kalamarias,greece_league_rosters_0.28,RSSSF Greece 1993/94 roster section; identity/position audit v0.28,https://www.rsssf.org/tablesg/grk94.html,1994,Right Midfielder,Apollon Kalamarias,greece_1993_94_explicit_identity_gate,,Jiorgos Semertzidis,,,9497198.jpg,40,55,JPEG,RGB,pending_identity_profile
9497005,Jiorgos Skartados,Jiorgos,Skartados,,1960-04-07T00:00:00,47,Grecia,MED,9347006,Iraklis Thessalonikis,greece_league_rosters_0.28,RSSSF Greece 1993/94 roster section; identity/position audit v0.28,https://www.rsssf.org/tablesg/grk94.html,1994,Centre Midfielder,Iraklis Thessalonikis,greece_1993_94_explicit_identity_gate,,Jiorgos Skartados,,,9497005.jpg,40,55,JPEG,RGB,pending_identity_profile
9496965,Jiorgos Stratilatis,Jiorgos,Stratilatis,,1965-03-13T00:00:00,47,Grecia,DEF,9347004,Aris Thessalonikis,greece_league_rosters_0.28,RSSSF Greece 1993/94 roster section; identity/position audit v0.28,https://www.rsssf.org/tablesg/grk94.html,1994,Centre Back,Aris Thessalonikis,greece_1993_94_explicit_identity_gate,,Jiorgos Stratilatis,,,9496965.jpg,40,55,JPEG,RGB,pending_identity_profile
9497051,Jiorgos Togias,Jiorgos,Togias,,1960-01-21T00:00:00,47,Grecia,DEF,9347009,Panionios,greece_league_rosters_0.28,RSSSF Greece 1993/94 roster section; identity/position audit v0.28,https://www.rsssf.org/tablesg/grk94.html,1994,Centre Back,Panionios,greece_1993_94_explicit_identity_gate,,Jiorgos Togias,,,9497051.jpg,40,55,JPEG,RGB,pending_identity_profile
9497146,Jiorgos Tsoptsis,Jiorgos,Tsoptsis,,1975-03-09T00:00:00,47,Grecia,MED,9347014,Edessaikos,greece_league_rosters_0.28,RSSSF Greece 1993/94 roster section; identity/position audit v0.28,https://www.rsssf.org/tablesg/grk94.html,1994,Centre Midfielder,Edessaikos,greece_1993_94_explicit_identity_gate,,Jiorgos Tsoptsis,,,9497146.jpg,40,55,JPEG,RGB,pending_identity_profile
9496958,Jiorgos Vaitsis,Jiorgos,Vaitsis,,1967-07-30T00:00:00,47,Grecia,DEL,9347003,Olympiakos Pireas,greece_league_rosters_0.28,RSSSF Greece 1993/94 roster section; identity/position audit v0.28,https://www.rsssf.org/tablesg/grk94.html,1994,Left Winger,Olympiakos Pireas,greece_1993_94_explicit_identity_gate,,Jiorgos Vaitsis,,,9496958.jpg,40,55,JPEG,RGB,pending_identity_profile
9497204,Jiorgos Vlachoulis,Jiorgos,Vlachoulis,,1969-01-03T00:00:00,47,Grecia,DEL,9347017,Apollon Kalamarias,greece_league_rosters_0.28,RSSSF Greece 1993/94 roster section; identity/position audit v0.28,https://www.rsssf.org/tablesg/grk94.html,1994,Left Winger,Apollon Kalamarias,greece_1993_94_explicit_identity_gate,,Jiorgos Vlachoulis,,,9497204.jpg,40,55,JPEG,RGB,pending_identity_profile
9496938,Kostas Antoniou,Kostas,Antoniou,,1962-04-19T00:00:00,47,Grecia,MED,9347002,Panathinaikos,greece_league_rosters_0.28,RSSSF Greece 1993/94 roster section; identity/position audit v0.28,https://www.rsssf.org/tablesg/grk94.html,1994,Defensive Midfielder,Panathinaikos,greece_1993_94_explicit_identity_gate,,Kostas Antoniou,,,9496938.jpg,40,55,JPEG,RGB,pending_identity_profile
9497010,Kostas Chaniotakis,Kostas,Chaniotakis,,1968-07-19T00:00:00,47,Grecia,POR,9347007,OFI Irakliou,greece_league_rosters_0.28,RSSSF Greece 1993/94 roster section; identity/position audit v0.28,https://www.rsssf.org/tablesg/grk94.html,1994,Goalkeeper,OFI Irakliou,greece_1993_94_explicit_identity_gate,,Kostas Chaniotakis,,,9497010.jpg,40,55,JPEG,RGB,pending_identity_profile
9496940,Kostas Frantzeskos,Kostas,Frantzeskos,,1969-01-04T00:00:00,47,Grecia,MED,9347002,Panathinaikos,greece_league_rosters_0.28,RSSSF Greece 1993/94 roster section; identity/position audit v0.28,https://www.rsssf.org/tablesg/grk94.html,1994,Attacking Midfielder,Panathinaikos,greece_1993_94_explicit_identity_gate,,Kostas Frantzeskos,,,9496940.jpg,40,55,JPEG,RGB,pending_identity_profile
9497088,Kostas Galamelos,Kostas,Galamelos,,1974-01-03T00:00:00,47,Grecia,MED,9347011,Levadiakos,greece_league_rosters_0.28,RSSSF Greece 1993/94 roster section; identity/position audit v0.28,https://www.rsssf.org/tablesg/grk94.html,1994,Defensive Midfielder,Levadiakos,greece_1993_94_explicit_identity_gate,,Kostas Galamelos,,,9497088.jpg,40,55,JPEG,RGB,pending_identity_profile
9496983,Kostas Ikonomidis,Kostas,Ikonomidis,,1966-07-17T00:00:00,47,Grecia,MED,9347005,PAOK Thessalonikis,greece_league_rosters_0.28,RSSSF Greece 1993/94 roster section; identity/position audit v0.28,https://www.rsssf.org/tablesg/grk94.html,1994,Centre Midfielder,PAOK Thessalonikis,greece_1993_94_explicit_identity_gate,,Kostas Ikonomidis,,,9496983.jpg,40,55,JPEG,RGB,pending_identity_profile
9497081,Kostas Katsimitros,Kostas,Katsimitros,,1966-05-01T00:00:00,47,Grecia,POR,9347011,Levadiakos,greece_league_rosters_0.28,RSSSF Greece 1993/94 roster section; identity/position audit v0.28,https://www.rsssf.org/tablesg/grk94.html,1994,Goalkeeper,Levadiakos,greece_1993_94_explicit_identity_gate,,Kostas Katsimitros,,,9497081.jpg,40,55,JPEG,RGB,pending_identity_profile
9497019,Kostas Kiassos,Kostas,Kiassos,,1975-12-13T00:00:00,47,Grecia,MED,9347007,OFI Irakliou,greece_league_rosters_0.28,RSSSF Greece 1993/94 roster section; identity/position audit v0.28,https://www.rsssf.org/tablesg/grk94.html,1994,Centre Midfielder,OFI Irakliou,greece_1993_94_explicit_identity_gate,,Kostas Kiassos,,,9497019.jpg,40,55,JPEG,RGB,pending_identity_profile
9497065,Kostas Kolomitrousis,Kostas,Kolomitrousis,,1964-03-30T00:00:00,47,Grecia,DEF,9347010,AE Larisa,greece_league_rosters_0.28,RSSSF Greece 1993/94 roster section; identity/position audit v0.28,https://www.rsssf.org/tablesg/grk94.html,1994,Centre Back,AE Larisa,greece_1993_94_explicit_identity_gate,,Kostas Kolomitrousis,,,9497065.jpg,40,55,JPEG,RGB,pending_identity_profile
9496963,Kostas Konstantinidis,Kostas,Konstantinidis,,1962-04-07T00:00:00,47,Grecia,DEF,9347004,Aris Thessalonikis,greece_league_rosters_0.28,RSSSF Greece 1993/94 roster section; identity/position audit v0.28,https://www.rsssf.org/tablesg/grk94.html,1994,Left Back,Aris Thessalonikis,greece_1993_94_explicit_identity_gate,,Kostas Konstantinidis,,,9496963.jpg,40,55,JPEG,RGB,pending_identity_profile
9496984,Kostas Lagonidis,Kostas,Lagonidis,,1965-07-01T00:00:00,47,Grecia,MED,9347005,PAOK Thessalonikis,greece_league_rosters_0.28,RSSSF Greece 1993/94 roster section; identity/position audit v0.28,https://www.rsssf.org/tablesg/grk94.html,1994,Attacking Midfielder,PAOK Thessalonikis,greece_1993_94_explicit_identity_gate,,Kostas Lagonidis,,,9496984.jpg,40,55,JPEG,RGB,pending_identity_profile
9496979,Kostas Malioufas,Kostas,Malioufas,,1963-09-01T00:00:00,47,Grecia,DEF,9347005,PAOK Thessalonikis,greece_league_rosters_0.28,RSSSF Greece 1993/94 roster section; identity/position audit v0.28,https://www.rsssf.org/tablesg/grk94.html,1994,Left Back,PAOK Thessalonikis,greece_1993_94_explicit_identity_gate,,Kostas Malioufas,,,9496979.jpg,40,55,JPEG,RGB,pending_identity_profile
9496936,Kostas Mavridis,Kostas,Mavridis,,1962-07-07T00:00:00,47,Grecia,DEF,9347002,Panathinaikos,greece_league_rosters_0.28,RSSSF Greece 1993/94 roster section; identity/position audit v0.28,https://www.rsssf.org/tablesg/grk94.html,1994,Centre Back,Panathinaikos,greece_1993_94_explicit_identity_gate,,Kostas Mavridis,,,9496936.jpg,40,55,JPEG,RGB,pending_identity_profile
9497067,Kostas Mouratidis,Kostas,Mouratidis,,1964-03-01T00:00:00,47,Grecia,DEF,9347010,AE Larisa,greece_league_rosters_0.28,RSSSF Greece 1993/94 roster section; identity/position audit v0.28,https://www.rsssf.org/tablesg/grk94.html,1994,Left Back,AE Larisa,greece_1993_94_explicit_identity_gate,,Kostas Mouratidis,,,9497067.jpg,40,55,JPEG,RGB,pending_identity_profile
9497071,Kostas Nembegleras,Kostas,Nembegleras,,,47,Grecia,MED,9347010,AE Larisa,greece_league_rosters_0.28,RSSSF Greece 1993/94 roster section; identity/position audit v0.28,https://www.rsssf.org/tablesg/grk94.html,1994,Centre Midfielder,AE Larisa,greece_1993_94_explicit_identity_gate,,Kostas Nembegleras,,,9497071.jpg,40,55,JPEG,RGB,pending_identity_profile
9497122,Kostas Pozapalidis,Kostas,Pozapalidis,,1966-08-24T00:00:00,47,Grecia,DEF,9347013,Apollon Athinas,greece_league_rosters_0.28,RSSSF Greece 1993/94 roster section; identity/position audit v0.28,https://www.rsssf.org/tablesg/grk94.html,1994,Centre Back,Apollon Athinas,greece_1993_94_explicit_identity_gate,,Kostas Pozapalidis,,,9497122.jpg,40,55,JPEG,RGB,pending_identity_profile
9497105,Kostas Theodorakos,Kostas,Theodorakos,,1969-06-29T00:00:00,47,Grecia,DEF,9347012,Athinaikos,greece_league_rosters_0.28,RSSSF Greece 1993/94 roster section; identity/position audit v0.28,https://www.rsssf.org/tablesg/grk94.html,1994,Centre Back,Athinaikos,greece_1993_94_explicit_identity_gate,,Kostas Theodorakos,,,9497105.jpg,40,55,JPEG,RGB,pending_identity_profile
9497097,Kostas Tsanas,Kostas,Tsanas,,1967-08-22T00:00:00,47,Grecia,DEL,9347011,Levadiakos,greece_league_rosters_0.28,RSSSF Greece 1993/94 roster section; identity/position audit v0.28,https://www.rsssf.org/tablesg/grk94.html,1994,Left Winger,Levadiakos,greece_1993_94_explicit_identity_gate,,Kostas Tsanas,,,9497097.jpg,40,55,JPEG,RGB,pending_identity_profile
9497061,Kostas Tsavalias,Kostas,Tsavalias,,1964-01-10T00:00:00,47,Grecia,DEL,9347009,Panionios,greece_league_rosters_0.28,RSSSF Greece 1993/94 roster section; identity/position audit v0.28,https://www.rsssf.org/tablesg/grk94.html,1994,Left Winger,Panionios,greece_1993_94_explicit_identity_gate,,Kostas Tsavalias,,,9497061.jpg,40,55,JPEG,RGB,pending_identity_profile
9497194,Kostas Tsouloukidis,Kostas,Tsouloukidis,,1969-03-30T00:00:00,47,Grecia,DEF,9347017,Apollon Kalamarias,greece_league_rosters_0.28,RSSSF Greece 1993/94 roster section; identity/position audit v0.28,https://www.rsssf.org/tablesg/grk94.html,1994,Centre Back,Apollon Kalamarias,greece_1993_94_explicit_identity_gate,,Kostas Tsouloukidis,,,9497194.jpg,40,55,JPEG,RGB,pending_identity_profile
9497158,Kostas Vasilakakis,Kostas,Vasilakakis,,1957-03-27T00:00:00,47,Grecia,DEF,9347015,Doxa Dramas,greece_league_rosters_0.28,RSSSF Greece 1993/94 roster section; identity/position audit v0.28,https://www.rsssf.org/tablesg/grk94.html,1994,Centre Back,Doxa Dramas,greece_1993_94_explicit_identity_gate,,Kostas Vasilakakis,,,9497158.jpg,40,55,JPEG,RGB,pending_identity_profile
9497165,Kyriakos Alexandridis,Kyriakos,Alexandridis,,1961-05-08T00:00:00,47,Grecia,DEL,9347015,Doxa Dramas,greece_league_rosters_0.28,RSSSF Greece 1993/94 roster section; identity/position audit v0.28,https://www.rsssf.org/tablesg/grk94.html,1994,Centre Forward,Doxa Dramas,greece_1993_94_explicit_identity_gate,,Kyriakos Alexandridis,,,9497165.jpg,40,55,JPEG,RGB,pending_identity_profile
9494174,Kyriakos Karataidis,Kyriakos,Karataidis,,1965-07-04T00:00:00,47,Grecia,DEF,9347003,Olympiakos Pireas,,RSSSF Greece 1993/94 roster section; identity/position audit v0.28,https://www.rsssf.org/tablesg/grk94.html,1994,Left Back,Olympiakos Pireas,greece_1993_94_explicit_identity_gate,9494174,Kyriakos Karataidis,,,9494174.jpg,40,55,JPEG,RGB,pending_identity_profile
9497152,Kyriakos Tochouroglou,Kyriakos,Tochouroglou,,1972-08-13T00:00:00,47,Grecia,POR,9347015,Doxa Dramas,greece_league_rosters_0.28,RSSSF Greece 1993/94 roster section; identity/position audit v0.28,https://www.rsssf.org/tablesg/grk94.html,1994,Goalkeeper,Doxa Dramas,greece_1993_94_explicit_identity_gate,,Kyriakos Tochouroglou,,,9497152.jpg,40,55,JPEG,RGB,pending_identity_profile
9497120,Lachanas,,Lachanas,,,47,Grecia,DEF,9347013,Apollon Athinas,greece_league_rosters_0.28,RSSSF Greece 1993/94 roster section; identity/position audit v0.28,https://www.rsssf.org/tablesg/grk94.html,1994,Left Back,Apollon Athinas,greece_1993_94_explicit_identity_gate,,Lachanas,,,9497120.jpg,40,55,JPEG,RGB,pending_identity_profile
9497066,Lazaros Kyrillidis,Lazaros,Kyrillidis,,1963-04-09T00:00:00,47,Grecia,DEF,9347010,AE Larisa,greece_league_rosters_0.28,RSSSF Greece 1993/94 roster section; identity/position audit v0.28,https://www.rsssf.org/tablesg/grk94.html,1994,Right Back,AE Larisa,greece_1993_94_explicit_identity_gate,,Lazaros Kyrillidis,,,9497066.jpg,40,55,JPEG,RGB,pending_identity_profile
9497128,Lefteris Velentzas,Lefteris,Velentzas,,1969-10-11T00:00:00,47,Grecia,MED,9347013,Apollon Athinas,greece_league_rosters_0.28,RSSSF Greece 1993/94 roster section; identity/position audit v0.28,https://www.rsssf.org/tablesg/grk94.html,1994,Centre Midfielder,Apollon Athinas,greece_1993_94_explicit_identity_gate,,Lefteris Velentzas,,,9497128.jpg,40,55,JPEG,RGB,pending_identity_profile
9497012,Lyssandros Georgamlis,Lyssandros,Georgamlis,,1962-02-25T00:00:00,47,Grecia,DEF,9347007,OFI Irakliou,greece_league_rosters_0.28,RSSSF Greece 1993/94 roster section; identity/position audit v0.28,https://www.rsssf.org/tablesg/grk94.html,1994,Centre Back,OFI Irakliou,greece_1993_94_explicit_identity_gate,,Lyssandros Georgamlis,,,9497012.jpg,40,55,JPEG,RGB,pending_identity_profile
9497138,M. Kouroukerezis,M.,Kouroukerezis,,1965-01-26T00:00:00,47,Grecia,DEF,9347014,Edessaikos,greece_league_rosters_0.28,RSSSF Greece 1993/94 roster section; identity/position audit v0.28,https://www.rsssf.org/tablesg/grk94.html,1994,Left Back,Edessaikos,greece_1993_94_explicit_identity_gate,,M. Kouroukerezis,,,9497138.jpg,40,55,JPEG,RGB,pending_identity_profile
9496969,M. Mitsopoulos,M.,Mitsopoulos,,1969-04-02T00:00:00,47,Grecia,MED,9347004,Aris Thessalonikis,greece_league_rosters_0.28,RSSSF Greece 1993/94 roster section; identity/position audit v0.28,https://www.rsssf.org/tablesg/grk94.html,1994,Left Midfielder,Aris Thessalonikis,greece_1993_94_explicit_identity_gate,,M. Mitsopoulos,,,9496969.jpg,40,55,JPEG,RGB,pending_identity_profile
9497034,Macheridis,,Macheridis,,,47,Grecia,MED,9347008,Skoda Xanthi,greece_league_rosters_0.28,RSSSF Greece 1993/94 roster section; identity/position audit v0.28,https://www.rsssf.org/tablesg/grk94.html,1994,Defensive Midfielder,Skoda Xanthi,greece_1993_94_explicit_identity_gate,,Macheridis,,,9497034.jpg,40,55,JPEG,RGB,pending_identity_profile
9497036,Makis Tzantzos,Makis,Tzantzos,,1967-11-06T00:00:00,47,Grecia,MED,9347008,Skoda Xanthi,greece_league_rosters_0.28,RSSSF Greece 1993/94 roster section; identity/position audit v0.28,https://www.rsssf.org/tablesg/grk94.html,1994,Attacking Midfielder,Skoda Xanthi,greece_1993_94_explicit_identity_gate,,Makis Tzantzos,,,9497036.jpg,40,55,JPEG,RGB,pending_identity_profile
9496924,Manolis Papadopoulos,Manolis,Papadopoulos,,1968-04-22T00:00:00,47,Grecia,DEF,9347001,AEK Athinon,greece_league_rosters_0.28,RSSSF Greece 1993/94 roster section; identity/position audit v0.28,https://www.rsssf.org/tablesg/grk94.html,1994,Centre Back,AEK Athinon,greece_1993_94_explicit_identity_gate,,Manolis Papadopoulos,,,9496924.jpg,40,55,JPEG,RGB,pending_identity_profile
9497015,Manolis Patmetzis,Manolis,Patmetzis,,1964-04-22T00:00:00,47,Grecia,DEF,9347007,OFI Irakliou,greece_league_rosters_0.28,RSSSF Greece 1993/94 roster section; identity/position audit v0.28,https://www.rsssf.org/tablesg/grk94.html,1994,Left Back,OFI Irakliou,greece_1993_94_explicit_identity_gate,,Manolis Patmetzis,,,9497015.jpg,40,55,JPEG,RGB,pending_identity_profile
9496937,Marinos Ouzounidis,Marinos,Ouzounidis,,1968-10-10T00:00:00,47,Grecia,DEF,9347002,Panathinaikos,greece_league_rosters_0.28,RSSSF Greece 1993/94 roster section; identity/position audit v0.28,https://www.rsssf.org/tablesg/grk94.html,1994,Centre Back,Panathinaikos,greece_1993_94_explicit_identity_gate,,Marinos Ouzounidis,,,9496937.jpg,40,55,JPEG,RGB,pending_identity_profile
9497174,Mathaios Gontzias,Mathaios,Gontzias,,1970-06-14T00:00:00,47,Grecia,DEF,9347016,Panachaiki,greece_league_rosters_0.28,RSSSF Greece 1993/94 roster section; identity/position audit v0.28,https://www.rsssf.org/tablesg/grk94.html,1994,Left Back,Panachaiki,greece_1993_94_explicit_identity_gate,,Mathaios Gontzias,,,9497174.jpg,40,55,JPEG,RGB,pending_identity_profile
9497013,Mbambis Mystakidis,Mbambis,Mystakidis,,1964-03-01T00:00:00,47,Grecia,DEF,9347007,OFI Irakliou,greece_league_rosters_0.28,RSSSF Greece 1993/94 roster section; identity/position audit v0.28,https://www.rsssf.org/tablesg/grk94.html,1994,Centre Back,OFI Irakliou,greece_1993_94_explicit_identity_gate,,Mbambis Mystakidis,,,9497013.jpg,40,55,JPEG,RGB,pending_identity_profile
9497219,Michalis Alexiadis,Michalis,Alexiadis,,1966-06-04T00:00:00,47,Grecia,DEL,9347018,Naousa,greece_league_rosters_0.28,RSSSF Greece 1993/94 roster section; identity/position audit v0.28,https://www.rsssf.org/tablesg/grk94.html,1994,Centre Forward,Naousa,greece_1993_94_explicit_identity_gate,,Michalis Alexiadis,,,9497219.jpg,40,55,JPEG,RGB,pending_identity_profile
9497106,Michalis Alvertis,Michalis,Alvertis,,1972-04-05T00:00:00,47,Grecia,MED,9347012,Athinaikos,greece_league_rosters_0.28,RSSSF Greece 1993/94 roster section; identity/position audit v0.28,https://www.rsssf.org/tablesg/grk94.html,1994,Defensive Midfielder,Athinaikos,greece_1993_94_explicit_identity_gate,,Michalis Alvertis,,,9497106.jpg,40,55,JPEG,RGB,pending_identity_profile
9497167,Michalis Iordanidis,Michalis,Iordanidis,,1962-01-01T00:00:00,47,Grecia,DEL,9347015,Doxa Dramas,greece_league_rosters_0.28,RSSSF Greece 1993/94 roster section; identity/position audit v0.28,https://www.rsssf.org/tablesg/grk94.html,1994,Right Winger,Doxa Dramas,greece_1993_94_explicit_identity_gate,,Michalis Iordanidis,,,9497167.jpg,40,55,JPEG,RGB,pending_identity_profile
9496926,Michalis Kasapis,Michalis,Kasapis,,1971-06-06T00:00:00,47,Grecia,DEF,9347001,AEK Athinon,greece_league_rosters_0.28,RSSSF Greece 1993/94 roster section; identity/position audit v0.28,https://www.rsssf.org/tablesg/grk94.html,1994,Left Back,AEK Athinon,greece_1993_94_explicit_identity_gate,,Michalis Kasapis,,,9496926.jpg,40,55,JPEG,RGB,pending_identity_profile
9497093,Michalis Mbletsas,Michalis,Mbletsas,,1965-11-24T00:00:00,47,Grecia,MED,9347011,Levadiakos,greece_league_rosters_0.28,RSSSF Greece 1993/94 roster section; identity/position audit v0.28,https://www.rsssf.org/tablesg/grk94.html,1994,Centre Midfielder,Levadiakos,greece_1993_94_explicit_identity_gate,,Michalis Mbletsas,,,9497093.jpg,40,55,JPEG,RGB,pending_identity_profile
9497203,Michalis Samaras,Michalis,Samaras,,1965-09-09T00:00:00,47,Grecia,DEL,9347017,Apollon Kalamarias,greece_league_rosters_0.28,RSSSF Greece 1993/94 roster section; identity/position audit v0.28,https://www.rsssf.org/tablesg/grk94.html,1994,Right Winger,Apollon Kalamarias,greece_1993_94_explicit_identity_gate,,Michalis Samaras,,,9497203.jpg,40,55,JPEG,RGB,pending_identity_profile
9496925,Michalis Vlachos,Michalis,Vlachos,,1967-09-20T00:00:00,47,Grecia,DEF,9347001,AEK Athinon,greece_league_rosters_0.28,RSSSF Greece 1993/94 roster section; identity/position audit v0.28,https://www.rsssf.org/tablesg/grk94.html,1994,Centre Back,AEK Athinon,greece_1993_94_explicit_identity_gate,,Michalis Vlachos,,,9496925.jpg,40,55,JPEG,RGB,pending_identity_profile
9494173,Minas Hantzidis,Minas,Hantzidis,,1966-07-04T00:00:00,47,Grecia,MED,9347003,Olympiakos Pireas,,RSSSF Greece 1993/94 roster section; identity/position audit v0.28,https://www.rsssf.org/tablesg/grk94.html,1994,Left Midfielder,Olympiakos Pireas,greece_1993_94_explicit_identity_gate,9494173,Minas Hantzidis,,,9494173.jpg,40,55,JPEG,RGB,pending_identity_profile
9497135,Nikos Charalambous,Nikos,Charalambous,,1961-10-28T00:00:00,47,Grecia,DEF,9347014,Edessaikos,greece_league_rosters_0.28,RSSSF Greece 1993/94 roster section; identity/position audit v0.28,https://www.rsssf.org/tablesg/grk94.html,1994,Centre Back,Edessaikos,greece_1993_94_explicit_identity_gate,,Nikos Charalambous,,,9497135.jpg,40,55,JPEG,RGB,pending_identity_profile
9497082,Nikos Gkoulis,Nikos,Gkoulis,,1959-02-18T00:00:00,47,Grecia,DEF,9347011,Levadiakos,greece_league_rosters_0.28,RSSSF Greece 1993/94 roster section; identity/position audit v0.28,https://www.rsssf.org/tablesg/grk94.html,1994,Centre Back,Levadiakos,greece_1993_94_explicit_identity_gate,,Nikos Gkoulis,,,9497082.jpg,40,55,JPEG,RGB,pending_identity_profile
9497029,Nikos Karageorgiou,Nikos,Karageorgiou,,1962-12-08T00:00:00,47,Grecia,DEF,9347008,Skoda Xanthi,greece_league_rosters_0.28,RSSSF Greece 1993/94 roster section; identity/position audit v0.28,https://www.rsssf.org/tablesg/grk94.html,1994,Centre Back,Skoda Xanthi,greece_1993_94_explicit_identity_gate,,Nikos Karageorgiou,,,9497029.jpg,40,55,JPEG,RGB,pending_identity_profile
9497108,Nikos Kardianos,Nikos,Kardianos,,1972-05-08T00:00:00,47,Grecia,MED,9347012,Athinaikos,greece_league_rosters_0.28,RSSSF Greece 1993/94 roster section; identity/position audit v0.28,https://www.rsssf.org/tablesg/grk94.html,1994,Attacking Midfielder,Athinaikos,greece_1993_94_explicit_identity_gate,,Nikos Kardianos,,,9497108.jpg,40,55,JPEG,RGB,pending_identity_profile
9497058,Nikos Katsiaros,Nikos,Katsiaros,,1974-11-30T00:00:00,47,Grecia,DEL,9347009,Panionios,greece_league_rosters_0.28,RSSSF Greece 1993/94 roster section; identity/position audit v0.28,https://www.rsssf.org/tablesg/grk94.html,1994,Centre Forward,Panionios,greece_1993_94_explicit_identity_gate,,Nikos Katsiaros,,,9497058.jpg,40,55,JPEG,RGB,pending_identity_profile
9497030,Nikos Kechajias,Nikos,Kechajias,,1969-10-22T00:00:00,47,Grecia,DEF,9347008,Skoda Xanthi,greece_league_rosters_0.28,RSSSF Greece 1993/94 roster section; identity/position audit v0.28,https://www.rsssf.org/tablesg/grk94.html,1994,Right Back,Skoda Xanthi,greece_1993_94_explicit_identity_gate,,Nikos Kechajias,,,9497030.jpg,40,55,JPEG,RGB,pending_identity_profile
9497099,Nikos Kefalas,Nikos,Kefalas,,1968-08-28T00:00:00,47,Grecia,POR,9347012,Athinaikos,greece_league_rosters_0.28,RSSSF Greece 1993/94 roster section; identity/position audit v0.28,https://www.rsssf.org/tablesg/grk94.html,1994,Goalkeeper,Athinaikos,greece_1993_94_explicit_identity_gate,,Nikos Kefalas,,,9497099.jpg,40,55,JPEG,RGB,pending_identity_profile
9497031,Nikos Kostenoglou,Nikos,Kostenoglou,,1970-10-03T00:00:00,47,Grecia,DEF,9347008,Skoda Xanthi,greece_league_rosters_0.28,RSSSF Greece 1993/94 roster section; identity/position audit v0.28,https://www.rsssf.org/tablesg/grk94.html,1994,Left Back,Skoda Xanthi,greece_1993_94_explicit_identity_gate,,Nikos Kostenoglou,,,9497031.jpg,40,55,JPEG,RGB,pending_identity_profile
9497048,Nikos Kourbanas,Nikos,Kourbanas,,1962-03-22T00:00:00,47,Grecia,DEF,9347009,Panionios,greece_league_rosters_0.28,RSSSF Greece 1993/94 roster section; identity/position audit v0.28,https://www.rsssf.org/tablesg/grk94.html,1994,Right Back,Panionios,greece_1993_94_explicit_identity_gate,,Nikos Kourbanas,,,9497048.jpg,40,55,JPEG,RGB,pending_identity_profile
9497221,Nikos Kyzeridis,Nikos,Kyzeridis,,1971-04-20T00:00:00,47,Grecia,DEL,9347018,Naousa,greece_league_rosters_0.28,RSSSF Greece 1993/94 roster section; identity/position audit v0.28,https://www.rsssf.org/tablesg/grk94.html,1994,Right Winger,Naousa,greece_1993_94_explicit_identity_gate,,Nikos Kyzeridis,,,9497221.jpg,40,55,JPEG,RGB,pending_identity_profile
9494165,Nikos Machlas,Nikos,Machlas,,1973-06-16T00:00:00,47,Grecia,DEL,9347007,OFI Irakliou,,RSSSF Greece 1993/94 roster section; identity/position audit v0.28,https://www.rsssf.org/tablesg/grk94.html,1994,Centre Forward,OFI Irakliou,greece_1993_94_explicit_identity_gate,9494165,Nikos Machlas,,,9494165.jpg,40,55,JPEG,RGB,pending_identity_profile
9497087,Nikos Markou,Nikos,Markou,,1970-08-11T00:00:00,47,Grecia,DEF,9347011,Levadiakos,greece_league_rosters_0.28,RSSSF Greece 1993/94 roster section; identity/position audit v0.28,https://www.rsssf.org/tablesg/grk94.html,1994,Centre Back,Levadiakos,greece_1993_94_explicit_identity_gate,,Nikos Markou,,,9497087.jpg,40,55,JPEG,RGB,pending_identity_profile
9497110,Nikos Mavrommatis,Nikos,Mavrommatis,,1969-07-18T00:00:00,47,Grecia,MED,9347012,Athinaikos,greece_league_rosters_0.28,RSSSF Greece 1993/94 roster section; identity/position audit v0.28,https://www.rsssf.org/tablesg/grk94.html,1994,Left Midfielder,Athinaikos,greece_1993_94_explicit_identity_gate,,Nikos Mavrommatis,,,9497110.jpg,40,55,JPEG,RGB,pending_identity_profile
9496975,Nikos Michopoulos,Nikos,Michopoulos,,1970-02-20T00:00:00,47,Grecia,POR,9347005,PAOK Thessalonikis,greece_league_rosters_0.28,RSSSF Greece 1993/94 roster section; identity/position audit v0.28,https://www.rsssf.org/tablesg/grk94.html,1994,Goalkeeper,PAOK Thessalonikis,greece_1993_94_explicit_identity_gate,,Nikos Michopoulos,,,9496975.jpg,40,55,JPEG,RGB,pending_identity_profile
9497060,Nikos Mirtsekis,Nikos,Mirtsekis,,1968-04-04T00:00:00,47,Grecia,DEL,9347009,Panionios,greece_league_rosters_0.28,RSSSF Greece 1993/94 roster section; identity/position audit v0.28,https://www.rsssf.org/tablesg/grk94.html,1994,Right Winger,Panionios,greece_1993_94_explicit_identity_gate,,Nikos Mirtsekis,,,9497060.jpg,40,55,JPEG,RGB,pending_identity_profile
9496997,Nikos Nentidis,Nikos,Nentidis,,1966-06-07T00:00:00,47,Grecia,DEF,9347006,Iraklis Thessalonikis,greece_league_rosters_0.28,RSSSF Greece 1993/94 roster section; identity/position audit v0.28,https://www.rsssf.org/tablesg/grk94.html,1994,Left Back,Iraklis Thessalonikis,greece_1993_94_explicit_identity_gate,,Nikos Nentidis,,,9496997.jpg,40,55,JPEG,RGB,pending_identity_profile
9494164,Nikos Nioplias,Nikos,Nioplias,,1965-01-17T00:00:00,47,Grecia,MED,9347002,Panathinaikos,,RSSSF Greece 1993/94 roster section; identity/position audit v0.28,https://www.rsssf.org/tablesg/grk94.html,1994,Centre Midfielder,Panathinaikos,greece_1993_94_explicit_identity_gate,9494164,Nikos Nioplias,,,9494164.jpg,40,55,JPEG,RGB,pending_identity_profile
9496980,Nikos Panagiotidis,Nikos,Panagiotidis,,1970-12-02T00:00:00,47,Grecia,DEF,9347005,PAOK Thessalonikis,greece_league_rosters_0.28,RSSSF Greece 1993/94 roster section; identity/position audit v0.28,https://www.rsssf.org/tablesg/grk94.html,1994,Centre Back,PAOK Thessalonikis,greece_1993_94_explicit_identity_gate,,Nikos Panagiotidis,,,9496980.jpg,40,55,JPEG,RGB,pending_identity_profile
9497014,Nikos Papadopoulos,Nikos,Papadopoulos,,1971-10-05T00:00:00,47,Grecia,DEF,9347007,OFI Irakliou,greece_league_rosters_0.28,RSSSF Greece 1993/94 roster section; identity/position audit v0.28,https://www.rsssf.org/tablesg/grk94.html,1994,Right Back,OFI Irakliou,greece_1993_94_explicit_identity_gate,,Nikos Papadopoulos,,,9497014.jpg,40,55,JPEG,RGB,pending_identity_profile
9497195,Nikos Patinios,Nikos,Patinios,,1968-03-23T00:00:00,47,Grecia,MED,9347017,Apollon Kalamarias,greece_league_rosters_0.28,RSSSF Greece 1993/94 roster section; identity/position audit v0.28,https://www.rsssf.org/tablesg/grk94.html,1994,Defensive Midfielder,Apollon Kalamarias,greece_1993_94_explicit_identity_gate,,Nikos Patinios,,,9497195.jpg,40,55,JPEG,RGB,pending_identity_profile
9497008,Nikos Sakellaridis,Nikos,Sakellaridis,,1970-09-30T00:00:00,47,Grecia,DEL,9347006,Iraklis Thessalonikis,greece_league_rosters_0.28,RSSSF Greece 1993/94 roster section; identity/position audit v0.28,https://www.rsssf.org/tablesg/grk94.html,1994,Right Winger,Iraklis Thessalonikis,greece_1993_94_explicit_identity_gate,,Nikos Sakellaridis,,,9497008.jpg,40,55,JPEG,RGB,pending_identity_profile
9497196,Nikos Samoladas,Nikos,Samoladas,,1970-01-24T00:00:00,47,Grecia,MED,9347017,Apollon Kalamarias,greece_league_rosters_0.28,RSSSF Greece 1993/94 roster section; identity/position audit v0.28,https://www.rsssf.org/tablesg/grk94.html,1994,Centre Midfielder,Apollon Kalamarias,greece_1993_94_explicit_identity_gate,,Nikos Samoladas,,,9497196.jpg,40,55,JPEG,RGB,pending_identity_profile
9497205,Nikos Sfyntilas,Nikos,Sfyntilas,,1962-02-27T00:00:00,47,Grecia,POR,9347018,Naousa,greece_league_rosters_0.28,RSSSF Greece 1993/94 roster section; identity/position audit v0.28,https://www.rsssf.org/tablesg/grk94.html,1994,Goalkeeper,Naousa,greece_1993_94_explicit_identity_gate,,Nikos Sfyntilas,,,9497205.jpg,40,55,JPEG,RGB,pending_identity_profile
9494167,Nikos Tsiantakis,Nikos,Tsiantakis,,1963-10-20T00:00:00,47,Grecia,MED,9347003,Olympiakos Pireas,,RSSSF Greece 1993/94 roster section; identity/position audit v0.28,https://www.rsssf.org/tablesg/grk94.html,1994,Left Midfielder,Olympiakos Pireas,greece_1993_94_explicit_identity_gate,9494167,Nikos Tsiantakis,,,9494167.jpg,40,55,JPEG,RGB,pending_identity_profile
9497131,Ntemis Nikolaidis,Ntemis,Nikolaidis,,1973-04-19T00:00:00,47,Grecia,DEL,9347013,Apollon Athinas,greece_league_rosters_0.28,RSSSF Greece 1993/94 roster section; identity/position audit v0.28,https://www.rsssf.org/tablesg/grk94.html,1994,Right Winger,Apollon Athinas,greece_1993_94_explicit_identity_gate,,Ntemis Nikolaidis,,,9497131.jpg,40,55,JPEG,RGB,pending_identity_profile
9497215,Panagiotis Katsouris,Panagiotis,Katsouris,,1976-05-10T00:00:00,47,Grecia,MED,9347018,Naousa,greece_league_rosters_0.28,RSSSF Greece 1993/94 roster section; identity/position audit v0.28,https://www.rsssf.org/tablesg/grk94.html,1994,Attacking Midfielder,Naousa,greece_1993_94_explicit_identity_gate,,Panagiotis Katsouris,,,9497215.jpg,40,55,JPEG,RGB,pending_identity_profile
9497151,Panagiotis Logaras,Panagiotis,Logaras,,1970-03-29T00:00:00,47,Grecia,POR,9347015,Doxa Dramas,greece_league_rosters_0.28,RSSSF Greece 1993/94 roster section; identity/position audit v0.28,https://www.rsssf.org/tablesg/grk94.html,1994,Goalkeeper,Doxa Dramas,greece_1993_94_explicit_identity_gate,,Panagiotis Logaras,,,9497151.jpg,40,55,JPEG,RGB,pending_identity_profile
9497170,Panagiotis Masouras,Panagiotis,Masouras,,1965-10-22T00:00:00,47,Grecia,POR,9347016,Panachaiki,greece_league_rosters_0.28,RSSSF Greece 1993/94 roster section; identity/position audit v0.28,https://www.rsssf.org/tablesg/grk94.html,1994,Goalkeeper,Panachaiki,greece_1993_94_explicit_identity_gate,,Panagiotis Masouras,,,9497170.jpg,40,55,JPEG,RGB,pending_identity_profile
9497103,Panagiotis Papadopoulos,Panagiotis,Papadopoulos,,1973-04-25T00:00:00,47,Grecia,DEF,9347012,Athinaikos,greece_league_rosters_0.28,RSSSF Greece 1993/94 roster section; identity/position audit v0.28,https://www.rsssf.org/tablesg/grk94.html,1994,Left Back,Athinaikos,greece_1993_94_explicit_identity_gate,,Panagiotis Papadopoulos,,,9497103.jpg,40,55,JPEG,RGB,pending_identity_profile
9494162,Panagiotis Tsalouchidis,Panagiotis,Tsalouchidis,,1963-03-30T00:00:00,47,Grecia,MED,9347003,Olympiakos Pireas,,RSSSF Greece 1993/94 roster section; identity/position audit v0.28,https://www.rsssf.org/tablesg/grk94.html,1994,Centre Midfielder,Olympiakos Pireas,greece_1993_94_explicit_identity_gate,9494162,Panagiotis Tsalouchidis,,,9494162.jpg,40,55,JPEG,RGB,pending_identity_profile
9497188,Panagiotis Tsiapos,Panagiotis,Tsiapos,,1963-08-30T00:00:00,47,Grecia,POR,9347017,Apollon Kalamarias,greece_league_rosters_0.28,RSSSF Greece 1993/94 roster section; identity/position audit v0.28,https://www.rsssf.org/tablesg/grk94.html,1994,Goalkeeper,Apollon Kalamarias,greece_1993_94_explicit_identity_gate,,Panagiotis Tsiapos,,,9497188.jpg,40,55,JPEG,RGB,pending_identity_profile
9496977,Pavlos Dermitzakis,Pavlos,Dermitzakis,,1969-06-29T00:00:00,47,Grecia,DEF,9347005,PAOK Thessalonikis,greece_league_rosters_0.28,RSSSF Greece 1993/94 roster section; identity/position audit v0.28,https://www.rsssf.org/tablesg/grk94.html,1994,Centre Back,PAOK Thessalonikis,greece_1993_94_explicit_identity_gate,,Pavlos Dermitzakis,,,9496977.jpg,40,55,JPEG,RGB,pending_identity_profile
9497186,Periklis Stathopoulos,Periklis,Stathopoulos,,1973-08-30T00:00:00,47,Grecia,DEL,9347016,Panachaiki,greece_league_rosters_0.28,RSSSF Greece 1993/94 roster section; identity/position audit v0.28,https://www.rsssf.org/tablesg/grk94.html,1994,Left Winger,Panachaiki,greece_1993_94_explicit_identity_gate,,Periklis Stathopoulos,,,9497186.jpg,40,55,JPEG,RGB,pending_identity_profile
9497021,Petros Marinakis,Petros,Marinakis,,1968-12-16T00:00:00,47,Grecia,MED,9347007,OFI Irakliou,greece_league_rosters_0.28,RSSSF Greece 1993/94 roster section; identity/position audit v0.28,https://www.rsssf.org/tablesg/grk94.html,1994,Right Midfielder,OFI Irakliou,greece_1993_94_explicit_identity_gate,,Petros Marinakis,,,9497021.jpg,40,55,JPEG,RGB,pending_identity_profile
9497140,Petros Pasalis,Petros,Pasalis,,1974-04-10T00:00:00,47,Grecia,DEF,9347014,Edessaikos,greece_league_rosters_0.28,RSSSF Greece 1993/94 roster section; identity/position audit v0.28,https://www.rsssf.org/tablesg/grk94.html,1994,Centre Back,Edessaikos,greece_1993_94_explicit_identity_gate,,Petros Pasalis,,,9497140.jpg,40,55,JPEG,RGB,pending_identity_profile
9496992,Polychronis Kalligas,Polychronis,Kalligas,,1970-10-26T00:00:00,47,Grecia,POR,9347006,Iraklis Thessalonikis,greece_league_rosters_0.28,RSSSF Greece 1993/94 roster section; identity/position audit v0.28,https://www.rsssf.org/tablesg/grk94.html,1994,Goalkeeper,Iraklis Thessalonikis,greece_1993_94_explicit_identity_gate,,Polychronis Kalligas,,,9496992.jpg,40,55,JPEG,RGB,pending_identity_profile
9497130,Sakis Moustakidis,Sakis,Moustakidis,,1968-08-24T00:00:00,47,Grecia,DEL,9347013,Apollon Athinas,greece_league_rosters_0.28,RSSSF Greece 1993/94 roster section; identity/position audit v0.28,https://www.rsssf.org/tablesg/grk94.html,1994,Centre Forward,Apollon Athinas,greece_1993_94_explicit_identity_gate,,Sakis Moustakidis,,,9497130.jpg,40,55,JPEG,RGB,pending_identity_profile
9497209,Savvas Iakovidis,Savvas,Iakovidis,,1966-08-12T00:00:00,47,Grecia,DEF,9347018,Naousa,greece_league_rosters_0.28,RSSSF Greece 1993/94 roster section; identity/position audit v0.28,https://www.rsssf.org/tablesg/grk94.html,1994,Right Back,Naousa,greece_1993_94_explicit_identity_gate,,Savvas Iakovidis,,,9497209.jpg,40,55,JPEG,RGB,pending_identity_profile
9494175,Savvas Kofidis,Savvas,Kofidis,,1961-02-05,47,Grecia,MED,9347004,Aris Thessalonikis,,RSSSF Greece 1993/94 roster section; identity/position audit v0.28,https://www.rsssf.org/tablesg/grk94.html,1994,Defensive Midfielder,Aris Thessalonikis,greece_1993_94_explicit_identity_gate,9494175,Savvas Kofidis,,,9494175.jpg,40,55,JPEG,RGB,pending_identity_profile
9497180,Spilios Jiovas,Spilios,Jiovas,,1970-10-10T00:00:00,47,Grecia,MED,9347016,Panachaiki,greece_league_rosters_0.28,RSSSF Greece 1993/94 roster section; identity/position audit v0.28,https://www.rsssf.org/tablesg/grk94.html,1994,Right Midfielder,Panachaiki,greece_1993_94_explicit_identity_gate,,Spilios Jiovas,,,9497180.jpg,40,55,JPEG,RGB,pending_identity_profile
9494168,Spiros Marangos,Spiros,Marangos,,1967-02-20T00:00:00,47,Grecia,MED,9347002,Panathinaikos,,RSSSF Greece 1993/94 roster section; identity/position audit v0.28,https://www.rsssf.org/tablesg/grk94.html,1994,Centre Midfielder,Panathinaikos,greece_1993_94_explicit_identity_gate,9494168,Spiros Marangos,,,9494168.jpg,40,55,JPEG,RGB,pending_identity_profile
9497083,Spyros Gkoulis,Spyros,Gkoulis,,1964-05-17T00:00:00,47,Grecia,DEF,9347011,Levadiakos,greece_league_rosters_0.28,RSSSF Greece 1993/94 roster section; identity/position audit v0.28,https://www.rsssf.org/tablesg/grk94.html,1994,Centre Back,Levadiakos,greece_1993_94_explicit_identity_gate,,Spyros Gkoulis,,,9497083.jpg,40,55,JPEG,RGB,pending_identity_profile
9497191,Spyros Mbaxevanos,Spyros,Mbaxevanos,,1971-01-17T00:00:00,47,Grecia,DEF,9347017,Apollon Kalamarias,greece_league_rosters_0.28,RSSSF Greece 1993/94 roster section; identity/position audit v0.28,https://www.rsssf.org/tablesg/grk94.html,1994,Right Back,Apollon Kalamarias,greece_1993_94_explicit_identity_gate,,Spyros Mbaxevanos,,,9497191.jpg,40,55,JPEG,RGB,pending_identity_profile
9497161,Spyros Mposkopsiou,Spyros,Mposkopsiou,,1969-11-16T00:00:00,47,Grecia,MED,9347015,Doxa Dramas,greece_league_rosters_0.28,RSSSF Greece 1993/94 roster section; identity/position audit v0.28,https://www.rsssf.org/tablesg/grk94.html,1994,Attacking Midfielder,Doxa Dramas,greece_1993_94_explicit_identity_gate,,Spyros Mposkopsiou,,,9497161.jpg,40,55,JPEG,RGB,pending_identity_profile
9497210,Spyros Nousias,Spyros,Nousias,,1973-01-11T00:00:00,47,Grecia,DEF,9347018,Naousa,greece_league_rosters_0.28,RSSSF Greece 1993/94 roster section; identity/position audit v0.28,https://www.rsssf.org/tablesg/grk94.html,1994,Left Back,Naousa,greece_1993_94_explicit_identity_gate,,Spyros Nousias,,,9497210.jpg,40,55,JPEG,RGB,pending_identity_profile
9496971,Stavros Imbriakos,Stavros,Imbriakos,,1975-11-30T00:00:00,47,Grecia,DEL,9347004,Aris Thessalonikis,greece_league_rosters_0.28,RSSSF Greece 1993/94 roster section; identity/position audit v0.28,https://www.rsssf.org/tablesg/grk94.html,1994,Centre Forward,Aris Thessalonikis,greece_1993_94_explicit_identity_gate,,Stavros Imbriakos,,,9496971.jpg,40,55,JPEG,RGB,pending_identity_profile
9497056,Stavros Refenes,Stavros,Refenes,,1970-02-19T00:00:00,47,Grecia,MED,9347009,Panionios,greece_league_rosters_0.28,RSSSF Greece 1993/94 roster section; identity/position audit v0.28,https://www.rsssf.org/tablesg/grk94.html,1994,Left Midfielder,Panionios,greece_1993_94_explicit_identity_gate,,Stavros Refenes,,,9497056.jpg,40,55,JPEG,RGB,pending_identity_profile
9496987,Stefanos Bormbokis,Stefanos,Bormbokis,,1966-09-01T00:00:00,47,Grecia,DEL,9347005,PAOK Thessalonikis,greece_league_rosters_0.28,RSSSF Greece 1993/94 roster section; identity/position audit v0.28,https://www.rsssf.org/tablesg/grk94.html,1994,Centre Forward,PAOK Thessalonikis,greece_1993_94_explicit_identity_gate,,Stefanos Bormbokis,,,9496987.jpg,40,55,JPEG,RGB,pending_identity_profile
9497017,Stefanos Vavoulas,Stefanos,Vavoulas,,1965-01-04T00:00:00,47,Grecia,DEF,9347007,OFI Irakliou,greece_league_rosters_0.28,RSSSF Greece 1993/94 roster section; identity/position audit v0.28,https://www.rsssf.org/tablesg/grk94.html,1994,Centre Back,OFI Irakliou,greece_1993_94_explicit_identity_gate,,Stefanos Vavoulas,,,9497017.jpg,40,55,JPEG,RGB,pending_identity_profile
9494160,Stelios Manolas,Stelios,Manolas,,1961-07-13T00:00:00,47,Grecia,DEF,9347001,AEK Athinon,,RSSSF Greece 1993/94 roster section; identity/position audit v0.28,https://www.rsssf.org/tablesg/grk94.html,1994,Centre Back,AEK Athinon,greece_1993_94_explicit_identity_gate,9494160,Stelios Manolas,,,9494160.jpg,40,55,JPEG,RGB,pending_identity_profile
9497001,Stergios Noulis,Stergios,Noulis,,1975-07-19T00:00:00,47,Grecia,MED,9347006,Iraklis Thessalonikis,greece_league_rosters_0.28,RSSSF Greece 1993/94 roster section; identity/position audit v0.28,https://www.rsssf.org/tablesg/grk94.html,1994,Centre Midfielder,Iraklis Thessalonikis,greece_1993_94_explicit_identity_gate,,Stergios Noulis,,,9497001.jpg,40,55,JPEG,RGB,pending_identity_profile
9494158,Stratos Apostolakis,Stratos,Apostolakis,,1964-05-11T00:00:00,47,Grecia,DEF,9347002,Panathinaikos,,RSSSF Greece 1993/94 roster section; identity/position audit v0.28,https://www.rsssf.org/tablesg/grk94.html,1994,Right Back,Panathinaikos,greece_1993_94_explicit_identity_gate,9494158,Stratos Apostolakis,,,9494158.jpg,40,55,JPEG,RGB,pending_identity_profile
9497046,Takis Fyssas,Takis,Fyssas,,1973-01-18T00:00:00,47,Grecia,DEF,9347009,Panionios,greece_league_rosters_0.28,RSSSF Greece 1993/94 roster section; identity/position audit v0.28,https://www.rsssf.org/tablesg/grk94.html,1994,Centre Back,Panionios,greece_1993_94_explicit_identity_gate,,Takis Fyssas,,,9497046.jpg,40,55,JPEG,RGB,pending_identity_profile
9497118,Takis Karagiozopoulos,Takis,Karagiozopoulos,,1961-02-04T00:00:00,47,Grecia,DEF,9347013,Apollon Athinas,greece_league_rosters_0.28,RSSSF Greece 1993/94 roster section; identity/position audit v0.28,https://www.rsssf.org/tablesg/grk94.html,1994,Centre Back,Apollon Athinas,greece_1993_94_explicit_identity_gate,,Takis Karagiozopoulos,,,9497118.jpg,40,55,JPEG,RGB,pending_identity_profile
9497100,Tasos Chatziaggelis,Tasos,Chatziaggelis,,1959-03-03T00:00:00,47,Grecia,DEF,9347012,Athinaikos,greece_league_rosters_0.28,RSSSF Greece 1993/94 roster section; identity/position audit v0.28,https://www.rsssf.org/tablesg/grk94.html,1994,Centre Back,Athinaikos,greece_1993_94_explicit_identity_gate,,Tasos Chatziaggelis,,,9497100.jpg,40,55,JPEG,RGB,pending_identity_profile
9494166,Tasos Mitropoulos,Tasos,Mitropoulos,,1957-08-23,47,Grecia,MED,9347001,AEK Athinon,,RSSSF Greece 1993/94 roster section; identity/position audit v0.28,https://www.rsssf.org/tablesg/grk94.html,1994,Centre Midfielder,AEK Athinon,greece_1993_94_explicit_identity_gate,9494166,Tasos Mitropoulos,42541,https://www.bdfutbol.com/en/j/j42541.html,9494166.jpg,40,55,JPEG,RGB,ready_for_download
9496974,Thanasis Jiannakidis,Thanasis,Jiannakidis,,1975-05-29T00:00:00,47,Grecia,DEL,9347004,Aris Thessalonikis,greece_league_rosters_0.28,RSSSF Greece 1993/94 roster section; identity/position audit v0.28,https://www.rsssf.org/tablesg/grk94.html,1994,Left Winger,Aris Thessalonikis,greece_1993_94_explicit_identity_gate,,Thanasis Jiannakidis,,,9496974.jpg,40,55,JPEG,RGB,pending_identity_profile
9497089,Thanasis Kalogrias,Thanasis,Kalogrias,,1974-03-30T00:00:00,47,Grecia,MED,9347011,Levadiakos,greece_league_rosters_0.28,RSSSF Greece 1993/94 roster section; identity/position audit v0.28,https://www.rsssf.org/tablesg/grk94.html,1994,Centre Midfielder,Levadiakos,greece_1993_94_explicit_identity_gate,,Thanasis Kalogrias,,,9497089.jpg,40,55,JPEG,RGB,pending_identity_profile
9494159,Thanasis Kolitsidakis,Thanasis,Kolitsidakis,,1966-11-21,47,Grecia,DEF,9347002,Panathinaikos,,RSSSF Greece 1993/94 roster section; identity/position audit v0.28,https://www.rsssf.org/tablesg/grk94.html,1994,Centre Back,Panathinaikos,greece_1993_94_explicit_identity_gate,9494159,Thanasis Kolitsidakis,,,9494159.jpg,40,55,JPEG,RGB,pending_identity_profile
9497160,Thanasis Kosmidis,Thanasis,Kosmidis,,1973-05-06T00:00:00,47,Grecia,MED,9347015,Doxa Dramas,greece_league_rosters_0.28,RSSSF Greece 1993/94 roster section; identity/position audit v0.28,https://www.rsssf.org/tablesg/grk94.html,1994,Centre Midfielder,Doxa Dramas,greece_1993_94_explicit_identity_gate,,Thanasis Kosmidis,,,9497160.jpg,40,55,JPEG,RGB,pending_identity_profile
9497096,Thanasis Mbasbanas,Thanasis,Mbasbanas,,1965-04-16T00:00:00,47,Grecia,DEL,9347011,Levadiakos,greece_league_rosters_0.28,RSSSF Greece 1993/94 roster section; identity/position audit v0.28,https://www.rsssf.org/tablesg/grk94.html,1994,Right Winger,Levadiakos,greece_1993_94_explicit_identity_gate,,Thanasis Mbasbanas,,,9497096.jpg,40,55,JPEG,RGB,pending_identity_profile
9497068,Thanasis Ntelopoulos,Thanasis,Ntelopoulos,,1969-02-20T00:00:00,47,Grecia,DEF,9347010,AE Larisa,greece_league_rosters_0.28,RSSSF Greece 1993/94 roster section; identity/position audit v0.28,https://www.rsssf.org/tablesg/grk94.html,1994,Centre Back,AE Larisa,greece_1993_94_explicit_identity_gate,,Thanasis Ntelopoulos,,,9497068.jpg,40,55,JPEG,RGB,pending_identity_profile
9497144,Thanasis Tentzos,Thanasis,Tentzos,,1970-03-18T00:00:00,47,Grecia,MED,9347014,Edessaikos,greece_league_rosters_0.28,RSSSF Greece 1993/94 roster section; identity/position audit v0.28,https://www.rsssf.org/tablesg/grk94.html,1994,Right Midfielder,Edessaikos,greece_1993_94_explicit_identity_gate,,Thanasis Tentzos,,,9497144.jpg,40,55,JPEG,RGB,pending_identity_profile
9497057,Themistoklis Tzanetis,Themistoklis,Tzanetis,,1969-01-10T00:00:00,47,Grecia,MED,9347009,Panionios,greece_league_rosters_0.28,RSSSF Greece 1993/94 roster section; identity/position audit v0.28,https://www.rsssf.org/tablesg/grk94.html,1994,Centre Midfielder,Panionios,greece_1993_94_explicit_identity_gate,,Themistoklis Tzanetis,,,9497057.jpg,40,55,JPEG,RGB,pending_identity_profile
9497129,Theodoros Alexis,Theodoros,Alexis,,1975-05-06T00:00:00,47,Grecia,DEL,9347013,Apollon Athinas,greece_league_rosters_0.28,RSSSF Greece 1993/94 roster section; identity/position audit v0.28,https://www.rsssf.org/tablesg/grk94.html,1994,Centre Forward,Apollon Athinas,greece_1993_94_explicit_identity_gate,,Theodoros Alexis,,,9497129.jpg,40,55,JPEG,RGB,pending_identity_profile
9497171,Theodoros Andriopoulos,Theodoros,Andriopoulos,,1965-01-16T00:00:00,47,Grecia,DEF,9347016,Panachaiki,greece_league_rosters_0.28,RSSSF Greece 1993/94 roster section; identity/position audit v0.28,https://www.rsssf.org/tablesg/grk94.html,1994,Centre Back,Panachaiki,greece_1993_94_explicit_identity_gate,,Theodoros Andriopoulos,,,9497171.jpg,40,55,JPEG,RGB,pending_identity_profile
9496966,Theodoros Dalkidis,Theodoros,Dalkidis,,1969-12-01T00:00:00,47,Grecia,MED,9347004,Aris Thessalonikis,greece_league_rosters_0.28,RSSSF Greece 1993/94 roster section; identity/position audit v0.28,https://www.rsssf.org/tablesg/grk94.html,1994,Defensive Midfielder,Aris Thessalonikis,greece_1993_94_explicit_identity_gate,,Theodoros Dalkidis,,,9496966.jpg,40,55,JPEG,RGB,pending_identity_profile
9497101,Theodoros Mboutsoukas,Theodoros,Mboutsoukas,,1966-01-20T00:00:00,47,Grecia,DEF,9347012,Athinaikos,greece_league_rosters_0.28,RSSSF Greece 1993/94 roster section; identity/position audit v0.28,https://www.rsssf.org/tablesg/grk94.html,1994,Centre Back,Athinaikos,greece_1993_94_explicit_identity_gate,,Theodoros Mboutsoukas,,,9497101.jpg,40,55,JPEG,RGB,pending_identity_profile
9496951,Theodoros Pachatouridis,Theodoros,Pachatouridis,,1967-09-04T00:00:00,47,Grecia,DEF,9347003,Olympiakos Pireas,greece_league_rosters_0.28,RSSSF Greece 1993/94 roster section; identity/position audit v0.28,https://www.rsssf.org/tablesg/grk94.html,1994,Centre Back,Olympiakos Pireas,greece_1993_94_explicit_identity_gate,,Theodoros Pachatouridis,,,9496951.jpg,40,55,JPEG,RGB,pending_identity_profile
9497145,Theodoros Tsoleridis,Theodoros,Tsoleridis,,1960-12-01T00:00:00,47,Grecia,MED,9347014,Edessaikos,greece_league_rosters_0.28,RSSSF Greece 1993/94 roster section; identity/position audit v0.28,https://www.rsssf.org/tablesg/grk94.html,1994,Left Midfielder,Edessaikos,greece_1993_94_explicit_identity_gate,,Theodoros Tsoleridis,,,9497145.jpg,40,55,JPEG,RGB,pending_identity_profile
9496981,Theodoros Zagorakis,Theodoros,Zagorakis,,1971-10-17T00:00:00,47,Grecia,MED,9347005,PAOK Thessalonikis,greece_league_rosters_0.28,RSSSF Greece 1993/94 roster section; identity/position audit v0.28,https://www.rsssf.org/tablesg/grk94.html,1994,Centre Midfielder,PAOK Thessalonikis,greece_1993_94_explicit_identity_gate,,Theodoros Zagorakis,,,9496981.jpg,40,55,JPEG,RGB,pending_identity_profile
9497009,Theofanis Tountziaris,Theofanis,Tountziaris,,1965-01-08T00:00:00,47,Grecia,DEL,9347006,Iraklis Thessalonikis,greece_league_rosters_0.28,RSSSF Greece 1993/94 roster section; identity/position audit v0.28,https://www.rsssf.org/tablesg/grk94.html,1994,Left Winger,Iraklis Thessalonikis,greece_1993_94_explicit_identity_gate,,Theofanis Tountziaris,,,9497009.jpg,40,55,JPEG,RGB,pending_identity_profile
9497136,Thomas Delijiannis,Thomas,Delijiannis,,1962-03-20T00:00:00,47,Grecia,DEF,9347014,Edessaikos,greece_league_rosters_0.28,RSSSF Greece 1993/94 roster section; identity/position audit v0.28,https://www.rsssf.org/tablesg/grk94.html,1994,Centre Back,Edessaikos,greece_1993_94_explicit_identity_gate,,Thomas Delijiannis,,,9497136.jpg,40,55,JPEG,RGB,pending_identity_profile
9496961,Trainos Dellas,Trainos,Dellas,,1976-01-31T00:00:00,47,Grecia,DEF,9347004,Aris Thessalonikis,greece_league_rosters_0.28,RSSSF Greece 1993/94 roster section; identity/position audit v0.28,https://www.rsssf.org/tablesg/grk94.html,1994,Centre Back,Aris Thessalonikis,greece_1993_94_explicit_identity_gate,,Trainos Dellas,,,9496961.jpg,40,55,JPEG,RGB,pending_identity_profile
9497113,Tzimis Patikas,Tzimis,Patikas,,1963-10-18T00:00:00,47,Grecia,DEL,9347012,Athinaikos,greece_league_rosters_0.28,RSSSF Greece 1993/94 roster section; identity/position audit v0.28,https://www.rsssf.org/tablesg/grk94.html,1994,Centre Forward,Athinaikos,greece_1993_94_explicit_identity_gate,,Tzimis Patikas,,,9497113.jpg,40,55,JPEG,RGB,pending_identity_profile
9496985,V. Kalfadopoulos,V.,Kalfadopoulos,,1972-01-21T00:00:00,47,Grecia,MED,9347005,PAOK Thessalonikis,greece_league_rosters_0.28,RSSSF Greece 1993/94 roster section; identity/position audit v0.28,https://www.rsssf.org/tablesg/grk94.html,1994,Right Midfielder,PAOK Thessalonikis,greece_1993_94_explicit_identity_gate,,V. Kalfadopoulos,,,9496985.jpg,40,55,JPEG,RGB,pending_identity_profile
9497011,Vaggelis Chosadas,Vaggelis,Chosadas,,1961-02-17T00:00:00,47,Grecia,POR,9347007,OFI Irakliou,greece_league_rosters_0.28,RSSSF Greece 1993/94 roster section; identity/position audit v0.28,https://www.rsssf.org/tablesg/grk94.html,1994,Goalkeeper,OFI Irakliou,greece_1993_94_explicit_identity_gate,,Vaggelis Chosadas,,,9497011.jpg,40,55,JPEG,RGB,pending_identity_profile
9497095,Vaggelis Kalogeropoulos,Vaggelis,Kalogeropoulos,,1965-02-13T00:00:00,47,Grecia,DEL,9347011,Levadiakos,greece_league_rosters_0.28,RSSSF Greece 1993/94 roster section; identity/position audit v0.28,https://www.rsssf.org/tablesg/grk94.html,1994,Centre Forward,Levadiakos,greece_1993_94_explicit_identity_gate,,Vaggelis Kalogeropoulos,,,9497095.jpg,40,55,JPEG,RGB,pending_identity_profile
9497119,Vaggelis Kefalas,Vaggelis,Kefalas,,1973-07-31T00:00:00,47,Grecia,DEF,9347013,Apollon Athinas,greece_league_rosters_0.28,RSSSF Greece 1993/94 roster section; identity/position audit v0.28,https://www.rsssf.org/tablesg/grk94.html,1994,Right Back,Apollon Athinas,greece_1993_94_explicit_identity_gate,,Vaggelis Kefalas,,,9497119.jpg,40,55,JPEG,RGB,pending_identity_profile
9496959,Vaggelis Koentas,Vaggelis,Koentas,,1972-06-30T00:00:00,47,Grecia,POR,9347004,Aris Thessalonikis,greece_league_rosters_0.28,RSSSF Greece 1993/94 roster section; identity/position audit v0.28,https://www.rsssf.org/tablesg/grk94.html,1994,Goalkeeper,Aris Thessalonikis,greece_1993_94_explicit_identity_gate,,Vaggelis Koentas,,,9496959.jpg,40,55,JPEG,RGB,pending_identity_profile
9497142,Vaggelis Koutsoures,Vaggelis,Koutsoures,,1975-02-16T00:00:00,47,Grecia,MED,9347014,Edessaikos,greece_league_rosters_0.28,RSSSF Greece 1993/94 roster section; identity/position audit v0.28,https://www.rsssf.org/tablesg/grk94.html,1994,Centre Midfielder,Edessaikos,greece_1993_94_explicit_identity_gate,,Vaggelis Koutsoures,,,9497142.jpg,40,55,JPEG,RGB,pending_identity_profile
9497091,Vaggelis Kryos,Vaggelis,Kryos,,1973-09-23T00:00:00,47,Grecia,MED,9347011,Levadiakos,greece_league_rosters_0.28,RSSSF Greece 1993/94 roster section; identity/position audit v0.28,https://www.rsssf.org/tablesg/grk94.html,1994,Right Midfielder,Levadiakos,greece_1993_94_explicit_identity_gate,,Vaggelis Kryos,,,9497091.jpg,40,55,JPEG,RGB,pending_identity_profile
9496976,Vaggelis Pourliotopoulos,Vaggelis,Pourliotopoulos,,1969-04-13T00:00:00,47,Grecia,POR,9347005,PAOK Thessalonikis,greece_league_rosters_0.28,RSSSF Greece 1993/94 roster section; identity/position audit v0.28,https://www.rsssf.org/tablesg/grk94.html,1994,Goalkeeper,PAOK Thessalonikis,greece_1993_94_explicit_identity_gate,,Vaggelis Pourliotopoulos,,,9496976.jpg,40,55,JPEG,RGB,pending_identity_profile
9497192,Vaggelis Spyliotis,Vaggelis,Spyliotis,,1965-06-08T00:00:00,47,Grecia,DEF,9347017,Apollon Kalamarias,greece_league_rosters_0.28,RSSSF Greece 1993/94 roster section; identity/position audit v0.28,https://www.rsssf.org/tablesg/grk94.html,1994,Left Back,Apollon Kalamarias,greece_1993_94_explicit_identity_gate,,Vaggelis Spyliotis,,,9497192.jpg,40,55,JPEG,RGB,pending_identity_profile
9497075,Vaggelis Tsoukalis,Vaggelis,Tsoukalis,,1963-09-16T00:00:00,47,Grecia,MED,9347010,AE Larisa,greece_league_rosters_0.28,RSSSF Greece 1993/94 roster section; identity/position audit v0.28,https://www.rsssf.org/tablesg/grk94.html,1994,Centre Midfielder,AE Larisa,greece_1993_94_explicit_identity_gate,,Vaggelis Tsoukalis,,,9497075.jpg,40,55,JPEG,RGB,pending_identity_profile
9497206,Vaggelis Vourdojiannis,Vaggelis,Vourdojiannis,,1970-08-03T00:00:00,47,Grecia,POR,9347018,Naousa,greece_league_rosters_0.28,RSSSF Greece 1993/94 roster section; identity/position audit v0.28,https://www.rsssf.org/tablesg/grk94.html,1994,Goalkeeper,Naousa,greece_1993_94_explicit_identity_gate,,Vaggelis Vourdojiannis,,,9497206.jpg,40,55,JPEG,RGB,pending_identity_profile
9494169,Vaios Karagiannis,Vaios,Karagiannis,,1968-06-25T00:00:00,47,Grecia,DEF,9347001,AEK Athinon,,RSSSF Greece 1993/94 roster section; identity/position audit v0.28,https://www.rsssf.org/tablesg/grk94.html,1994,Right Back,AEK Athinon,greece_1993_94_explicit_identity_gate,9494169,Vaios Karagiannis,,,9494169.jpg,40,55,JPEG,RGB,pending_identity_profile
9494170,Vasilis Dimitriadis,Vasilis,Dimitriadis,,1966-02-01T00:00:00,47,Grecia,DEL,9347001,AEK Athinon,,RSSSF Greece 1993/94 roster section; identity/position audit v0.28,https://www.rsssf.org/tablesg/grk94.html,1994,Centre Forward,AEK Athinon,greece_1993_94_explicit_identity_gate,9494170,Vasilis Dimitriadis,,,9494170.jpg,40,55,JPEG,RGB,pending_identity_profile
9497213,Vassilis Argyriou,Vassilis,Argyriou,,1966-01-12T00:00:00,47,Grecia,MED,9347018,Naousa,greece_league_rosters_0.28,RSSSF Greece 1993/94 roster section; identity/position audit v0.28,https://www.rsssf.org/tablesg/grk94.html,1994,Defensive Midfielder,Naousa,greece_1993_94_explicit_identity_gate,,Vassilis Argyriou,,,9497213.jpg,40,55,JPEG,RGB,pending_identity_profile
9496948,Vassilis Ioannidis,Vassilis,Ioannidis,,1967-06-24T00:00:00,47,Grecia,DEF,9347003,Olympiakos Pireas,greece_league_rosters_0.28,RSSSF Greece 1993/94 roster section; identity/position audit v0.28,https://www.rsssf.org/tablesg/grk94.html,1994,Centre Back,Olympiakos Pireas,greece_1993_94_explicit_identity_gate,,Vassilis Ioannidis,,,9496948.jpg,40,55,JPEG,RGB,pending_identity_profile
9496921,Vassilis Karajiannis,Vassilis,Karajiannis,,1969-09-27T00:00:00,47,Grecia,POR,9347001,AEK Athinon,greece_league_rosters_0.28,RSSSF Greece 1993/94 roster section; identity/position audit v0.28,https://www.rsssf.org/tablesg/grk94.html,1994,Goalkeeper,AEK Athinon,greece_1993_94_explicit_identity_gate,,Vassilis Karajiannis,,,9496921.jpg,40,55,JPEG,RGB,pending_identity_profile
9496952,Vassilis Karapialis,Vassilis,Karapialis,,1965-06-13T00:00:00,47,Grecia,MED,9347003,Olympiakos Pireas,greece_league_rosters_0.28,RSSSF Greece 1993/94 roster section; identity/position audit v0.28,https://www.rsssf.org/tablesg/grk94.html,1994,Attacking Midfielder,Olympiakos Pireas,greece_1993_94_explicit_identity_gate,,Vassilis Karapialis,,,9496952.jpg,40,55,JPEG,RGB,pending_identity_profile
9497137,Vassilis Kotsifas,Vassilis,Kotsifas,,1969-10-23T00:00:00,47,Grecia,DEF,9347014,Edessaikos,greece_league_rosters_0.28,RSSSF Greece 1993/94 roster section; identity/position audit v0.28,https://www.rsssf.org/tablesg/grk94.html,1994,Right Back,Edessaikos,greece_1993_94_explicit_identity_gate,,Vassilis Kotsifas,,,9497137.jpg,40,55,JPEG,RGB,pending_identity_profile
9497216,Vassilis Kourogeorgakis,Vassilis,Kourogeorgakis,,1968-01-17T00:00:00,47,Grecia,MED,9347018,Naousa,greece_league_rosters_0.28,RSSSF Greece 1993/94 roster section; identity/position audit v0.28,https://www.rsssf.org/tablesg/grk94.html,1994,Right Midfielder,Naousa,greece_1993_94_explicit_identity_gate,,Vassilis Kourogeorgakis,,,9497216.jpg,40,55,JPEG,RGB,pending_identity_profile
9497217,Vassilis Lakis,Vassilis,Lakis,,1976-07-10T00:00:00,47,Grecia,MED,9347018,Naousa,greece_league_rosters_0.28,RSSSF Greece 1993/94 roster section; identity/position audit v0.28,https://www.rsssf.org/tablesg/grk94.html,1994,Left Midfielder,Naousa,greece_1993_94_explicit_identity_gate,,Vassilis Lakis,,,9497217.jpg,40,55,JPEG,RGB,pending_identity_profile
9496931,Vassilis Mborbokis,Vassilis,Mborbokis,,1969-02-10T00:00:00,47,Grecia,DEL,9347001,AEK Athinon,greece_league_rosters_0.28,RSSSF Greece 1993/94 roster section; identity/position audit v0.28,https://www.rsssf.org/tablesg/grk94.html,1994,Right Winger,AEK Athinon,greece_1993_94_explicit_identity_gate,,Vassilis Mborbokis,,,9496931.jpg,40,55,JPEG,RGB,pending_identity_profile
9496956,Vassilis Mouratidis,Vassilis,Mouratidis,,1967-01-04T00:00:00,47,Grecia,DEL,9347003,Olympiakos Pireas,greece_league_rosters_0.28,RSSSF Greece 1993/94 roster section; identity/position audit v0.28,https://www.rsssf.org/tablesg/grk94.html,1994,Centre Forward,Olympiakos Pireas,greece_1993_94_explicit_identity_gate,,Vassilis Mouratidis,,,9496956.jpg,40,55,JPEG,RGB,pending_identity_profile
9496930,Vassilis Tsartas,Vassilis,Tsartas,,1972-11-12,47,Grecia,MED,9347001,AEK Athinon,greece_league_rosters_0.28,RSSSF Greece 1993/94 roster section; identity/position audit v0.28,https://www.rsssf.org/tablesg/grk94.html,1994,Attacking Midfielder,AEK Athinon,greece_1993_94_explicit_identity_gate,,Vassilis Tsartas,2572,https://www.bdfutbol.com/en/j/j2572.html,9496930.jpg,40,55,JPEG,RGB,pending_identity_profile
9497115,Vassilis Tzalakostas,Vassilis,Tzalakostas,,1959-07-20T00:00:00,47,Grecia,DEL,9347012,Athinaikos,greece_league_rosters_0.28,RSSSF Greece 1993/94 roster section; identity/position audit v0.28,https://www.rsssf.org/tablesg/grk94.html,1994,Left Winger,Athinaikos,greece_1993_94_explicit_identity_gate,,Vassilis Tzalakostas,,,9497115.jpg,40,55,JPEG,RGB,pending_identity_profile
9497102,Zannis Monnos,Zannis,Monnos,,1967-02-09T00:00:00,47,Grecia,DEF,9347012,Athinaikos,greece_league_rosters_0.28,RSSSF Greece 1993/94 roster section; identity/position audit v0.28,https://www.rsssf.org/tablesg/grk94.html,1994,Right Back,Athinaikos,greece_1993_94_explicit_identity_gate,,Zannis Monnos,,,9497102.jpg,40,55,JPEG,RGB,pending_identity_profile
9497199,Zisis Tsekos,Zisis,Tsekos,,1964-08-29T00:00:00,47,Grecia,MED,9347017,Apollon Kalamarias,greece_league_rosters_0.28,RSSSF Greece 1993/94 roster section; identity/position audit v0.28,https://www.rsssf.org/tablesg/grk94.html,1994,Left Midfielder,Apollon Kalamarias,greece_1993_94_explicit_identity_gate,,Zisis Tsekos,,,9497199.jpg,40,55,JPEG,RGB,pending_identity_profile
9497043,Zisis Vryzas,Zisis,Vryzas,,1973-11-09T00:00:00,47,Grecia,DEL,9347008,Skoda Xanthi,greece_league_rosters_0.28,RSSSF Greece 1993/94 roster section; identity/position audit v0.28,https://www.rsssf.org/tablesg/grk94.html,1994,Centre Forward,Skoda Xanthi,greece_1993_94_explicit_identity_gate,,Zisis Vryzas,,,9497043.jpg,40,55,JPEG,RGB,pending_identity_profile
9497125,Imre Katsenbach,Imre,Katsenbach,,1964-04-05T00:00:00,93,Hungría,MED,9347013,Apollon Athinas,greece_league_rosters_0.28,RSSSF Greece 1993/94 roster section; identity/position audit v0.28,https://www.rsssf.org/tablesg/grk94.html,,Attacking Midfielder,Apollon Athinas,greece_1993_94_explicit_identity_gate,,Imre Katsenbach,,,9497125.jpg,40,55,JPEG,RGB,pending_identity_profile
9495004,János Bánfi,János,Bánfi,,1969-11-09,93,Hungría,DEF,9400093,Otros-Hungría,near_functional_national_teams_0.22,Magyarfutball / National-Football-Teams,,,,Kispest Honvéd,created_after_global_existing_player_comparison,,János Bánfi,,,9495004.jpg,40,55,JPEG,RGB,pending
9495003,József Csábi,József,Csábi,,1967-02-14,93,Hungría,DEF,9400093,Otros-Hungría,near_functional_national_teams_0.22,Magyarfutball / National-Football-Teams,,,,Kispest Honvéd,created_after_global_existing_player_comparison,,József Csábi,,,9495003.jpg,40,55,JPEG,RGB,pending
9494192,Alan McLoughlin,Alan,McLoughlin,,1967-04-20,46,Irlanda,MED,9400046,Otros-Irlanda,world_cup_1994,Fjelstul World Cup Database,,,,,created_after_global_existing_player_comparison,,Alan McLoughlin,,,9494192.jpg,40,55,JPEG,RGB,pending
9494193,David Kelly,David,Kelly,,1965-11-25,46,Irlanda,DEL,9400046,Otros-Irlanda,world_cup_1994,Fjelstul World Cup Database,,,,,created_after_global_existing_player_comparison,,David Kelly,,,9494193.jpg,40,55,JPEG,RGB,pending
9494194,Jason McAteer,Jason,McAteer,,1971-06-18,46,Irlanda,MED,9400046,Otros-Irlanda,world_cup_1994,Fjelstul World Cup Database,,,,,created_after_global_existing_player_comparison,,Jason McAteer,,,9494194.jpg,40,55,JPEG,RGB,pending
9494191,John Aldridge,John,Aldridge,,1958-09-18,46,Irlanda,DEL,9400046,Otros-Irlanda,world_cup_1994,Fjelstul World Cup Database,,,,,created_after_global_existing_player_comparison,,John Aldridge,,,9494191.jpg,40,55,JPEG,RGB,pending
9495002,Alan Fettis,Alan William,Fettis,,1971-02-01,44,Irlanda del Norte,POR,9400044,Otros-Irlanda del Norte,near_functional_national_teams_0.22,Hull City historical profile / international record,,,,Hull City,created_after_global_existing_player_comparison,,Alan Fettis,,,9495002.jpg,40,55,JPEG,RGB,pending
9496613,Gintaras Staučė,Gintaras,Staučė,,1969-12-24,52,Lituania,POR,617,Spartak Moskva,russia_league_rosters_0.27,BDFutbol 1993 squad; identity/position audit v0.27,https://www.bdfutbol.com/en/t/t1993-9410023.html,1994,Goalkeeper,Spartak Moskva,russia_1993_explicit_identity_gate,,Gintaras Staučė,98206,https://www.bdfutbol.com/en/j/j98206.html,9496613.jpg,40,55,JPEG,RGB,ready_for_download
9497080,Mirsa Jionus,Mirsa,Jionus,,,54,Macedonia,POR,9347011,Levadiakos,greece_league_rosters_0.28,RSSSF Greece 1993/94 roster section; identity/position audit v0.28,https://www.rsssf.org/tablesg/grk94.html,,Goalkeeper,Levadiakos,greece_1993_94_explicit_identity_gate,,Mirsa Jionus,,,9497080.jpg,40,55,JPEG,RGB,pending_identity_profile
9496929,Tony Savefsky,Tony,Savefsky,,1963-06-14T00:00:00,54,Macedonia,MED,9347001,AEK Athinon,greece_league_rosters_0.28,RSSSF Greece 1993/94 roster section; identity/position audit v0.28,https://www.rsssf.org/tablesg/grk94.html,,Left Midfielder,AEK Athinon,greece_1993_94_explicit_identity_gate,,Tony Savefsky,,,9496929.jpg,40,55,JPEG,RGB,pending_identity_profile
9494228,Abdelkrim El Hadrioui,Abdelkrim,El Hadrioui,,1972-03-06,56,Marruecos,DEF,9400056,Otros-Marruecos,world_cup_1994,Fjelstul World Cup Database,,,,,created_after_global_existing_player_comparison,,Abdelkrim El Hadrioui,,,9494228.jpg,40,55,JPEG,RGB,pending
9494240,Abdelmajid Bouyboud,Abdelmajid,Bouyboud,,1966-10-24,56,Marruecos,DEL,9400056,Otros-Marruecos,world_cup_1994,Fjelstul World Cup Database,,,,,created_after_global_existing_player_comparison,,Abdelmajid Bouyboud,,,9494240.jpg,40,55,JPEG,RGB,pending
9494238,Abdeslam Laghrissi,Abdeslam,Laghrissi,,1962-01-05,56,Marruecos,DEL,9400056,Otros-Marruecos,world_cup_1994,Fjelstul World Cup Database,,,,,created_after_global_existing_player_comparison,,Abdeslam Laghrissi,,,9494238.jpg,40,55,JPEG,RGB,pending
9494235,Ahmed Bahja,Ahmed,Bahja,,1970-12-21,56,Marruecos,DEL,9400056,Otros-Marruecos,world_cup_1994,Fjelstul World Cup Database,,,,,created_after_global_existing_player_comparison,,Ahmed Bahja,,,9494235.jpg,40,55,JPEG,RGB,pending
9494236,Ahmed Masbahi,Ahmed,Masbahi,,1966-01-17,56,Marruecos,DEF,9400056,Otros-Marruecos,world_cup_1994,Fjelstul World Cup Database,,,,,created_after_global_existing_player_comparison,,Ahmed Masbahi,,,9494236.jpg,40,55,JPEG,RGB,pending
9494237,El Arbi Hababi Hababi,El Arbi Hababi,Hababi,,1967-08-12,56,Marruecos,MED,9400056,Otros-Marruecos,world_cup_1994,Fjelstul World Cup Database,,,,,created_after_global_existing_player_comparison,,El Arbi Hababi Hababi,,,9494237.jpg,40,55,JPEG,RGB,pending
9494241,Hassan Kachloul,Hassan,Kachloul,,1973-02-19,56,Marruecos,MED,9400056,Otros-Marruecos,world_cup_1994,Fjelstul World Cup Database,,,,,created_after_global_existing_player_comparison,,Hassan Kachloul,,,9494241.jpg,40,55,JPEG,RGB,pending
9494226,Khalil Azmi,Khalil,Azmi,,1964-08-23,56,Marruecos,POR,9400056,Otros-Marruecos,world_cup_1994,Fjelstul World Cup Database,,,,,created_after_global_existing_player_comparison,,Khalil Azmi,,,9494226.jpg,40,55,JPEG,RGB,pending
9494242,Mohamed Samadi,Mohamed,Samadi,,1970-03-21,56,Marruecos,MED,9400056,Otros-Marruecos,world_cup_1994,Fjelstul World Cup Database,,,,,created_after_global_existing_player_comparison,,Mohamed Samadi,,,9494242.jpg,40,55,JPEG,RGB,pending
9494232,Mohammed Chaouch,Mohammed,Chaouch,,1966-12-12,56,Marruecos,DEL,9400056,Otros-Marruecos,world_cup_1994,Fjelstul World Cup Database,,,,,created_after_global_existing_player_comparison,,Mohammed Chaouch,,,9494232.jpg,40,55,JPEG,RGB,pending
9494231,Mustapha Hadji,Mustapha,Hadji,,1971-11-16,56,Marruecos,MED,9400056,Otros-Marruecos,world_cup_1994,Fjelstul World Cup Database,,,,,created_after_global_existing_player_comparison,,Mustapha Hadji,,,9494231.jpg,40,55,JPEG,RGB,pending
9494233,Rachid Daoudi,Rachid,Daoudi,,1966-02-21,56,Marruecos,MED,9400056,Otros-Marruecos,world_cup_1994,Fjelstul World Cup Database,,,,,created_after_global_existing_player_comparison,,Rachid Daoudi,,,9494233.jpg,40,55,JPEG,RGB,pending
9494239,Rachid Neqrouz,Rachid,Neqrouz,,1972-04-10,56,Marruecos,DEF,9400056,Otros-Marruecos,world_cup_1994,Fjelstul World Cup Database,,,,,created_after_global_existing_player_comparison,,Rachid Neqrouz,,,9494239.jpg,40,55,JPEG,RGB,pending
9494234,Said Dghay,Said,Dghay,,1964-01-14,56,Marruecos,POR,9400056,Otros-Marruecos,world_cup_1994,Fjelstul World Cup Database,,,,,created_after_global_existing_player_comparison,,Said Dghay,,,9494234.jpg,40,55,JPEG,RGB,pending
9494230,Smahi Triki,Smahi,Triki,,1967-08-01,56,Marruecos,DEF,9400056,Otros-Marruecos,world_cup_1994,Fjelstul World Cup Database,,,,,created_after_global_existing_player_comparison,,Smahi Triki,,,9494230.jpg,40,55,JPEG,RGB,pending
9494229,Tahar El Khalej,Tahar,El Khalej,,1968-06-16,56,Marruecos,MED,9400056,Otros-Marruecos,world_cup_1994,Fjelstul World Cup Database,,,,,created_after_global_existing_player_comparison,,Tahar El Khalej,,,9494229.jpg,40,55,JPEG,RGB,pending
9494243,Zakaria Alaoui,Zakaria,Alaoui,,1966-06-17,56,Marruecos,POR,9400056,Otros-Marruecos,world_cup_1994,Fjelstul World Cup Database,,,,,created_after_global_existing_player_comparison,,Zakaria Alaoui,,,9494243.jpg,40,55,JPEG,RGB,pending
9494188,Alloysius Agu,Alloysius,Agu,,1967-07-12,59,Nigeria,POR,9400059,Otros-Nigeria,world_cup_1994,Fjelstul World Cup Database,,,,,created_after_global_existing_player_comparison,,Alloysius Agu,,,9494188.jpg,40,55,JPEG,RGB,pending
9497185,Amaeki Otitzi,Amaeki,Otitzi,,1966-12-28T00:00:00,59,Nigeria,DEL,9347016,Panachaiki,greece_league_rosters_0.28,RSSSF Greece 1993/94 roster section; identity/position audit v0.28,https://www.rsssf.org/tablesg/grk94.html,,Right Winger,Panachaiki,greece_1993_94_explicit_identity_gate,,Amaeki Otitzi,,,9497185.jpg,40,55,JPEG,RGB,pending_identity_profile
9494179,Augustine Eguavoen,Augustine,Eguavoen,,1965-08-19,59,Nigeria,DEF,9400059,Otros-Nigeria,world_cup_1994,Fjelstul World Cup Database,,,,,created_after_global_existing_player_comparison,,Augustine Eguavoen,,,9494179.jpg,40,55,JPEG,RGB,pending
9494185,Emeka Ezeugo,Emeka,Ezeugo,,1965-12-16,59,Nigeria,DEF,9400059,Otros-Nigeria,world_cup_1994,Fjelstul World Cup Database,,,,,created_after_global_existing_player_comparison,,Emeka Ezeugo,,,9494185.jpg,40,55,JPEG,RGB,pending
9494184,Emmanuel Amunike,Emmanuel,Amunike,,1970-12-25,59,Nigeria,MED,9400059,Otros-Nigeria,world_cup_1994,Fjelstul World Cup Database,,,,,created_after_global_existing_player_comparison,,Emmanuel Amunike,,,9494184.jpg,40,55,JPEG,RGB,pending
9494189,Michael Emenalo,Michael,Emenalo,,1965-07-14,59,Nigeria,DEF,9400059,Otros-Nigeria,world_cup_1994,Fjelstul World Cup Database,,,,,created_after_global_existing_player_comparison,,Michael Emenalo,,,9494189.jpg,40,55,JPEG,RGB,pending
9494183,Thompson Oliha,Thompson,Oliha,,1968-10-04,59,Nigeria,MED,9400059,Otros-Nigeria,world_cup_1994,Fjelstul World Cup Database,,,,,created_after_global_existing_player_comparison,,Thompson Oliha,,,9494183.jpg,40,55,JPEG,RGB,pending
9494190,Uche Okafor,Uche,Okafor,,1967-08-08,59,Nigeria,DEF,9400059,Otros-Nigeria,world_cup_1994,Fjelstul World Cup Database,,,,,created_after_global_existing_player_comparison,,Uche Okafor,,,9494190.jpg,40,55,JPEG,RGB,pending
9494181,Uche Okechukwu,Uche,Okechukwu,,1967-09-27,59,Nigeria,DEF,9400059,Otros-Nigeria,world_cup_1994,Fjelstul World Cup Database,,,,,created_after_global_existing_player_comparison,,Uche Okechukwu,,,9494181.jpg,40,55,JPEG,RGB,pending
9494203,Alf-Inge Håland,Alf-Inge,Håland,,1972-11-23,60,Noruega,DEF,9400060,Otros-Noruega,world_cup_1994,Fjelstul World Cup Database,,,,,created_after_global_existing_player_comparison,,Alf-Inge Håland,,,9494203.jpg,40,55,JPEG,RGB,pending
9494202,Dan Eggen,Dan,Eggen,,1970-01-13,60,Noruega,DEF,9400060,Otros-Noruega,world_cup_1994,Fjelstul World Cup Database,,,,,created_after_global_existing_player_comparison,,Dan Eggen,,,9494202.jpg,40,55,JPEG,RGB,pending
9494195,Erik Mykland,Erik,Mykland,,1971-07-21,60,Noruega,MED,9400060,Otros-Noruega,world_cup_1994,Fjelstul World Cup Database,,,,,created_after_global_existing_player_comparison,,Erik Mykland,,,9494195.jpg,40,55,JPEG,RGB,pending
9494198,Frode Grodås,Frode,Grodås,,1964-10-24,60,Noruega,POR,9400060,Otros-Noruega,world_cup_1994,Fjelstul World Cup Database,,,,,created_after_global_existing_player_comparison,,Frode Grodås,,,9494198.jpg,40,55,JPEG,RGB,pending
9494201,Gøran Sørloth,Gøran,Sørloth,,1962-07-16,60,Noruega,DEL,9400060,Otros-Noruega,world_cup_1994,Fjelstul World Cup Database,,,,,created_after_global_existing_player_comparison,,Gøran Sørloth,,,9494201.jpg,40,55,JPEG,RGB,pending
9494200,Karl Petter Løken,Karl Petter,Løken,,1966-08-14,60,Noruega,DEF,9400060,Otros-Noruega,world_cup_1994,Fjelstul World Cup Database,,,,,created_after_global_existing_player_comparison,,Karl Petter Løken,,,9494200.jpg,40,55,JPEG,RGB,pending
9494206,Lars Bohinen,Lars,Bohinen,,1969-09-08,60,Noruega,MED,9400060,Otros-Noruega,world_cup_1994,Fjelstul World Cup Database,,,,,created_after_global_existing_player_comparison,,Lars Bohinen,,,9494206.jpg,40,55,JPEG,RGB,pending
9494199,Ola By Rise,Ola,By Rise,,1960-11-14,60,Noruega,POR,9400060,Otros-Noruega,world_cup_1994,Fjelstul World Cup Database,,,,,created_after_global_existing_player_comparison,,Ola By Rise,,,9494199.jpg,40,55,JPEG,RGB,pending
9494204,Roar Strand,Roar,Strand,,1970-02-02,60,Noruega,MED,9400060,Otros-Noruega,world_cup_1994,Fjelstul World Cup Database,,,,,created_after_global_existing_player_comparison,,Roar Strand,,,9494204.jpg,40,55,JPEG,RGB,pending
9494205,Sigurd Rushfeldt,Sigurd,Rushfeldt,,1972-12-11,60,Noruega,DEL,9400060,Otros-Noruega,world_cup_1994,Fjelstul World Cup Database,,,,,created_after_global_existing_player_comparison,,Sigurd Rushfeldt,,,9494205.jpg,40,55,JPEG,RGB,pending
9494196,Øyvind Leonhardsen,Øyvind,Leonhardsen,,1970-08-17,60,Noruega,MED,9400060,Otros-Noruega,world_cup_1994,Fjelstul World Cup Database,,,,,created_after_global_existing_player_comparison,,Øyvind Leonhardsen,,,9494196.jpg,40,55,JPEG,RGB,pending
9495001,Celso Ayala,Celso Rafael,Ayala,,1970-08-20,68,Paraguay,DEF,9400068,Otros-Paraguay,near_functional_national_teams_0.22,historical international and club records,,,,Olimpia Asunción,created_after_global_existing_player_comparison,,Celso Ayala,,,9495001.jpg,40,55,JPEG,RGB,pending
9496934,Jiosef Wandzcyk,Jiosef,Wandzcyk,,1963-08-13T00:00:00,70,Polonia,POR,9347002,Panathinaikos,greece_league_rosters_0.28,RSSSF Greece 1993/94 roster section; identity/position audit v0.28,https://www.rsssf.org/tablesg/grk94.html,,Goalkeeper,Panathinaikos,greece_1993_94_explicit_identity_gate,,Jiosef Wandzcyk,,,9496934.jpg,40,55,JPEG,RGB,pending_identity_profile
9496943,Krzysztof Warzycha,Krzysztof,Warzycha,,1964-11-17,70,Polonia,DEL,9347002,Panathinaikos,greece_league_rosters_0.28,RSSSF Greece 1993/94 roster section; identity/position audit v0.28,https://www.rsssf.org/tablesg/grk94.html,,Centre Forward,Panathinaikos,greece_1993_94_explicit_identity_gate,,Krzysztof Warzycha,59705,https://www.bdfutbol.com/en/j/j59705.html,9496943.jpg,40,55,JPEG,RGB,ready_for_download
9497112,Miroslav Bong,Miroslav,Bong,,1961-11-23T00:00:00,70,Polonia,DEL,9347012,Athinaikos,greece_league_rosters_0.28,RSSSF Greece 1993/94 roster section; identity/position audit v0.28,https://www.rsssf.org/tablesg/grk94.html,,Centre Forward,Athinaikos,greece_1993_94_explicit_identity_gate,,Miroslav Bong,,,9497112.jpg,40,55,JPEG,RGB,pending_identity_profile
9497038,Juri Zaleski,Juri,Zaleski,,1965-10-20T00:00:00,61,República Checa,MED,9347008,Skoda Xanthi,greece_league_rosters_0.28,RSSSF Greece 1993/94 roster section; identity/position audit v0.28,https://www.rsssf.org/tablesg/grk94.html,,Left Midfielder,Skoda Xanthi,greece_1993_94_explicit_identity_gate,,Juri Zaleski,,,9497038.jpg,40,55,JPEG,RGB,pending_identity_profile
9496991,Milan Luchovi,Milan,Luchovi,,1963-11-01T00:00:00,61,República Checa,DEL,9347005,PAOK Thessalonikis,greece_league_rosters_0.28,RSSSF Greece 1993/94 roster section; identity/position audit v0.28,https://www.rsssf.org/tablesg/grk94.html,,Centre Forward,PAOK Thessalonikis,greece_1993_94_explicit_identity_gate,,Milan Luchovi,,,9496991.jpg,40,55,JPEG,RGB,pending_identity_profile
9497134,Radek Ranbusic,Radek,Ranbusic,,1963-11-21T00:00:00,61,República Checa,POR,9347014,Edessaikos,greece_league_rosters_0.28,RSSSF Greece 1993/94 roster section; identity/position audit v0.28,https://www.rsssf.org/tablesg/grk94.html,,Goalkeeper,Edessaikos,greece_1993_94_explicit_identity_gate,,Radek Ranbusic,,,9497134.jpg,40,55,JPEG,RGB,pending_identity_profile
9494023,Basarab Panduru,Basarab,Panduru,,1970-07-11,72,Rumanía,MED,9400072,Otros-Rumanía,world_cup_1994,Fjelstul World Cup Database,,,,,created_after_global_existing_player_comparison,,Basarab Panduru,,,9494023.jpg,40,55,JPEG,RGB,pending
9494026,Constantin Gâlcă,Constantin,Gâlcă,,1972-03-08,72,Rumanía,MED,9400072,Otros-Rumanía,world_cup_1994,Fjelstul World Cup Database,,,,,created_after_global_existing_player_comparison,,Constantin Gâlcă,,,9494026.jpg,40,55,JPEG,RGB,pending
9494027,Corneliu Papură,Corneliu,Papură,,1973-09-05,72,Rumanía,DEF,9400072,Otros-Rumanía,world_cup_1994,Fjelstul World Cup Database,,,,,created_after_global_existing_player_comparison,,Corneliu Papură,,,9494027.jpg,40,55,JPEG,RGB,pending
9494016,Daniel Prodan,Daniel,Prodan,,1972-03-23,72,Rumanía,DEF,9400072,Otros-Rumanía,world_cup_1994,Fjelstul World Cup Database,,,,,created_after_global_existing_player_comparison,,Daniel Prodan,,,9494016.jpg,40,55,JPEG,RGB,pending
9497020,Danut Lupu,Danut,Lupu,,1967-02-27T00:00:00,72,Rumanía,MED,9347007,OFI Irakliou,greece_league_rosters_0.28,RSSSF Greece 1993/94 roster section; identity/position audit v0.28,https://www.rsssf.org/tablesg/grk94.html,,Attacking Midfielder,OFI Irakliou,greece_1993_94_explicit_identity_gate,,Danut Lupu,,,9497020.jpg,40,55,JPEG,RGB,pending_identity_profile
9494015,Florin Prunea,Florin,Prunea,,1968-08-08,72,Rumanía,POR,9400072,Otros-Rumanía,world_cup_1994,Fjelstul World Cup Database,,,,,created_after_global_existing_player_comparison,,Florin Prunea,,,9494015.jpg,40,55,JPEG,RGB,pending
9494022,Gheorghe Mihali,Gheorghe,Mihali,,1965-12-09,72,Rumanía,DEF,9400072,Otros-Rumanía,world_cup_1994,Fjelstul World Cup Database,,,,,created_after_global_existing_player_comparison,,Gheorghe Mihali,,,9494022.jpg,40,55,JPEG,RGB,pending
9494019,Ilie Dumitrescu,Ilie,Dumitrescu,,1969-01-06,72,Rumanía,DEL,9400072,Otros-Rumanía,world_cup_1994,Fjelstul World Cup Database,,,,,created_after_global_existing_player_comparison,,Ilie Dumitrescu,,,9494019.jpg,40,55,JPEG,RGB,pending
9494024,Ion Vlădoiu,Ion,Vlădoiu,,1968-11-05,72,Rumanía,DEL,9400072,Otros-Rumanía,world_cup_1994,Fjelstul World Cup Database,,,,,created_after_global_existing_player_comparison,,Ion Vlădoiu,,,9494024.jpg,40,55,JPEG,RGB,pending
9494018,Iulian Chiriță,Iulian,Chiriță,,1967-02-02,72,Rumanía,MED,9400072,Otros-Rumanía,world_cup_1994,Fjelstul World Cup Database,,,,,created_after_global_existing_player_comparison,,Iulian Chiriță,,,9494018.jpg,40,55,JPEG,RGB,pending
9494029,Marian Ivan,Marian,Ivan,,1969-01-06,72,Rumanía,DEL,9400072,Otros-Rumanía,world_cup_1994,Fjelstul World Cup Database,,,,,created_after_global_existing_player_comparison,,Marian Ivan,,,9494029.jpg,40,55,JPEG,RGB,pending
9494028,Ovidiu Stîngă,Ovidiu,Stîngă,,1972-12-05,72,Rumanía,MED,9400072,Otros-Rumanía,world_cup_1994,Fjelstul World Cup Database,,,,,created_after_global_existing_player_comparison,,Ovidiu Stîngă,,,9494028.jpg,40,55,JPEG,RGB,pending
9497073,Stephan Stoika,Stephan,Stoika,,1967-06-23T00:00:00,72,Rumanía,MED,9347010,AE Larisa,greece_league_rosters_0.28,RSSSF Greece 1993/94 roster section; identity/position audit v0.28,https://www.rsssf.org/tablesg/grk94.html,,Right Midfielder,AE Larisa,greece_1993_94_explicit_identity_gate,,Stephan Stoika,,,9497073.jpg,40,55,JPEG,RGB,pending_identity_profile
9494025,Viorel Moldovan,Viorel,Moldovan,,1972-07-08,72,Rumanía,DEL,9400072,Otros-Rumanía,world_cup_1994,Fjelstul World Cup Database,,,,,created_after_global_existing_player_comparison,,Viorel Moldovan,,,9494025.jpg,40,55,JPEG,RGB,pending
9494030,Ștefan Preda,Ștefan,Preda,,1970-06-18,72,Rumanía,POR,9400072,Otros-Rumanía,world_cup_1994,Fjelstul World Cup Database,,,,,created_after_global_existing_player_comparison,,Ștefan Preda,,,9494030.jpg,40,55,JPEG,RGB,pending
9494083,Andrey Pyatnitsky,Andrey,Pyatnitsky,,1967-09-27T00:00:00,40,Rusia,MED,617,Spartak Moskva,,BDFutbol 1993 squad; identity/position audit v0.27,https://www.bdfutbol.com/en/t/t1993-9410023.html,1994,Centre Midfielder,Spartak Moskva,russia_1993_explicit_identity_gate,9494083,Andrey Pyatnitsky,,,9494083.jpg,40,55,JPEG,RGB,pending_identity_profile
9496678,Dimitri Anatolievich Alenichev,Dimitri Anatolievich,Alenichev,,1972-10-20T00:00:00,40,Rusia,MED,9315004,Lokomotiv Moskva,russia_league_rosters_0.27,BDFutbol 1993 squad; identity/position audit v0.27,https://www.bdfutbol.com/en/t/t1993-9410040.html,1994,Centre Midfielder,Lokomotiv Moskva,russia_1993_explicit_identity_gate,,Alenichev,99450,https://www.bdfutbol.com/en/j/j99450.html,9496678.jpg,40,55,JPEG,RGB,ready_for_download
9496618,Dmitri Ananko,Dmitri,Ananko,,1973-09-29,40,Rusia,DEF,617,Spartak Moskva,russia_league_rosters_0.27,BDFutbol 1993 squad; identity/position audit v0.27,https://www.bdfutbol.com/en/t/t1993-9410023.html,1994,Centre Back,Spartak Moskva,russia_1993_explicit_identity_gate,,Dmitri Ananko,84989,https://www.bdfutbol.com/en/j/j84989.html,9496618.jpg,40,55,JPEG,RGB,ready_for_download
9494090,Dmitri Khlestov,Dmitri,Khlestov,,1971-01-21T00:00:00,40,Rusia,MED,617,Spartak Moskva,,BDFutbol 1993 squad; identity/position audit v0.27,https://www.bdfutbol.com/en/t/t1993-9410023.html,1994,Centre Midfielder,Spartak Moskva,russia_1993_explicit_identity_gate,9494090,Dmitri Khlestov,,,9494090.jpg,40,55,JPEG,RGB,pending_identity_profile
9496616,Fyodor Cherenkov,Fyodor,Cherenkov,,1959-07-25,40,Rusia,MED,617,Spartak Moskva,russia_league_rosters_0.27,BDFutbol 1993 squad; identity/position audit v0.27,https://www.bdfutbol.com/en/t/t1993-9410023.html,1994,Centre Midfielder,Spartak Moskva,russia_1993_explicit_identity_gate,,Fyodor Cherenkov,41922,https://www.bdfutbol.com/en/j/j41922.html,9496616.jpg,40,55,JPEG,RGB,ready_for_download
9494089,Igor Lediakhov,Igor,Lediakhov,,1968-05-22T00:00:00,40,Rusia,MED,617,Spartak Moskva,,BDFutbol 1993 squad; identity/position audit v0.27,https://www.bdfutbol.com/en/t/t1993-9410023.html,1994,Centre Midfielder,Spartak Moskva,russia_1993_explicit_identity_gate,9494089,Igor Lediakhov,,,9494089.jpg,40,55,JPEG,RGB,pending_identity_profile
9496643,Igor Vitalyevich Simutenkov,Igor Vitalyevich,Simutenkov,,1973-04-03T00:00:00,40,Rusia,DEL,9315002,Dynamo Moskva,russia_league_rosters_0.27,BDFutbol 1993 squad; identity/position audit v0.27,https://www.bdfutbol.com/en/t/t1993-9410165.html,1994,Centre Forward,Dynamo Moskva,russia_1993_explicit_identity_gate,,Simutenkov,1084,https://www.bdfutbol.com/en/j/j1084.html,9496643.jpg,40,55,JPEG,RGB,ready_for_download
9494087,Ilya Tsymbalar,Ilya,Tsymbalar,,1969-06-17T00:00:00,40,Rusia,MED,617,Spartak Moskva,,BDFutbol 1993 squad; identity/position audit v0.27,https://www.bdfutbol.com/en/t/t1993-9410023.html,1994,Centre Midfielder,Spartak Moskva,russia_1993_explicit_identity_gate,9494087,Ilya Tsymbalar,,,9494087.jpg,40,55,JPEG,RGB,pending_identity_profile
9496615,Nikolai Pisarev,Nikolai,Pisarev,,1968-11-23,40,Rusia,DEL,617,Spartak Moskva,russia_league_rosters_0.27,BDFutbol 1993 squad; identity/position audit v0.27,https://www.bdfutbol.com/en/t/t1993-9410023.html,1994,Centre Forward,Spartak Moskva,russia_1993_explicit_identity_gate,,Nikolai Pisarev,2091,https://www.bdfutbol.com/en/j/j2091.html,9496615.jpg,40,55,JPEG,RGB,ready_for_download
9494086,Omari Tetradze,Omari,Tetradze,,1969-10-13T00:00:00,40,Rusia,DEF,9315002,Dynamo Moskva,,BDFutbol 1993 squad; identity/position audit v0.27,https://www.bdfutbol.com/en/t/t1993-9410165.html,1994,Centre Back,Dynamo Moskva,russia_1993_explicit_identity_gate,9494086,Omari Tetradze,,,9494086.jpg,40,55,JPEG,RGB,pending_identity_profile
9495357,Ramiz Mamedov,Ramiz,Mamedov,,1972-05-21T00:00:00,40,Rusia,DEF,617,Spartak Moskva,bel_tur_rus_national_depth_0.24,BDFutbol 1993 squad; identity/position audit v0.27,https://www.bdfutbol.com/en/t/t1993-9410023.html,1994,Left Back,Spartak Moskva,russia_1993_explicit_identity_gate,9495357,Ramiz Mamedov,,,9495357.jpg,40,55,JPEG,RGB,pending_identity_profile
9495356,Rashid Rahimov,Rashid,Rahimov,,1965-03-18,40,Rusia,DEF,9400040,Otros-Rusia,bel_tur_rus_national_depth_0.24,National-Football-Teams historical national-team year records; club cross-check in 1993-94 window,https://www.national-football-teams.com/country/152/1994/Russia.html,1994,Left Back,Austria Wien,created_after_global_existing_player_comparison,,Rashid Rahimov,,,9495356.jpg,40,55,JPEG,RGB,pending
9494080,Sergei Gorlukovich,Sergei,Gorlukovich,,1961-11-18,40,Rusia,DEF,9400040,Otros-Rusia,world_cup_1994,Fjelstul World Cup Database,,,,,created_after_global_existing_player_comparison,,Sergei Gorlukovich,,,9494080.jpg,40,55,JPEG,RGB,pending
9496671,Sergei Ivanovich Ovchinnikov,Sergei Ivanovich,Ovchinnikov,,1970-11-10T00:00:00,40,Rusia,POR,9315004,Lokomotiv Moskva,russia_league_rosters_0.27,BDFutbol 1993 squad; identity/position audit v0.27,https://www.bdfutbol.com/en/t/t1993-9410040.html,1994,Goalkeeper,Lokomotiv Moskva,russia_1993_explicit_identity_gate,,Ovchinnikov,71772,https://www.bdfutbol.com/en/j/j71772.html,9496671.jpg,40,55,JPEG,RGB,ready_for_download
9495360,Sergei Podpaly,Sergei,Podpaly,,1963-09-13T00:00:00,40,Rusia,MED,9315004,Lokomotiv Moskva,bel_tur_rus_national_depth_0.24,BDFutbol 1993 squad; identity/position audit v0.27,https://www.bdfutbol.com/en/t/t1993-9410040.html,1994,Defensive Midfielder,Lokomotiv Moskva,russia_1993_explicit_identity_gate,9495360,Sergei Podpaly,,,9495360.jpg,40,55,JPEG,RGB,pending_identity_profile
9494084,Valeri Karpin,Valeri,Karpin,,1969-02-02T00:00:00,40,Rusia,MED,617,Spartak Moskva,,BDFutbol 1993 squad; identity/position audit v0.27,https://www.bdfutbol.com/en/t/t1993-9410023.html,1994,Centre Midfielder,Spartak Moskva,russia_1993_explicit_identity_gate,9494084,Valeri Karpin,,,9494084.jpg,40,55,JPEG,RGB,pending_identity_profile
9494088,Viktor Onopko,Viktor,Onopko,,1969-10-14,40,Rusia,DEF,617,Spartak Moskva,,BDFutbol 1993 squad; identity/position audit v0.27,https://www.bdfutbol.com/en/t/t1993-9410023.html,1994,Centre Back,Spartak Moskva,russia_1993_explicit_identity_gate,9494088,Viktor Onopko,2609,https://www.bdfutbol.com/en/j/j2609.html,9494088.jpg,40,55,JPEG,RGB,ready_for_download
9494085,Vladimir Beschastnykh,Vladimir,Beschastnykh,,1974-04-01T00:00:00,40,Rusia,DEL,617,Spartak Moskva,,BDFutbol 1993 squad; identity/position audit v0.27,https://www.bdfutbol.com/en/t/t1993-9410023.html,1994,Centre Forward,Spartak Moskva,russia_1993_explicit_identity_gate,9494085,Vladimir Beschastnykh,,,9494085.jpg,40,55,JPEG,RGB,pending_identity_profile
9495359,Vladimir Tatarchuk,Vladimir,Tatarchuk,,1966-04-25,40,Rusia,MED,9400040,Otros-Rusia,bel_tur_rus_national_depth_0.24,National-Football-Teams historical national-team year records; club cross-check in 1993-94 window,https://www.national-football-teams.com/country/152/1994/Russia.html,1994,Left Midfielder,Al-Ittihad Doha,created_after_global_existing_player_comparison,,Vladimir Tatarchuk,,,9495359.jpg,40,55,JPEG,RGB,pending
9494082,Vladislav Ternavsky,Vladislav,Ternavsky,,1969-05-02,40,Rusia,DEF,9400040,Otros-Rusia,world_cup_1994,Fjelstul World Cup Database,,,,,created_after_global_existing_player_comparison,,Vladislav Ternavsky,,,9494082.jpg,40,55,JPEG,RGB,pending
9495358,Yuri Kovtun,Yuri,Kovtun,,1970-01-05T00:00:00,40,Rusia,DEF,9315002,Dynamo Moskva,bel_tur_rus_national_depth_0.24,BDFutbol 1993 squad; identity/position audit v0.27,https://www.bdfutbol.com/en/t/t1993-9410165.html,1994,Left Back,Dynamo Moskva,russia_1993_explicit_identity_gate,9495358,Yuri Kovtun,,,9495358.jpg,40,55,JPEG,RGB,pending_identity_profile
9494081,Yuri Nikiforov,Yuri,Nikiforov,,1970-09-16T00:00:00,40,Rusia,DEF,617,Spartak Moskva,,BDFutbol 1993 squad; identity/position audit v0.27,https://www.bdfutbol.com/en/t/t1993-9410023.html,1994,Centre Back,Spartak Moskva,russia_1993_explicit_identity_gate,9494081,Yuri Nikiforov,,,9494081.jpg,40,55,JPEG,RGB,pending_identity_profile
9495355,Zaur Khapov,Zaur,Khapov,,1964-10-21T00:00:00,40,Rusia,POR,9315005,Spartak Vladikavkaz,bel_tur_rus_national_depth_0.24,BDFutbol 1993 squad; identity/position audit v0.27,https://www.bdfutbol.com/en/t/t1993-9410778.html,1994,Goalkeeper,Spartak Vladikavkaz,russia_1993_explicit_identity_gate,9495355,Zaur Khapov,,,9495355.jpg,40,55,JPEG,RGB,pending_identity_profile
9497124,Boskovic,,Boskovic,,,75,Serbia,MED,9347013,Apollon Athinas,greece_league_rosters_0.28,RSSSF Greece 1993/94 roster section; identity/position audit v0.28,https://www.rsssf.org/tablesg/grk94.html,,Centre Midfielder,Apollon Athinas,greece_1993_94_explicit_identity_gate,,Boskovic,,,9497124.jpg,40,55,JPEG,RGB,pending_identity_profile
9497159,Branislav Koitcic,Branislav,Koitcic,,1965-01-12T00:00:00,75,Serbia,MED,9347015,Doxa Dramas,greece_league_rosters_0.28,RSSSF Greece 1993/94 roster section; identity/position audit v0.28,https://www.rsssf.org/tablesg/grk94.html,,Defensive Midfielder,Doxa Dramas,greece_1993_94_explicit_identity_gate,,Branislav Koitcic,,,9497159.jpg,40,55,JPEG,RGB,pending_identity_profile
9497111,Danir Spica,Danir,Spica,,1962-11-11T00:00:00,75,Serbia,MED,9347012,Athinaikos,greece_league_rosters_0.28,RSSSF Greece 1993/94 roster section; identity/position audit v0.28,https://www.rsssf.org/tablesg/grk94.html,,Centre Midfielder,Athinaikos,greece_1993_94_explicit_identity_gate,,Danir Spica,,,9497111.jpg,40,55,JPEG,RGB,pending_identity_profile
9497094,Davor Jiakovlevic,Davor,Jiakovlevic,,1967-09-07T00:00:00,75,Serbia,DEL,9347011,Levadiakos,greece_league_rosters_0.28,RSSSF Greece 1993/94 roster section; identity/position audit v0.28,https://www.rsssf.org/tablesg/grk94.html,,Centre Forward,Levadiakos,greece_1993_94_explicit_identity_gate,,Davor Jiakovlevic,,,9497094.jpg,40,55,JPEG,RGB,pending_identity_profile
9497018,Dragan Djuganovic,Dragan,Djuganovic,,1969-10-29T00:00:00,75,Serbia,MED,9347007,OFI Irakliou,greece_league_rosters_0.28,RSSSF Greece 1993/94 roster section; identity/position audit v0.28,https://www.rsssf.org/tablesg/grk94.html,,Defensive Midfielder,OFI Irakliou,greece_1993_94_explicit_identity_gate,,Dragan Djuganovic,,,9497018.jpg,40,55,JPEG,RGB,pending_identity_profile
9497000,Ivan Jiovanovic,Ivan,Jiovanovic,,1962-07-08T00:00:00,75,Serbia,MED,9347006,Iraklis Thessalonikis,greece_league_rosters_0.28,RSSSF Greece 1993/94 roster section; identity/position audit v0.28,https://www.rsssf.org/tablesg/grk94.html,,Defensive Midfielder,Iraklis Thessalonikis,greece_1993_94_explicit_identity_gate,,Ivan Jiovanovic,,,9497000.jpg,40,55,JPEG,RGB,pending_identity_profile
9497214,Jionovic,,Jionovic,,,75,Serbia,MED,9347018,Naousa,greece_league_rosters_0.28,RSSSF Greece 1993/94 roster section; identity/position audit v0.28,https://www.rsssf.org/tablesg/grk94.html,,Centre Midfielder,Naousa,greece_1993_94_explicit_identity_gate,,Jionovic,,,9497214.jpg,40,55,JPEG,RGB,pending_identity_profile
9496973,Lubisa Milojevic,Lubisa,Milojevic,,1967-04-01T00:00:00,75,Serbia,DEL,9347004,Aris Thessalonikis,greece_league_rosters_0.28,RSSSF Greece 1993/94 roster section; identity/position audit v0.28,https://www.rsssf.org/tablesg/grk94.html,,Right Winger,Aris Thessalonikis,greece_1993_94_explicit_identity_gate,,Lubisa Milojevic,,,9496973.jpg,40,55,JPEG,RGB,pending_identity_profile
9497175,Milan Marisic,Milan,Marisic,,1964-10-12T00:00:00,75,Serbia,DEF,9347016,Panachaiki,greece_league_rosters_0.28,RSSSF Greece 1993/94 roster section; identity/position audit v0.28,https://www.rsssf.org/tablesg/grk94.html,,Centre Back,Panachaiki,greece_1993_94_explicit_identity_gate,,Milan Marisic,,,9497175.jpg,40,55,JPEG,RGB,pending_identity_profile
9497004,Milan Petsanovic,Milan,Petsanovic,,1973-07-18T00:00:00,75,Serbia,MED,9347006,Iraklis Thessalonikis,greece_league_rosters_0.28,RSSSF Greece 1993/94 roster section; identity/position audit v0.28,https://www.rsssf.org/tablesg/grk94.html,,Left Midfielder,Iraklis Thessalonikis,greece_1993_94_explicit_identity_gate,,Milan Petsanovic,,,9497004.jpg,40,55,JPEG,RGB,pending_identity_profile
9497126,Milenko Kosavevic,Milenko,Kosavevic,,1963-11-06T00:00:00,75,Serbia,MED,9347013,Apollon Athinas,greece_league_rosters_0.28,RSSSF Greece 1993/94 roster section; identity/position audit v0.28,https://www.rsssf.org/tablesg/grk94.html,,Right Midfielder,Apollon Athinas,greece_1993_94_explicit_identity_gate,,Milenko Kosavevic,,,9497126.jpg,40,55,JPEG,RGB,pending_identity_profile
9497055,Miliko Pantic,Miliko,Pantic,,1966-06-05T00:00:00,75,Serbia,MED,9347009,Panionios,greece_league_rosters_0.28,RSSSF Greece 1993/94 roster section; identity/position audit v0.28,https://www.rsssf.org/tablesg/grk94.html,,Right Midfielder,Panionios,greece_1993_94_explicit_identity_gate,,Miliko Pantic,,,9497055.jpg,40,55,JPEG,RGB,pending_identity_profile
9497166,Miroslav Alexic,Miroslav,Alexic,,1960-07-21T00:00:00,75,Serbia,DEL,9347015,Doxa Dramas,greece_league_rosters_0.28,RSSSF Greece 1993/94 roster section; identity/position audit v0.28,https://www.rsssf.org/tablesg/grk94.html,,Centre Forward,Doxa Dramas,greece_1993_94_explicit_identity_gate,,Miroslav Alexic,,,9497166.jpg,40,55,JPEG,RGB,pending_identity_profile
9497218,Miroslav Zifkovic,Miroslav,Zifkovic,,1970-07-12T00:00:00,75,Serbia,MED,9347018,Naousa,greece_league_rosters_0.28,RSSSF Greece 1993/94 roster section; identity/position audit v0.28,https://www.rsssf.org/tablesg/grk94.html,,Centre Midfielder,Naousa,greece_1993_94_explicit_identity_gate,,Miroslav Zifkovic,,,9497218.jpg,40,55,JPEG,RGB,pending_identity_profile
9497053,Neboisa Krupnikovic,Neboisa,Krupnikovic,,,75,Serbia,MED,9347009,Panionios,greece_league_rosters_0.28,RSSSF Greece 1993/94 roster section; identity/position audit v0.28,https://www.rsssf.org/tablesg/grk94.html,,Centre Midfielder,Panionios,greece_1993_94_explicit_identity_gate,,Neboisa Krupnikovic,,,9497053.jpg,40,55,JPEG,RGB,pending_identity_profile
9496996,Predrag Erak,Predrag,Erak,,1970-07-01T00:00:00,75,Serbia,DEF,9347006,Iraklis Thessalonikis,greece_league_rosters_0.28,RSSSF Greece 1993/94 roster section; identity/position audit v0.28,https://www.rsssf.org/tablesg/grk94.html,,Right Back,Iraklis Thessalonikis,greece_1993_94_explicit_identity_gate,,Predrag Erak,,,9496996.jpg,40,55,JPEG,RGB,pending_identity_profile
9497150,Sasha Skara,Sasha,Skara,,1967-10-18T00:00:00,75,Serbia,DEL,9347014,Edessaikos,greece_league_rosters_0.28,RSSSF Greece 1993/94 roster section; identity/position audit v0.28,https://www.rsssf.org/tablesg/grk94.html,,Left Winger,Edessaikos,greece_1993_94_explicit_identity_gate,,Sasha Skara,,,9497150.jpg,40,55,JPEG,RGB,pending_identity_profile
9497197,Sergian Savisevic,Sergian,Savisevic,,1971-06-14T00:00:00,75,Serbia,MED,9347017,Apollon Kalamarias,greece_league_rosters_0.28,RSSSF Greece 1993/94 roster section; identity/position audit v0.28,https://www.rsssf.org/tablesg/grk94.html,,Attacking Midfielder,Apollon Kalamarias,greece_1993_94_explicit_identity_gate,,Sergian Savisevic,,,9497197.jpg,40,55,JPEG,RGB,pending_identity_profile
9497179,Sinisa Gonzalovic,Sinisa,Gonzalovic,,1966-10-24T00:00:00,75,Serbia,MED,9347016,Panachaiki,greece_league_rosters_0.28,RSSSF Greece 1993/94 roster section; identity/position audit v0.28,https://www.rsssf.org/tablesg/grk94.html,,Attacking Midfielder,Panachaiki,greece_1993_94_explicit_identity_gate,,Sinisa Gonzalovic,,,9497179.jpg,40,55,JPEG,RGB,pending_identity_profile
9497090,Vladimir Koic,Vladimir,Koic,,1965-07-12T00:00:00,75,Serbia,MED,9347011,Levadiakos,greece_league_rosters_0.28,RSSSF Greece 1993/94 roster section; identity/position audit v0.28,https://www.rsssf.org/tablesg/grk94.html,,Attacking Midfielder,Levadiakos,greece_1993_94_explicit_identity_gate,,Vladimir Koic,,,9497090.jpg,40,55,JPEG,RGB,pending_identity_profile
9497168,Zeliko Lekovic,Zeliko,Lekovic,,1970-12-07T00:00:00,75,Serbia,DEL,9347015,Doxa Dramas,greece_league_rosters_0.28,RSSSF Greece 1993/94 roster section; identity/position audit v0.28,https://www.rsssf.org/tablesg/grk94.html,,Left Winger,Doxa Dramas,greece_1993_94_explicit_identity_gate,,Zeliko Lekovic,,,9497168.jpg,40,55,JPEG,RGB,pending_identity_profile
9496972,Zoran Loncar,Zoran,Loncar,,1966-05-08T00:00:00,75,Serbia,DEL,9347004,Aris Thessalonikis,greece_league_rosters_0.28,RSSSF Greece 1993/94 roster section; identity/position audit v0.28,https://www.rsssf.org/tablesg/grk94.html,,Centre Forward,Aris Thessalonikis,greece_1993_94_explicit_identity_gate,,Zoran Loncar,,,9496972.jpg,40,55,JPEG,RGB,pending_identity_profile
9494099,Håkan Mild,Håkan,Mild,,1971-06-14,79,Suecia,MED,9400079,Otros-Suecia,world_cup_1994,Fjelstul World Cup Database,,,,,created_after_global_existing_player_comparison,,Håkan Mild,,,9494099.jpg,40,55,JPEG,RGB,pending
9494101,Jesper Blomqvist,Jesper,Blomqvist,,1974-02-05,79,Suecia,MED,9400079,Otros-Suecia,world_cup_1994,Fjelstul World Cup Database,,,,,created_after_global_existing_player_comparison,,Jesper Blomqvist,,,9494101.jpg,40,55,JPEG,RGB,pending
9494092,Joachim Björklund,Joachim,Björklund,,1971-03-15,79,Suecia,DEF,9400079,Otros-Suecia,world_cup_1994,Fjelstul World Cup Database,,,,,created_after_global_existing_player_comparison,,Joachim Björklund,,,9494092.jpg,40,55,JPEG,RGB,pending
9494094,Lars Eriksson,Lars,Eriksson,,1965-09-21,79,Suecia,POR,9400079,Otros-Suecia,world_cup_1994,Fjelstul World Cup Database,,,,,created_after_global_existing_player_comparison,,Lars Eriksson,,,9494094.jpg,40,55,JPEG,RGB,pending
9494100,Magnus Erlingmark,Magnus,Erlingmark,,1968-07-08,79,Suecia,DEF,9400079,Otros-Suecia,world_cup_1994,Fjelstul World Cup Database,,,,,created_after_global_existing_player_comparison,,Magnus Erlingmark,,,9494100.jpg,40,55,JPEG,RGB,pending
9494102,Magnus Hedman,Magnus,Hedman,,1973-03-19,79,Suecia,POR,9400079,Otros-Suecia,world_cup_1994,Fjelstul World Cup Database,,,,,created_after_global_existing_player_comparison,,Magnus Hedman,,,9494102.jpg,40,55,JPEG,RGB,pending
9494095,Mikael Nilsson,Mikael,Nilsson,,1968-09-28,79,Suecia,DEF,9400079,Otros-Suecia,world_cup_1994,Fjelstul World Cup Database,,,,,created_after_global_existing_player_comparison,,Mikael Nilsson,,,9494095.jpg,40,55,JPEG,RGB,pending
9494096,Pontus Kåmark,Pontus,Kåmark,,1969-04-05,79,Suecia,DEF,9400079,Otros-Suecia,world_cup_1994,Fjelstul World Cup Database,,,,,created_after_global_existing_player_comparison,,Pontus Kåmark,,,9494096.jpg,40,55,JPEG,RGB,pending
9494093,Roger Ljung,Roger,Ljung,,1966-01-08,79,Suecia,DEF,645,Galatasaray,world_cup_1994,Fjelstul World Cup Database,,,Centre Back,Galatasaray,created_after_global_existing_player_comparison,,Roger Ljung,80039,https://www.bdfutbol.com/en/j/j80039.html,9494093.jpg,40,55,JPEG,RGB,ready_for_download
9494098,Stefan Rehn,Stefan,Rehn,,1966-09-22,79,Suecia,MED,9400079,Otros-Suecia,world_cup_1994,Fjelstul World Cup Database,,,,,created_after_global_existing_player_comparison,,Stefan Rehn,,,9494098.jpg,40,55,JPEG,RGB,pending
9494097,Teddy Lučić,Teddy,Lučić,,1973-04-15,79,Suecia,DEF,9400079,Otros-Suecia,world_cup_1994,Fjelstul World Cup Database,,,,,created_after_global_existing_player_comparison,,Teddy Lučić,,,9494097.jpg,40,55,JPEG,RGB,pending
9494091,Thomas Ravelli,Thomas,Ravelli,,1959-08-13,79,Suecia,POR,9400079,Otros-Suecia,world_cup_1994,Fjelstul World Cup Database,,,,,created_after_global_existing_player_comparison,,Thomas Ravelli,,,9494091.jpg,40,55,JPEG,RGB,pending
9494035,Alain Geiger,Alain,Geiger,,1960-11-05,80,Suiza,DEF,9400080,Otros-Suiza,world_cup_1994,Fjelstul World Cup Database,,,,,created_after_global_existing_player_comparison,,Alain Geiger,,,9494035.jpg,40,55,JPEG,RGB,pending
9494039,André Egli,André,Egli,,1958-05-08,80,Suiza,DEF,9400080,Otros-Suiza,world_cup_1994,Fjelstul World Cup Database,,,,,created_after_global_existing_player_comparison,,André Egli,,,9494039.jpg,40,55,JPEG,RGB,pending
9494037,Christophe Ohrel,Christophe,Ohrel,,1968-04-07,80,Suiza,DEF,9400080,Otros-Suiza,world_cup_1994,Fjelstul World Cup Database,,,,,created_after_global_existing_player_comparison,,Christophe Ohrel,,,9494037.jpg,40,55,JPEG,RGB,pending
9494034,Dominique Herr,Dominique,Herr,,1965-10-25,80,Suiza,MED,9400080,Otros-Suiza,world_cup_1994,Fjelstul World Cup Database,,,,,created_after_global_existing_player_comparison,,Dominique Herr,,,9494034.jpg,40,55,JPEG,RGB,pending
9494036,Georges Bregy,Georges,Bregy,,1958-01-17,80,Suiza,MED,9400080,Otros-Suiza,world_cup_1994,Fjelstul World Cup Database,,,,,created_after_global_existing_player_comparison,,Georges Bregy,,,9494036.jpg,40,55,JPEG,RGB,pending
9494045,Jürg Studer,Jürg,Studer,,1966-09-08,80,Suiza,DEF,9400080,Otros-Suiza,world_cup_1994,Fjelstul World Cup Database,,,,,created_after_global_existing_player_comparison,,Jürg Studer,,,9494045.jpg,40,55,JPEG,RGB,pending
9496358,Kubilay Türkyılmaz,Kubilay,Türkyılmaz,,1967-03-04,80,Suiza,DEL,645,Galatasaray,turkey_league_rosters_0.26,BDFutbol 1993-94 squad; identity/position audit v0.26,https://www.bdfutbol.com/en/t/t1993-9410020.html,1994,Centre Forward,Galatasaray,turkey_1993_94_explicit_identity_gate,,Kubilay Türkyılmaz,95868,https://www.bdfutbol.com/en/j/j95868.html,9496358.jpg,40,55,JPEG,RGB,ready_for_download
9494032,Marc Hottiger,Marc,Hottiger,,1967-11-07,80,Suiza,DEF,9400080,Otros-Suiza,world_cup_1994,Fjelstul World Cup Database,,,,,created_after_global_existing_player_comparison,,Marc Hottiger,,,9494032.jpg,40,55,JPEG,RGB,pending
9494041,Marco Grassi,Marco,Grassi,,1968-08-08,80,Suiza,DEL,9400080,Otros-Suiza,world_cup_1994,Fjelstul World Cup Database,,,,,created_after_global_existing_player_comparison,,Marco Grassi,,,9494041.jpg,40,55,JPEG,RGB,pending
9494031,Marco Pascolo,Marco,Pascolo,,1966-05-09,80,Suiza,POR,9400080,Otros-Suiza,world_cup_1994,Fjelstul World Cup Database,,,,,created_after_global_existing_player_comparison,,Marco Pascolo,,,9494031.jpg,40,55,JPEG,RGB,pending
9494048,Martin Brunner,Martin,Brunner,,1963-04-23,80,Suiza,POR,9400080,Otros-Suiza,world_cup_1994,Fjelstul World Cup Database,,,,,created_after_global_existing_player_comparison,,Martin Brunner,,,9494048.jpg,40,55,JPEG,RGB,pending
9494044,Martin Rueda,Martin,Rueda,,1963-01-09,80,Suiza,DEF,9400080,Otros-Suiza,world_cup_1994,Fjelstul World Cup Database,,,,,created_after_global_existing_player_comparison,,Martin Rueda,,,9494044.jpg,40,55,JPEG,RGB,pending
9494040,Nestor Subiat,Nestor,Subiat,,1966-04-23,80,Suiza,DEL,9400080,Otros-Suiza,world_cup_1994,Fjelstul World Cup Database,,,,,created_after_global_existing_player_comparison,,Nestor Subiat,,,9494040.jpg,40,55,JPEG,RGB,pending
9494046,Patrick Sylvestre,Patrick,Sylvestre,,1968-09-01,80,Suiza,MED,9400080,Otros-Suiza,world_cup_1994,Fjelstul World Cup Database,,,,,created_after_global_existing_player_comparison,,Patrick Sylvestre,,,9494046.jpg,40,55,JPEG,RGB,pending
9494038,Stephan Lehmann,Stephan,Lehmann,,1963-08-15,80,Suiza,POR,9400080,Otros-Suiza,world_cup_1994,Fjelstul World Cup Database,,,,,created_after_global_existing_player_comparison,,Stephan Lehmann,,,9494038.jpg,40,55,JPEG,RGB,pending
9494043,Sébastien Fournier,Sébastien,Fournier,,1971-06-27,80,Suiza,MED,9400080,Otros-Suiza,world_cup_1994,Fjelstul World Cup Database,,,,,created_after_global_existing_player_comparison,,Sébastien Fournier,,,9494043.jpg,40,55,JPEG,RGB,pending
9494042,Thomas Bickel,Thomas,Bickel,,1963-10-06,80,Suiza,MED,9400080,Otros-Suiza,world_cup_1994,Fjelstul World Cup Database,,,,,created_after_global_existing_player_comparison,,Thomas Bickel,,,9494042.jpg,40,55,JPEG,RGB,pending
9494047,Thomas Wyss,Thomas,Wyss,,1966-08-29,80,Suiza,MED,9400080,Otros-Suiza,world_cup_1994,Fjelstul World Cup Database,,,,,created_after_global_existing_player_comparison,,Thomas Wyss,,,9494047.jpg,40,55,JPEG,RGB,pending
9494033,Yvan Quentin,Yvan,Quentin,,1970-05-02,80,Suiza,DEF,9400080,Otros-Suiza,world_cup_1994,Fjelstul World Cup Database,,,,,created_after_global_existing_player_comparison,,Yvan Quentin,,,9494033.jpg,40,55,JPEG,RGB,pending
9495335,Abdullah Ercan,Abdullah,Ercan,,1971-12-08T00:00:00,84,Turquía,MED,9357002,Trabzonspor,bel_tur_rus_national_depth_0.24,BDFutbol 1993-94 squad; identity/position audit v0.26,https://www.bdfutbol.com/en/t/t1993-9410047.html,1994,Left Midfielder,Trabzonspor,turkey_1993_94_explicit_identity_gate,9495335,Abdullah Ercan,,,9495335.jpg,40,55,JPEG,RGB,pending_identity_profile
9496359,Ahmet Bulut,Ahmet,Bulut,,1969-07-04,84,Turquía,POR,645,Galatasaray,turkey_league_rosters_0.26,BDFutbol 1993-94 squad; identity/position audit v0.26,https://www.bdfutbol.com/en/t/t1993-9410020.html,1994,Goalkeeper,Galatasaray,turkey_1993_94_explicit_identity_gate,,Ahmet Bulut,702755,https://www.bdfutbol.com/en/j/j702755.html,9496359.jpg,40,55,JPEG,RGB,ready_for_download
9496357,Ali Erdal Keser,Ali Erdal,Keser,,1961-06-20,84,Turquía,MED,645,Galatasaray,turkey_league_rosters_0.26,BDFutbol 1993-94 squad; identity/position audit v0.26,https://www.bdfutbol.com/en/t/t1993-9410020.html,1994,Defensive Midfielder,Galatasaray,turkey_1993_94_explicit_identity_gate,,Ali Erdal Keser,91805,https://www.bdfutbol.com/en/j/j91805.html,9496357.jpg,40,55,JPEG,RGB,ready_for_download
9495322,Ali Günçar,Ali,Günçar,,1970-05-19T00:00:00,84,Turquía,DEF,644,Beşiktaş,bel_tur_rus_national_depth_0.24,BDFutbol 1993-94 squad; identity/position audit v0.26,https://www.bdfutbol.com/en/t/t1993-9410031.html,1994,Centre Back,Beşiktaş,turkey_1993_94_explicit_identity_gate,9495322,Ali Günçar,,,9495322.jpg,40,55,JPEG,RGB,pending_identity_profile
9495354,Arif Erdem,Arif,Erdem,,1972-01-02T00:00:00,84,Turquía,DEL,645,Galatasaray,bel_tur_rus_national_depth_0.24,BDFutbol 1993-94 squad; identity/position audit v0.26,https://www.bdfutbol.com/en/t/t1993-9410020.html,1994,Centre Forward,Galatasaray,turkey_1993_94_explicit_identity_gate,9495354,Arif Erdem,,,9495354.jpg,40,55,JPEG,RGB,pending_identity_profile
9495351,Aykut Kocaman,Aykut,Kocaman,,1965-04-05T00:00:00,84,Turquía,DEL,9357001,Fenerbahçe,bel_tur_rus_national_depth_0.24,BDFutbol 1993-94 squad; identity/position audit v0.26,https://www.bdfutbol.com/en/t/t1993-9410178.html,1994,Centre Forward,Fenerbahçe,turkey_1993_94_explicit_identity_gate,9495351,Aykut Kocaman,,,9495351.jpg,40,55,JPEG,RGB,pending_identity_profile
9495319,Bülent Korkmaz,Bülent,Korkmaz,,1968-11-24T00:00:00,84,Turquía,DEF,645,Galatasaray,bel_tur_rus_national_depth_0.24,BDFutbol 1993-94 squad; identity/position audit v0.26,https://www.bdfutbol.com/en/t/t1993-9410020.html,1994,Centre Back,Galatasaray,turkey_1993_94_explicit_identity_gate,9495319,Bülent Korkmaz,,,9495319.jpg,40,55,JPEG,RGB,pending_identity_profile
9495352,Bülent Uygun,Bülent,Uygun,,1971-08-01T00:00:00,84,Turquía,DEL,9357001,Fenerbahçe,bel_tur_rus_national_depth_0.24,BDFutbol 1993-94 squad; identity/position audit v0.26,https://www.bdfutbol.com/en/t/t1993-9410178.html,1994,Centre Forward,Fenerbahçe,turkey_1993_94_explicit_identity_gate,9495352,Bülent Uygun,,,9495352.jpg,40,55,JPEG,RGB,pending_identity_profile
9495328,Cengiz Atila,Cengiz,Atila,,1966-07-27T00:00:00,84,Turquía,DEF,9357002,Trabzonspor,bel_tur_rus_national_depth_0.24,BDFutbol 1993-94 squad; identity/position audit v0.26,https://www.bdfutbol.com/en/t/t1993-9410047.html,1994,Centre Back,Trabzonspor,turkey_1993_94_explicit_identity_gate,9495328,Cengiz Atila,,,9495328.jpg,40,55,JPEG,RGB,pending_identity_profile
9495325,Emre Aşık,Emre,Aşık,,1973-12-13,84,Turquía,DEF,9357001,Fenerbahçe,bel_tur_rus_national_depth_0.24,National-Football-Teams historical national-team year records; club cross-check in 1993-94 window,https://www.national-football-teams.com/country/192/1993/Turkey.html,1993,Centre Back,Fenerbahçe,created_after_global_existing_player_comparison,,Emre Aşık,,,9495325.jpg,40,55,JPEG,RGB,pending
9495315,Engin İpekoğlu,Engin,İpekoğlu,,1961-06-07T00:00:00,84,Turquía,POR,9357001,Fenerbahçe,bel_tur_rus_national_depth_0.24,BDFutbol 1993-94 squad; identity/position audit v0.26,https://www.bdfutbol.com/en/t/t1993-9410178.html,1994,Goalkeeper,Fenerbahçe,turkey_1993_94_explicit_identity_gate,9495315,Engin İpekoğlu,,,9495315.jpg,40,55,JPEG,RGB,pending_identity_profile
9495329,Ergün Penbe,Ergün,Penbe,,1972-05-17,84,Turquía,DEF,645,Galatasaray,bel_tur_rus_national_depth_0.24,National-Football-Teams historical national-team year records; club cross-check in 1993-94 window,https://www.national-football-teams.com/country/192/1993/Turkey.html,1994,Left Back,Galatasaray,created_after_global_existing_player_comparison,,Ergün Penbe,,,9495329.jpg,40,55,JPEG,RGB,pending
9495350,Ertuğrul Sağlam,Ertuğrul,Sağlam,,1969-11-19T00:00:00,84,Turquía,DEL,9357003,Samsunspor,bel_tur_rus_national_depth_0.24,BDFutbol 1993-94 squad; identity/position audit v0.26,https://www.bdfutbol.com/en/t/t1993-9411698.html,1994,Centre Forward,Samsunspor,turkey_1993_94_explicit_identity_gate,9495350,Ertuğrul Sağlam,,,9495350.jpg,40,55,JPEG,RGB,pending_identity_profile
9495347,Feyyaz Uçar,Feyyaz,Uçar,,1963-10-27T00:00:00,84,Turquía,DEL,644,Beşiktaş,bel_tur_rus_national_depth_0.24,BDFutbol 1993-94 squad; identity/position audit v0.26,https://www.bdfutbol.com/en/t/t1993-9410031.html,1994,Centre Forward,Beşiktaş,turkey_1993_94_explicit_identity_gate,9495347,Feyyaz Uçar,,,9495347.jpg,40,55,JPEG,RGB,pending_identity_profile
9495323,Gökhan Keskin,Gökhan,Keskin,,1965-02-01T00:00:00,84,Turquía,DEF,644,Beşiktaş,bel_tur_rus_national_depth_0.24,BDFutbol 1993-94 squad; identity/position audit v0.26,https://www.bdfutbol.com/en/t/t1993-9410031.html,1994,Libero,Beşiktaş,turkey_1993_94_explicit_identity_gate,9495323,Gökhan Keskin,,,9495323.jpg,40,55,JPEG,RGB,pending_identity_profile
9495348,Hakan Şükür,Hakan,Şükür,,1971-09-01T00:00:00,84,Turquía,DEL,645,Galatasaray,bel_tur_rus_national_depth_0.24,BDFutbol 1993-94 squad; identity/position audit v0.26,https://www.bdfutbol.com/en/t/t1993-9410020.html,1994,Centre Forward,Galatasaray,turkey_1993_94_explicit_identity_gate,9495348,Hakan Şükür,,,9495348.jpg,40,55,JPEG,RGB,pending_identity_profile
9495349,Hami Mandıralı,Hami,Mandıralı,,1968-07-20,84,Turquía,DEL,9357002,Trabzonspor,bel_tur_rus_national_depth_0.24,National-Football-Teams historical national-team year records; club cross-check in 1993-94 window,https://www.national-football-teams.com/country/192/1993/Turkey.html,1993,Secondary Striker,Trabzonspor,created_after_global_existing_player_comparison,,Hami Mandıralı,,,9495349.jpg,40,55,JPEG,RGB,pending
9495337,Hamza Hamzaoğlu,Hamza,Hamzaoğlu,,1970-01-15T00:00:00,84,Turquía,MED,645,Galatasaray,bel_tur_rus_national_depth_0.24,BDFutbol 1993-94 squad; identity/position audit v0.26,https://www.bdfutbol.com/en/t/t1993-9410020.html,1994,Left Midfielder,Galatasaray,turkey_1993_94_explicit_identity_gate,9495337,Hamza Hamzaoğlu,,,9495337.jpg,40,55,JPEG,RGB,pending_identity_profile
9495316,Hayrettin Demirbaş,Hayrettin,Demirbaş,,1963-06-26T00:00:00,84,Turquía,POR,645,Galatasaray,bel_tur_rus_national_depth_0.24,BDFutbol 1993-94 squad; identity/position audit v0.26,https://www.bdfutbol.com/en/t/t1993-9410020.html,1994,Goalkeeper,Galatasaray,turkey_1993_94_explicit_identity_gate,9495316,Hayrettin Demirbaş,,,9495316.jpg,40,55,JPEG,RGB,pending_identity_profile
9495334,Mehmet Özdilek,Mehmet,Özdilek,,1966-04-01T00:00:00,84,Turquía,MED,644,Beşiktaş,bel_tur_rus_national_depth_0.24,BDFutbol 1993-94 squad; identity/position audit v0.26,https://www.bdfutbol.com/en/t/t1993-9410031.html,1994,Attacking Midfielder,Beşiktaş,turkey_1993_94_explicit_identity_gate,9495334,Mehmet Özdilek,,,9495334.jpg,40,55,JPEG,RGB,pending_identity_profile
9496353,Mert Korkmaz,Mert,Korkmaz,,1971-08-16,84,Turquía,DEF,645,Galatasaray,turkey_league_rosters_0.26,BDFutbol 1993-94 squad; identity/position audit v0.26,https://www.bdfutbol.com/en/t/t1993-9410020.html,1994,Centre Back,Galatasaray,turkey_1993_94_explicit_identity_gate,,Mert Korkmaz,54548,https://www.bdfutbol.com/en/j/j54548.html,9496353.jpg,40,55,JPEG,RGB,ready_for_download
9496360,Mustafa Kocabey,Mustafa,Kocabey,,1974-10-06,84,Turquía,DEL,645,Galatasaray,turkey_league_rosters_0.26,BDFutbol 1993-94 squad; identity/position audit v0.26,https://www.bdfutbol.com/en/t/t1993-9410020.html,1994,Centre Forward,Galatasaray,turkey_1993_94_explicit_identity_gate,,Mustafa Kocabey,702754,https://www.bdfutbol.com/en/j/j702754.html,9496360.jpg,40,55,JPEG,RGB,ready_for_download
9495330,Mutlu Topçu,Mutlu,Topçu,,1970-11-16T00:00:00,84,Turquía,DEF,644,Beşiktaş,bel_tur_rus_national_depth_0.24,BDFutbol 1993-94 squad; identity/position audit v0.26,https://www.bdfutbol.com/en/t/t1993-9410031.html,1994,Left Back,Beşiktaş,turkey_1993_94_explicit_identity_gate,9495330,Mutlu Topçu,,,9495330.jpg,40,55,JPEG,RGB,pending_identity_profile
9496355,Nezih Ali Boloğlu,Nezih Ali,Boloğlu,,1964-08-04,84,Turquía,POR,645,Galatasaray,turkey_league_rosters_0.26,BDFutbol 1993-94 squad; identity/position audit v0.26,https://www.bdfutbol.com/en/t/t1993-9410020.html,1994,Goalkeeper,Galatasaray,turkey_1993_94_explicit_identity_gate,,Nezih Ali Boloğlu,702614,https://www.bdfutbol.com/en/j/j702614.html,9496355.jpg,40,55,JPEG,RGB,ready_for_download
9495321,Ogün Temizkanoğlu,Ogün,Temizkanoğlu,,1969-10-06T00:00:00,84,Turquía,DEF,9357002,Trabzonspor,bel_tur_rus_national_depth_0.24,BDFutbol 1993-94 squad; identity/position audit v0.26,https://www.bdfutbol.com/en/t/t1993-9410047.html,1994,Centre Back,Trabzonspor,turkey_1993_94_explicit_identity_gate,9495321,Ogün Temizkanoğlu,,,9495321.jpg,40,55,JPEG,RGB,pending_identity_profile
9495340,Okan Buruk,Okan,Buruk,,1973-10-19,84,Turquía,MED,645,Galatasaray,bel_tur_rus_national_depth_0.24,National-Football-Teams historical national-team year records; club cross-check in 1993-94 window,https://www.national-football-teams.com/country/192/1993/Turkey.html,1992,Right Midfielder,Galatasaray,created_after_global_existing_player_comparison,,Okan Buruk,,,9495340.jpg,40,55,JPEG,RGB,pending
9495346,Orhan Çıkırıkçı,Orhan,Çıkırıkçı,,1967-04-15,84,Turquía,DEL,9357002,Trabzonspor,bel_tur_rus_national_depth_0.24,National-Football-Teams historical national-team year records; club cross-check in 1993-94 window,https://www.national-football-teams.com/country/192/1993/Turkey.html,1993,Left Winger,Trabzonspor,created_after_global_existing_player_comparison,,Orhan Çıkırıkçı,,,9495346.jpg,40,55,JPEG,RGB,pending
9495332,Oğuz Çetin,Oğuz,Çetin,,1963-02-15T00:00:00,84,Turquía,MED,9357001,Fenerbahçe,bel_tur_rus_national_depth_0.24,BDFutbol 1993-94 squad; identity/position audit v0.26,https://www.bdfutbol.com/en/t/t1993-9410178.html,1994,Centre Midfielder,Fenerbahçe,turkey_1993_94_explicit_identity_gate,9495332,Oğuz Çetin,,,9495332.jpg,40,55,JPEG,RGB,pending_identity_profile
9495320,Recep Çetin,Recep,Çetin,,1965-10-01T00:00:00,84,Turquía,DEF,644,Beşiktaş,bel_tur_rus_national_depth_0.24,BDFutbol 1993-94 squad; identity/position audit v0.26,https://www.bdfutbol.com/en/t/t1993-9410031.html,1994,Right Back,Beşiktaş,turkey_1993_94_explicit_identity_gate,9495320,Recep Çetin,,,9495320.jpg,40,55,JPEG,RGB,pending_identity_profile
9495317,Rüştü Reçber,Rüştü,Reçber,,1973-05-10,84,Turquía,POR,9357001,Fenerbahçe,bel_tur_rus_national_depth_0.24,National-Football-Teams historical national-team year records; club cross-check in 1993-94 window,https://www.national-football-teams.com/country/192/1993/Turkey.html,1994,Goalkeeper,Fenerbahçe,created_after_global_existing_player_comparison,,Rüştü Reçber,,,9495317.jpg,40,55,JPEG,RGB,pending
9495341,Rıdvan Dilmen,Rıdvan,Dilmen,,1962-08-15,84,Turquía,MED,9357001,Fenerbahçe,bel_tur_rus_national_depth_0.24,National-Football-Teams historical national-team year records; club cross-check in 1993-94 window,https://www.national-football-teams.com/country/192/1993/Turkey.html,1992,Right Midfielder,Fenerbahçe,created_after_global_existing_player_comparison,,Rıdvan Dilmen,,,9495341.jpg,40,55,JPEG,RGB,pending
9495338,Rıza Çalımbay,Rıza,Çalımbay,,1963-02-02,84,Turquía,MED,644,Beşiktaş,bel_tur_rus_national_depth_0.24,National-Football-Teams historical national-team year records; club cross-check in 1993-94 window,https://www.national-football-teams.com/country/192/1993/Turkey.html,1992,Right Midfielder,Beşiktaş,created_after_global_existing_player_comparison,,Rıza Çalımbay,,,9495338.jpg,40,55,JPEG,RGB,pending
9495353,Saffet Sancaklı,Saffet,Sancaklı,,1966-02-27,84,Turquía,DEL,9357004,Kocaelispor,bel_tur_rus_national_depth_0.24,National-Football-Teams historical national-team year records; club cross-check in 1993-94 window,https://www.national-football-teams.com/country/192/1993/Turkey.html,1993,Centre Forward,Kocaelispor,created_after_global_existing_player_comparison,,Saffet Sancaklı,,,9495353.jpg,40,55,JPEG,RGB,pending
9495326,Sedat Balkanlı,Sedat,Balkanlı,,1965-01-15,84,Turquía,DEF,9357007,Bursaspor,bel_tur_rus_national_depth_0.24,National-Football-Teams historical national-team year records; club cross-check in 1993-94 window,https://www.national-football-teams.com/country/192/1993/Turkey.html,1993,Centre Back,Bursaspor,created_after_global_existing_player_comparison,,Sedat Balkanlı,,,9495326.jpg,40,55,JPEG,RGB,pending
9495345,Sergen Yalçın,Sergen,Yalçın,,1972-10-05,84,Turquía,MED,644,Beşiktaş,bel_tur_rus_national_depth_0.24,National-Football-Teams historical national-team year records; club cross-check in 1993-94 window,https://www.national-football-teams.com/country/192/1993/Turkey.html,1994,Attacking Midfielder,Beşiktaş,created_after_global_existing_player_comparison,,Sergen Yalçın,,,9495345.jpg,40,55,JPEG,RGB,pending
9495324,Serhat Güller,Serhat,Güller,,1968-12-18T00:00:00,84,Turquía,DEF,9357009,Ankaragücü,bel_tur_rus_national_depth_0.24,BDFutbol 1993-94 squad; identity/position audit v0.26,https://www.bdfutbol.com/en/t/t1993-9410353.html,1994,Centre Back,Ankaragücü,turkey_1993_94_explicit_identity_gate,9495324,Serhat Güller,,,9495324.jpg,40,55,JPEG,RGB,pending_identity_profile
9495336,Suat Kaya,Suat,Kaya,,1967-08-26T00:00:00,84,Turquía,MED,645,Galatasaray,bel_tur_rus_national_depth_0.24,BDFutbol 1993-94 squad; identity/position audit v0.26,https://www.bdfutbol.com/en/t/t1993-9410020.html,1994,Defensive Midfielder,Galatasaray,turkey_1993_94_explicit_identity_gate,9495336,Suat Kaya,,,9495336.jpg,40,55,JPEG,RGB,pending_identity_profile
9495344,Tolunay Kafkas,Tolunay,Kafkas,,1968-03-31T00:00:00,84,Turquía,MED,9357002,Trabzonspor,bel_tur_rus_national_depth_0.24,BDFutbol 1993-94 squad; identity/position audit v0.26,https://www.bdfutbol.com/en/t/t1993-9410047.html,1994,Defensive Midfielder,Trabzonspor,turkey_1993_94_explicit_identity_gate,9495344,Tolunay Kafkas,,,9495344.jpg,40,55,JPEG,RGB,pending_identity_profile
9495331,Tugay Kerimoğlu,Tugay,Kerimoğlu,,1970-08-24T00:00:00,84,Turquía,MED,645,Galatasaray,bel_tur_rus_national_depth_0.24,BDFutbol 1993-94 squad; identity/position audit v0.26,https://www.bdfutbol.com/en/t/t1993-9410020.html,1994,Defensive Midfielder,Galatasaray,turkey_1993_94_explicit_identity_gate,9495331,Tugay Kerimoğlu,,,9495331.jpg,40,55,JPEG,RGB,pending_identity_profile
9495339,Turhan Sofuoğlu,Turhan,Sofuoğlu,,1965-08-19,84,Turquía,MED,9357001,Fenerbahçe,bel_tur_rus_national_depth_0.24,National-Football-Teams historical national-team year records; club cross-check in 1993-94 window,https://www.national-football-teams.com/country/192/1993/Turkey.html,1992,Defensive Midfielder,Fenerbahçe,created_after_global_existing_player_comparison,,Turhan Sofuoğlu,,,9495339.jpg,40,55,JPEG,RGB,pending
9495342,Uğur Tütüneker,Uğur,Tütüneker,,1963-08-02T00:00:00,84,Turquía,MED,645,Galatasaray,bel_tur_rus_national_depth_0.24,BDFutbol 1993-94 squad; identity/position audit v0.26,https://www.bdfutbol.com/en/t/t1993-9410020.html,1994,Attacking Midfielder,Galatasaray,turkey_1993_94_explicit_identity_gate,9495342,Uğur Tütüneker,,,9495342.jpg,40,55,JPEG,RGB,pending_identity_profile
9495327,Yusuf Tepekule,Yusuf,Tepekule,,1968-01-15T00:00:00,84,Turquía,DEF,645,Galatasaray,bel_tur_rus_national_depth_0.24,BDFutbol 1993-94 squad; identity/position audit v0.26,https://www.bdfutbol.com/en/t/t1993-9410020.html,1994,Centre Back,Galatasaray,turkey_1993_94_explicit_identity_gate,9495327,Yusuf Tepekule,,,9495327.jpg,40,55,JPEG,RGB,pending_identity_profile
9495333,Ünal Karaman,Ünal,Karaman,,1966-06-29T00:00:00,84,Turquía,MED,9357002,Trabzonspor,bel_tur_rus_national_depth_0.24,BDFutbol 1993-94 squad; identity/position audit v0.26,https://www.bdfutbol.com/en/t/t1993-9410047.html,1994,Centre Midfielder,Trabzonspor,turkey_1993_94_explicit_identity_gate,9495333,Ünal Karaman,,,9495333.jpg,40,55,JPEG,RGB,pending_identity_profile
9495343,İlker Yağcıoğlu,İlker,Yağcıoğlu,,1966-03-10,84,Turquía,MED,9357001,Fenerbahçe,bel_tur_rus_national_depth_0.24,National-Football-Teams historical national-team year records; club cross-check in 1993-94 window,https://www.national-football-teams.com/country/192/1993/Turkey.html,1994,Midfielder,Fenerbahçe,created_after_global_existing_player_comparison,,İlker Yağcıoğlu,,,9495343.jpg,40,55,JPEG,RGB,pending
9495318,Şanver Göymen,Şanver,Göymen,,1967-01-22T00:00:00,84,Turquía,POR,9357008,Altay,bel_tur_rus_national_depth_0.24,BDFutbol 1993-94 squad; identity/position audit v0.26,https://www.bdfutbol.com/en/t/t1993-9411414.html,1994,Goalkeeper,Altay,turkey_1993_94_explicit_identity_gate,9495318,Şanver Göymen,,,9495318.jpg,40,55,JPEG,RGB,pending_identity_profile
9496617,Aleksandr Pomazun,Aleksandr,Pomazun,,1971-10-11,85,Ucrania,POR,617,Spartak Moskva,russia_league_rosters_0.27,BDFutbol 1993 squad; identity/position audit v0.27,https://www.bdfutbol.com/en/t/t1993-9410023.html,1994,Goalkeeper,Spartak Moskva,russia_1993_explicit_identity_gate,,Aleksandr Pomazun,590782,https://www.bdfutbol.com/en/j/j590782.html,9496617.jpg,40,55,JPEG,RGB,ready_for_download
9496954,Gennadi Litovcenko,Gennadi,Litovcenko,,,85,Ucrania,MED,9347003,Olympiakos Pireas,greece_league_rosters_0.28,RSSSF Greece 1993/94 roster section; identity/position audit v0.28,https://www.rsssf.org/tablesg/grk94.html,,Right Midfielder,Olympiakos Pireas,greece_1993_94_explicit_identity_gate,,Gennadi Litovcenko,,,9496954.jpg,40,55,JPEG,RGB,pending_identity_profile
9496957,Oleg Protasov,Oleg,Protasov,,1964-02-14T00:00:00,85,Ucrania,DEL,9347003,Olympiakos Pireas,greece_league_rosters_0.28,RSSSF Greece 1993/94 roster section; identity/position audit v0.28,https://www.rsssf.org/tablesg/grk94.html,,Right Winger,Olympiakos Pireas,greece_1993_94_explicit_identity_gate,,Oleg Protasov,,,9496957.jpg,40,55,JPEG,RGB,pending_identity_profile
9495000,Dragoje Leković,Dragoje,Leković,,1967-11-21,75,Yugoslavia,POR,9400075,Otros-Yugoslavia,near_functional_national_teams_0.22,National-Football-Teams / historical career record,,,,FK Budućnost Titograd,created_after_global_existing_player_comparison,,Dragoje Leković,,,9495000.jpg,40,55,JPEG,RGB,pending
