source_id,display_name,first_name,surname1,surname2,birth_date,country_id,country_name,broad_position,team_id,team_name,creation_batch,identity_source,identity_source_url,verified_national_pool_year,historical_position_1993_94,historical_club_1994,overall,attribute_source,profile_review_required,profile_review_batch,profile_confidence,duplicate_check,matched_existing_id,world_cup_1994_team_code,world_cup_1994_shirt_number,bdfutbol_search_name,bdfutbol_id,bdfutbol_url,photo_filename,photo_status
9494000,Óscar Córdoba,Óscar,Córdoba,,1970-02-03,26,Colombia,POR,9400026,Otros-Colombia,world_cup_1994,Fjelstul World Cup Database,,,,,79,fixed_source_comparable_review_0.23,False,created_player_profile_audit_0.23,high,created_after_global_existing_player_comparison,,COL,1,Óscar Córdoba,,,9494000.jpg,pending
9494001,Andrés Escobar,Andrés,Escobar,,1967-03-13,26,Colombia,DEF,9400026,Otros-Colombia,world_cup_1994,Fjelstul World Cup Database,,,,,81,fixed_source_comparable_review_0.23,False,created_player_profile_audit_0.23,high,created_after_global_existing_player_comparison,,COL,2,Andrés Escobar,,,9494001.jpg,pending
9494002,Alexis Mendoza,Alexis,Mendoza,,1961-11-08,26,Colombia,DEF,9400026,Otros-Colombia,world_cup_1994,Fjelstul World Cup Database,,,,,77,fixed_source_comparable_review_0.23,False,created_player_profile_audit_0.23,high,created_after_global_existing_player_comparison,,COL,3,Alexis Mendoza,,,9494002.jpg,pending
9494003,Luis Fernando Herrera,Luis Fernando,Herrera,,1962-06-12,26,Colombia,DEF,9400026,Otros-Colombia,world_cup_1994,Fjelstul World Cup Database,,,,,78,fixed_source_comparable_review_0.23,False,created_player_profile_audit_0.23,high,created_after_global_existing_player_comparison,,COL,4,Luis Fernando Herrera,,,9494003.jpg,pending
9494004,Hermán Gaviria,Hermán,Gaviria,,1969-11-27,26,Colombia,MED,9400026,Otros-Colombia,world_cup_1994,Fjelstul World Cup Database,,,,,76,fixed_source_comparable_review_0.23,False,created_player_profile_audit_0.23,high,created_after_global_existing_player_comparison,,COL,5,Hermán Gaviria,,,9494004.jpg,pending
9494005,Gabriel Gómez,Gabriel,Gómez,,1959-12-08,26,Colombia,MED,9400026,Otros-Colombia,world_cup_1994,Fjelstul World Cup Database,,,,,76,fixed_source_comparable_review_0.23,False,created_player_profile_audit_0.23,high,created_after_global_existing_player_comparison,,COL,6,Gabriel Gómez,,,9494005.jpg,pending
9494006,Antony de Ávila,Antony,de Ávila,,1962-12-21,26,Colombia,DEL,9400026,Otros-Colombia,world_cup_1994,Fjelstul World Cup Database,,,,,77,fixed_source_comparable_review_0.23,False,created_player_profile_audit_0.23,high,created_after_global_existing_player_comparison,,COL,7,Antony de Ávila,,,9494006.jpg,pending
9494007,John Harold Lozano,John Harold,Lozano,,1972-03-30,26,Colombia,MED,9400026,Otros-Colombia,world_cup_1994,Fjelstul World Cup Database,,,,,76,fixed_source_comparable_review_0.23,False,created_player_profile_audit_0.23,conservative,created_after_global_existing_player_comparison,,COL,8,John Harold Lozano,,,9494007.jpg,pending
9494008,Iván Valenciano,Iván,Valenciano,,1972-03-18,26,Colombia,DEL,9400026,Otros-Colombia,world_cup_1994,Fjelstul World Cup Database,,,,,75,fixed_source_comparable_review_0.23,False,created_player_profile_audit_0.23,high,created_after_global_existing_player_comparison,,COL,9,Iván Valenciano,,,9494008.jpg,pending
9494009,Néstor Ortiz,Néstor,Ortiz,,1968-09-20,26,Colombia,DEF,9400026,Otros-Colombia,world_cup_1994,Fjelstul World Cup Database,,,,,74,fixed_source_comparable_review_0.23,False,created_player_profile_audit_0.23,conservative,created_after_global_existing_player_comparison,,COL,13,Néstor Ortiz,,,9494009.jpg,pending
9494010,Leonel Álvarez,Leonel,Álvarez,,1965-07-29,26,Colombia,MED,9400026,Otros-Colombia,world_cup_1994,Fjelstul World Cup Database,,,,,80,fixed_source_comparable_review_0.23,False,created_player_profile_audit_0.23,high,created_after_global_existing_player_comparison,,COL,14,Leonel Álvarez,,,9494010.jpg,pending
9494011,Mauricio Serna,Mauricio,Serna,,1968-01-22,26,Colombia,MED,9400026,Otros-Colombia,world_cup_1994,Fjelstul World Cup Database,,,,,74,fixed_source_comparable_review_0.23,False,created_player_profile_audit_0.23,high,created_after_global_existing_player_comparison,,COL,17,Mauricio Serna,,,9494011.jpg,pending
9494012,Óscar Cortés,Óscar,Cortés,,1968-10-19,26,Colombia,DEF,9400026,Otros-Colombia,world_cup_1994,Fjelstul World Cup Database,,,,,73,fixed_source_comparable_review_0.23,False,created_player_profile_audit_0.23,conservative,created_after_global_existing_player_comparison,,COL,18,Óscar Cortés,,,9494012.jpg,pending
9494013,Wilson Pérez,Wilson,Pérez,,1967-08-06,26,Colombia,DEF,9400026,Otros-Colombia,world_cup_1994,Fjelstul World Cup Database,,,,,77,fixed_source_comparable_review_0.23,False,created_player_profile_audit_0.23,high,created_after_global_existing_player_comparison,,COL,20,Wilson Pérez,,,9494013.jpg,pending
9494014,José María Pazo,José María,Pazo,,1964-04-04,26,Colombia,POR,9400026,Otros-Colombia,world_cup_1994,Fjelstul World Cup Database,,,,,75,fixed_source_comparable_review_0.23,False,created_player_profile_audit_0.23,conservative,created_after_global_existing_player_comparison,,COL,22,José María Pazo,,,9494014.jpg,pending
9494015,Florin Prunea,Florin,Prunea,,1968-08-08,72,Rumanía,POR,9400072,Otros-Rumanía,world_cup_1994,Fjelstul World Cup Database,,,,,77,fixed_source_comparable_review_0.23,False,created_player_profile_audit_0.23,high,created_after_global_existing_player_comparison,,ROU,1,Florin Prunea,,,9494015.jpg,pending
9494016,Daniel Prodan,Daniel,Prodan,,1972-03-23,72,Rumanía,DEF,9400072,Otros-Rumanía,world_cup_1994,Fjelstul World Cup Database,,,,,79,fixed_source_comparable_review_0.23,False,created_player_profile_audit_0.23,high,created_after_global_existing_player_comparison,,ROU,3,Daniel Prodan,,,9494016.jpg,pending
9494017,Dorinel Munteanu,Dorinel,Munteanu,,1968-06-25,72,Rumanía,MED,9400072,Otros-Rumanía,world_cup_1994,Fjelstul World Cup Database,,,,,79,fixed_source_comparable_review_0.23,False,created_player_profile_audit_0.23,high,created_after_global_existing_player_comparison,,ROU,7,Dorinel Munteanu,,,9494017.jpg,pending
9494018,Iulian Chiriță,Iulian,Chiriță,,1967-02-02,72,Rumanía,MED,9400072,Otros-Rumanía,world_cup_1994,Fjelstul World Cup Database,,,,,75,fixed_source_comparable_review_0.23,False,created_player_profile_audit_0.23,high,created_after_global_existing_player_comparison,,ROU,8,Iulian Chiriță,,,9494018.jpg,pending
9494019,Ilie Dumitrescu,Ilie,Dumitrescu,,1969-01-06,72,Rumanía,DEL,9400072,Otros-Rumanía,world_cup_1994,Fjelstul World Cup Database,,,,,82,fixed_source_comparable_review_0.23,False,created_player_profile_audit_0.23,high,created_after_global_existing_player_comparison,,ROU,11,Ilie Dumitrescu,,,9494019.jpg,pending
9494020,Bogdan Stelea,Bogdan,Stelea,,1967-12-05,72,Rumanía,POR,9400072,Otros-Rumanía,world_cup_1994,Fjelstul World Cup Database,,,,,77,fixed_source_comparable_review_0.23,False,created_player_profile_audit_0.23,high,created_after_global_existing_player_comparison,,ROU,12,Bogdan Stelea,,,9494020.jpg,pending
9494021,Tibor Selymes,Tibor,Selymes,,1970-05-14,72,Rumanía,DEF,9400072,Otros-Rumanía,world_cup_1994,Fjelstul World Cup Database,,,,,77,fixed_source_comparable_review_0.23,False,created_player_profile_audit_0.23,high,created_after_global_existing_player_comparison,,ROU,13,Tibor Selymes,,,9494021.jpg,pending
9494022,Gheorghe Mihali,Gheorghe,Mihali,,1965-12-09,72,Rumanía,DEF,9400072,Otros-Rumanía,world_cup_1994,Fjelstul World Cup Database,,,,,77,fixed_source_comparable_review_0.23,False,created_player_profile_audit_0.23,high,created_after_global_existing_player_comparison,,ROU,14,Gheorghe Mihali,,,9494022.jpg,pending
9494023,Basarab Panduru,Basarab,Panduru,,1970-07-11,72,Rumanía,MED,9400072,Otros-Rumanía,world_cup_1994,Fjelstul World Cup Database,,,,,78,fixed_source_comparable_review_0.23,False,created_player_profile_audit_0.23,high,created_after_global_existing_player_comparison,,ROU,15,Basarab Panduru,,,9494023.jpg,pending
9494024,Ion Vlădoiu,Ion,Vlădoiu,,1968-11-05,72,Rumanía,DEL,9400072,Otros-Rumanía,world_cup_1994,Fjelstul World Cup Database,,,,,76,fixed_source_comparable_review_0.23,False,created_player_profile_audit_0.23,conservative,created_after_global_existing_player_comparison,,ROU,16,Ion Vlădoiu,,,9494024.jpg,pending
9494025,Viorel Moldovan,Viorel,Moldovan,,1972-07-08,72,Rumanía,DEL,9400072,Otros-Rumanía,world_cup_1994,Fjelstul World Cup Database,,,,,77,fixed_source_comparable_review_0.23,False,created_player_profile_audit_0.23,conservative,created_after_global_existing_player_comparison,,ROU,17,Viorel Moldovan,,,9494025.jpg,pending
9494026,Constantin Gâlcă,Constantin,Gâlcă,,1972-03-08,72,Rumanía,MED,9400072,Otros-Rumanía,world_cup_1994,Fjelstul World Cup Database,,,,,77,fixed_source_comparable_review_0.23,False,created_player_profile_audit_0.23,conservative,created_after_global_existing_player_comparison,,ROU,18,Constantin Gâlcă,,,9494026.jpg,pending
9494027,Corneliu Papură,Corneliu,Papură,,1973-09-05,72,Rumanía,DEF,9400072,Otros-Rumanía,world_cup_1994,Fjelstul World Cup Database,,,,,75,fixed_source_comparable_review_0.23,False,created_player_profile_audit_0.23,conservative,created_after_global_existing_player_comparison,,ROU,19,Corneliu Papură,,,9494027.jpg,pending
9494028,Ovidiu Stîngă,Ovidiu,Stîngă,,1972-12-05,72,Rumanía,MED,9400072,Otros-Rumanía,world_cup_1994,Fjelstul World Cup Database,,,,,77,fixed_source_comparable_review_0.23,False,created_player_profile_audit_0.23,conservative,created_after_global_existing_player_comparison,,ROU,20,Ovidiu Stîngă,,,9494028.jpg,pending
9494029,Marian Ivan,Marian,Ivan,,1969-01-06,72,Rumanía,DEL,9400072,Otros-Rumanía,world_cup_1994,Fjelstul World Cup Database,,,,,76,fixed_source_comparable_review_0.23,False,created_player_profile_audit_0.23,conservative,created_after_global_existing_player_comparison,,ROU,21,Marian Ivan,,,9494029.jpg,pending
9494030,Ștefan Preda,Ștefan,Preda,,1970-06-18,72,Rumanía,POR,9400072,Otros-Rumanía,world_cup_1994,Fjelstul World Cup Database,,,,,76,fixed_source_comparable_review_0.23,False,created_player_profile_audit_0.23,conservative,created_after_global_existing_player_comparison,,ROU,22,Ștefan Preda,,,9494030.jpg,pending
9494031,Marco Pascolo,Marco,Pascolo,,1966-05-09,80,Suiza,POR,9400080,Otros-Suiza,world_cup_1994,Fjelstul World Cup Database,,,,,77,fixed_source_comparable_review_0.23,False,created_player_profile_audit_0.23,medium,created_after_global_existing_player_comparison,,CHE,1,Marco Pascolo,,,9494031.jpg,pending
9494032,Marc Hottiger,Marc,Hottiger,,1967-11-07,80,Suiza,DEF,9400080,Otros-Suiza,world_cup_1994,Fjelstul World Cup Database,,,,,77,fixed_source_comparable_review_0.23,False,created_player_profile_audit_0.23,medium,created_after_global_existing_player_comparison,,CHE,2,Marc Hottiger,,,9494032.jpg,pending
9494033,Yvan Quentin,Yvan,Quentin,,1970-05-02,80,Suiza,DEF,9400080,Otros-Suiza,world_cup_1994,Fjelstul World Cup Database,,,,,77,fixed_source_comparable_review_0.23,False,created_player_profile_audit_0.23,medium,created_after_global_existing_player_comparison,,CHE,3,Yvan Quentin,,,9494033.jpg,pending
9494034,Dominique Herr,Dominique,Herr,,1965-10-25,80,Suiza,MED,9400080,Otros-Suiza,world_cup_1994,Fjelstul World Cup Database,,,,,77,fixed_source_comparable_review_0.23,False,created_player_profile_audit_0.23,medium,created_after_global_existing_player_comparison,,CHE,4,Dominique Herr,,,9494034.jpg,pending
9494035,Alain Geiger,Alain,Geiger,,1960-11-05,80,Suiza,DEF,9400080,Otros-Suiza,world_cup_1994,Fjelstul World Cup Database,,,,,79,fixed_source_comparable_review_0.23,False,created_player_profile_audit_0.23,high,created_after_global_existing_player_comparison,,CHE,5,Alain Geiger,,,9494035.jpg,pending
9494036,Georges Bregy,Georges,Bregy,,1958-01-17,80,Suiza,MED,9400080,Otros-Suiza,world_cup_1994,Fjelstul World Cup Database,,,,,77,fixed_source_comparable_review_0.23,False,created_player_profile_audit_0.23,high,created_after_global_existing_player_comparison,,CHE,6,Georges Bregy,,,9494036.jpg,pending
9494037,Christophe Ohrel,Christophe,Ohrel,,1968-04-07,80,Suiza,DEF,9400080,Otros-Suiza,world_cup_1994,Fjelstul World Cup Database,,,,,76,fixed_source_comparable_review_0.23,False,created_player_profile_audit_0.23,medium,created_after_global_existing_player_comparison,,CHE,8,Christophe Ohrel,,,9494037.jpg,pending
9494038,Stephan Lehmann,Stephan,Lehmann,,1963-08-15,80,Suiza,POR,9400080,Otros-Suiza,world_cup_1994,Fjelstul World Cup Database,,,,,76,fixed_source_comparable_review_0.23,False,created_player_profile_audit_0.23,conservative,created_after_global_existing_player_comparison,,CHE,12,Stephan Lehmann,,,9494038.jpg,pending
9494039,André Egli,André,Egli,,1958-05-08,80,Suiza,DEF,9400080,Otros-Suiza,world_cup_1994,Fjelstul World Cup Database,,,,,74,fixed_source_comparable_review_0.23,False,created_player_profile_audit_0.23,conservative,created_after_global_existing_player_comparison,,CHE,13,André Egli,,,9494039.jpg,pending
9494040,Nestor Subiat,Nestor,Subiat,,1966-04-23,80,Suiza,DEL,9400080,Otros-Suiza,world_cup_1994,Fjelstul World Cup Database,,,,,75,fixed_source_comparable_review_0.23,False,created_player_profile_audit_0.23,conservative,created_after_global_existing_player_comparison,,CHE,14,Nestor Subiat,,,9494040.jpg,pending
9494041,Marco Grassi,Marco,Grassi,,1968-08-08,80,Suiza,DEL,9400080,Otros-Suiza,world_cup_1994,Fjelstul World Cup Database,,,,,75,fixed_source_comparable_review_0.23,False,created_player_profile_audit_0.23,conservative,created_after_global_existing_player_comparison,,CHE,15,Marco Grassi,,,9494041.jpg,pending
9494042,Thomas Bickel,Thomas,Bickel,,1963-10-06,80,Suiza,MED,9400080,Otros-Suiza,world_cup_1994,Fjelstul World Cup Database,,,,,75,fixed_source_comparable_review_0.23,False,created_player_profile_audit_0.23,medium,created_after_global_existing_player_comparison,,CHE,16,Thomas Bickel,,,9494042.jpg,pending
9494043,Sébastien Fournier,Sébastien,Fournier,,1971-06-27,80,Suiza,MED,9400080,Otros-Suiza,world_cup_1994,Fjelstul World Cup Database,,,,,74,fixed_source_comparable_review_0.23,False,created_player_profile_audit_0.23,conservative,created_after_global_existing_player_comparison,,CHE,17,Sébastien Fournier,,,9494043.jpg,pending
9494044,Martin Rueda,Martin,Rueda,,1963-01-09,80,Suiza,DEF,9400080,Otros-Suiza,world_cup_1994,Fjelstul World Cup Database,,,,,76,fixed_source_comparable_review_0.23,False,created_player_profile_audit_0.23,conservative,created_after_global_existing_player_comparison,,CHE,18,Martin Rueda,,,9494044.jpg,pending
9494045,Jürg Studer,Jürg,Studer,,1966-09-08,80,Suiza,DEF,9400080,Otros-Suiza,world_cup_1994,Fjelstul World Cup Database,,,,,74,fixed_source_comparable_review_0.23,False,created_player_profile_audit_0.23,conservative,created_after_global_existing_player_comparison,,CHE,19,Jürg Studer,,,9494045.jpg,pending
9494046,Patrick Sylvestre,Patrick,Sylvestre,,1968-09-01,80,Suiza,MED,9400080,Otros-Suiza,world_cup_1994,Fjelstul World Cup Database,,,,,74,fixed_source_comparable_review_0.23,False,created_player_profile_audit_0.23,conservative,created_after_global_existing_player_comparison,,CHE,20,Patrick Sylvestre,,,9494046.jpg,pending
9494047,Thomas Wyss,Thomas,Wyss,,1966-08-29,80,Suiza,MED,9400080,Otros-Suiza,world_cup_1994,Fjelstul World Cup Database,,,,,76,fixed_source_comparable_review_0.23,False,created_player_profile_audit_0.23,conservative,created_after_global_existing_player_comparison,,CHE,21,Thomas Wyss,,,9494047.jpg,pending
9494048,Martin Brunner,Martin,Brunner,,1963-04-23,80,Suiza,POR,9400080,Otros-Suiza,world_cup_1994,Fjelstul World Cup Database,,,,,76,fixed_source_comparable_review_0.23,False,created_player_profile_audit_0.23,conservative,created_after_global_existing_player_comparison,,CHE,22,Martin Brunner,,,9494048.jpg,pending
9494049,Mike Lapper,Mike,Lapper,,1970-09-28,38,Estados Unidos,DEF,9400038,Otros-Estados Unidos,world_cup_1994,Fjelstul World Cup Database,,,,,73,fixed_source_comparable_review_0.23,False,created_player_profile_audit_0.23,conservative,created_after_global_existing_player_comparison,,USA,2,Mike Lapper,,,9494049.jpg,pending
9494050,Mike Burns,Mike,Burns,,1970-09-14,38,Estados Unidos,DEF,9400038,Otros-Estados Unidos,world_cup_1994,Fjelstul World Cup Database,,,,,73,fixed_source_comparable_review_0.23,False,created_player_profile_audit_0.23,conservative,created_after_global_existing_player_comparison,,USA,3,Mike Burns,,,9494050.jpg,pending
9494051,Thomas Dooley,Thomas,Dooley,,1961-05-12,38,Estados Unidos,MED,9400038,Otros-Estados Unidos,world_cup_1994,Fjelstul World Cup Database,,,,,77,fixed_source_comparable_review_0.23,False,created_player_profile_audit_0.23,high,created_after_global_existing_player_comparison,,USA,5,Thomas Dooley,,,9494051.jpg,pending
9494052,John Harkes,John,Harkes,,1967-03-08,38,Estados Unidos,MED,9400038,Otros-Estados Unidos,world_cup_1994,Fjelstul World Cup Database,,,,,78,fixed_source_comparable_review_0.23,False,created_player_profile_audit_0.23,high,created_after_global_existing_player_comparison,,USA,6,John Harkes,,,9494052.jpg,pending
9494053,Hugo Pérez,Hugo,Pérez,,1963-11-08,38,Estados Unidos,MED,734,Los Angeles Salsa,world_cup_1994,Fjelstul World Cup Database,,,,Los Angeles Salsa,73,fixed_source_comparable_review_0.23,False,created_player_profile_audit_0.23,medium,created_after_global_existing_player_comparison,,USA,7,Hugo Pérez,,,9494053.jpg,pending
9494054,Eric Wynalda,Eric,Wynalda,,1969-06-09,38,Estados Unidos,DEL,9400038,Otros-Estados Unidos,world_cup_1994,Fjelstul World Cup Database,,,,,77,fixed_source_comparable_review_0.23,False,created_player_profile_audit_0.23,high,created_after_global_existing_player_comparison,,USA,11,Eric Wynalda,,,9494054.jpg,pending
9494055,Juergen Sommer,Juergen,Sommer,,1969-02-27,38,Estados Unidos,POR,9400038,Otros-Estados Unidos,world_cup_1994,Fjelstul World Cup Database,,,,,72,fixed_source_comparable_review_0.23,False,created_player_profile_audit_0.23,conservative,created_after_global_existing_player_comparison,,USA,12,Juergen Sommer,,,9494055.jpg,pending
9494056,Cobi Jones,Cobi,Jones,,1970-06-16,38,Estados Unidos,MED,9400038,Otros-Estados Unidos,world_cup_1994,Fjelstul World Cup Database,,,,,74,fixed_source_comparable_review_0.23,False,created_player_profile_audit_0.23,high,created_after_global_existing_player_comparison,,USA,13,Cobi Jones,,,9494056.jpg,pending
9494057,Frank Klopas,Frank,Klopas,,1966-09-01,38,Estados Unidos,DEL,9400038,Otros-Estados Unidos,world_cup_1994,Fjelstul World Cup Database,,,,,73,fixed_source_comparable_review_0.23,False,created_player_profile_audit_0.23,conservative,created_after_global_existing_player_comparison,,USA,14,Frank Klopas,,,9494057.jpg,pending
9494058,Joe-Max Moore,Joe-Max,Moore,,1971-02-23,38,Estados Unidos,DEL,9400038,Otros-Estados Unidos,world_cup_1994,Fjelstul World Cup Database,,,,,71,fixed_source_comparable_review_0.23,False,created_player_profile_audit_0.23,conservative,created_after_global_existing_player_comparison,,USA,15,Joe-Max Moore,,,9494058.jpg,pending
9494059,Brad Friedel,Brad,Friedel,,1971-05-18,38,Estados Unidos,POR,9400038,Otros-Estados Unidos,world_cup_1994,Fjelstul World Cup Database,,,,,72,fixed_source_comparable_review_0.23,False,created_player_profile_audit_0.23,high,created_after_global_existing_player_comparison,,USA,18,Brad Friedel,,,9494059.jpg,pending
9494060,Claudio Reyna,Claudio,Reyna,,1973-07-20,38,Estados Unidos,MED,9400038,Otros-Estados Unidos,world_cup_1994,Fjelstul World Cup Database,,,,,72,fixed_source_comparable_review_0.23,False,created_player_profile_audit_0.23,high,created_after_global_existing_player_comparison,,USA,19,Claudio Reyna,,,9494060.jpg,pending
9494061,Paul Caligiuri,Paul,Caligiuri,,1964-03-09,38,Estados Unidos,DEF,9400038,Otros-Estados Unidos,world_cup_1994,Fjelstul World Cup Database,,,,,75,fixed_source_comparable_review_0.23,False,created_player_profile_audit_0.23,high,created_after_global_existing_player_comparison,,USA,20,Paul Caligiuri,,,9494061.jpg,pending
9494062,Fernando Clavijo,Fernando,Clavijo,,1956-01-23,38,Estados Unidos,DEF,9400038,Otros-Estados Unidos,world_cup_1994,Fjelstul World Cup Database,,,,,73,fixed_source_comparable_review_0.23,False,created_player_profile_audit_0.23,high,created_after_global_existing_player_comparison,,USA,21,Fernando Clavijo,,,9494062.jpg,pending
9494063,Rigobert Song,Rigobert,Song,,1976-07-01,66,Camerún,DEF,9400066,Otros-Camerún,world_cup_1994,Fjelstul World Cup Database,,,,,73,fixed_source_comparable_review_0.23,False,created_player_profile_audit_0.23,medium,created_after_global_existing_player_comparison,,CMR,3,Rigobert Song,,,9494063.jpg,pending
9494064,Samuel Ekemé,Samuel,Ekemé,,1966-07-12,66,Camerún,DEF,9400066,Otros-Camerún,world_cup_1994,Fjelstul World Cup Database,,,,,74,fixed_source_comparable_review_0.23,False,created_player_profile_audit_0.23,conservative,created_after_global_existing_player_comparison,,CMR,4,Samuel Ekemé,,,9494064.jpg,pending
9494065,Victor N'Dip,Victor,N'Dip,,1967-08-18,66,Camerún,DEF,9400066,Otros-Camerún,world_cup_1994,Fjelstul World Cup Database,,,,,73,fixed_source_comparable_review_0.23,False,created_player_profile_audit_0.23,medium,created_after_global_existing_player_comparison,,CMR,5,Victor N'Dip,,,9494065.jpg,pending
9494066,Thomas Libiih,Thomas,Libiih,,1967-11-17,66,Camerún,MED,9400066,Otros-Camerún,world_cup_1994,Fjelstul World Cup Database,,,,,75,fixed_source_comparable_review_0.23,False,created_player_profile_audit_0.23,medium,created_after_global_existing_player_comparison,,CMR,6,Thomas Libiih,,,9494066.jpg,pending
9494067,Émile Mbouh,Émile,Mbouh,,1966-05-30,66,Camerún,MED,9400066,Otros-Camerún,world_cup_1994,Fjelstul World Cup Database,,,,,74,fixed_source_comparable_review_0.23,False,created_player_profile_audit_0.23,medium,created_after_global_existing_player_comparison,,CMR,8,Émile Mbouh,,,9494067.jpg,pending
9494068,Roger Milla,Roger,Milla,,1952-05-20,66,Camerún,DEL,9400066,Otros-Camerún,world_cup_1994,Fjelstul World Cup Database,,,,,75,fixed_source_comparable_review_0.23,False,created_player_profile_audit_0.23,high,created_after_global_existing_player_comparison,,CMR,9,Roger Milla,,,9494068.jpg,pending
9494069,Louis-Paul M'Fédé,Louis-Paul,M'Fédé,,1961-02-26,66,Camerún,DEL,9400066,Otros-Camerún,world_cup_1994,Fjelstul World Cup Database,,,,,74,fixed_source_comparable_review_0.23,False,created_player_profile_audit_0.23,medium,created_after_global_existing_player_comparison,,CMR,10,Louis-Paul M'Fédé,,,9494069.jpg,pending
9494070,Emmanuel Maboang,Emmanuel,Maboang,,1968-11-27,66,Camerún,MED,9400066,Otros-Camerún,world_cup_1994,Fjelstul World Cup Database,,,,,74,fixed_source_comparable_review_0.23,False,created_player_profile_audit_0.23,conservative,created_after_global_existing_player_comparison,,CMR,11,Emmanuel Maboang,,,9494070.jpg,pending
9494071,Paul Loga,Paul,Loga,,1969-08-14,66,Camerún,MED,9400066,Otros-Camerún,world_cup_1994,Fjelstul World Cup Database,,,,,73,fixed_source_comparable_review_0.23,False,created_player_profile_audit_0.23,conservative,created_after_global_existing_player_comparison,,CMR,12,Paul Loga,,,9494071.jpg,pending
9494072,Raymond Kalla,Raymond,Kalla,,1975-04-22,66,Camerún,DEF,9400066,Otros-Camerún,world_cup_1994,Fjelstul World Cup Database,,,,,73,fixed_source_comparable_review_0.23,False,created_player_profile_audit_0.23,medium,created_after_global_existing_player_comparison,,CMR,13,Raymond Kalla,,,9494072.jpg,pending
9494073,Stephen Tataw,Stephen,Tataw,,1963-03-31,66,Camerún,DEF,9400066,Otros-Camerún,world_cup_1994,Fjelstul World Cup Database,,,,,76,fixed_source_comparable_review_0.23,False,created_player_profile_audit_0.23,high,created_after_global_existing_player_comparison,,CMR,14,Stephen Tataw,,,9494073.jpg,pending
9494074,Hans Agbo,Hans,Agbo,,1967-09-26,66,Camerún,DEF,9400066,Otros-Camerún,world_cup_1994,Fjelstul World Cup Database,,,,,74,fixed_source_comparable_review_0.23,False,created_player_profile_audit_0.23,medium,created_after_global_existing_player_comparison,,CMR,15,Hans Agbo,,,9494074.jpg,pending
9494075,Alphonse Tchami,Alphonse,Tchami,,1971-09-14,66,Camerún,DEL,9400066,Otros-Camerún,world_cup_1994,Fjelstul World Cup Database,,,,,74,fixed_source_comparable_review_0.23,False,created_player_profile_audit_0.23,conservative,created_after_global_existing_player_comparison,,CMR,16,Alphonse Tchami,,,9494075.jpg,pending
9494076,Marc-Vivien Foé,Marc-Vivien,Foé,,1975-05-01,66,Camerún,MED,9400066,Otros-Camerún,world_cup_1994,Fjelstul World Cup Database,,,,,73,fixed_source_comparable_review_0.23,False,created_player_profile_audit_0.23,high,created_after_global_existing_player_comparison,,CMR,17,Marc-Vivien Foé,,,9494076.jpg,pending
9494077,Jean-Pierre Fiala,Jean-Pierre,Fiala,,1969-04-22,66,Camerún,MED,9400066,Otros-Camerún,world_cup_1994,Fjelstul World Cup Database,,,,,74,fixed_source_comparable_review_0.23,False,created_player_profile_audit_0.23,conservative,created_after_global_existing_player_comparison,,CMR,18,Jean-Pierre Fiala,,,9494077.jpg,pending
9494078,Georges Mouyémé,Georges,Mouyémé,,1971-04-15,66,Camerún,DEL,9400066,Otros-Camerún,world_cup_1994,Fjelstul World Cup Database,,,,,73,fixed_source_comparable_review_0.23,False,created_player_profile_audit_0.23,conservative,created_after_global_existing_player_comparison,,CMR,20,Georges Mouyémé,,,9494078.jpg,pending
9494079,Thomas N'Kono,Thomas,N'Kono,,1956-07-20,66,Camerún,POR,793,CE L'Hospitalet,world_cup_1994,Fjelstul World Cup Database,,,,CE L'Hospitalet,77,fixed_source_comparable_review_0.23,False,created_player_profile_audit_0.23,high,created_after_global_existing_player_comparison,,CMR,21,Thomas N'Kono,,,9494079.jpg,pending
9494080,Sergei Gorlukovich,Sergei,Gorlukovich,,1961-11-18,40,Rusia,DEF,9400040,Otros-Rusia,world_cup_1994,Fjelstul World Cup Database,,,,,78,fixed_source_comparable_review_0.23,False,created_player_profile_audit_0.23,medium,created_after_global_existing_player_comparison,,RUS,3,Sergei Gorlukovich,,,9494080.jpg,pending
9494081,Yuri Nikiforov,Yuri,Nikiforov,,1970-09-16,40,Rusia,DEF,9400040,Otros-Rusia,world_cup_1994,Fjelstul World Cup Database,,,,,79,fixed_source_comparable_review_0.23,False,created_player_profile_audit_0.23,medium,created_after_global_existing_player_comparison,,RUS,5,Yuri Nikiforov,,,9494081.jpg,pending
9494082,Vladislav Ternavsky,Vladislav,Ternavsky,,1969-05-02,40,Rusia,DEF,9400040,Otros-Rusia,world_cup_1994,Fjelstul World Cup Database,,,,,78,fixed_source_comparable_review_0.23,False,created_player_profile_audit_0.23,medium,created_after_global_existing_player_comparison,,RUS,6,Vladislav Ternavsky,,,9494082.jpg,pending
9494083,Andrey Pyatnitsky,Andrey,Pyatnitsky,,1967-09-27,40,Rusia,MED,9400040,Otros-Rusia,world_cup_1994,Fjelstul World Cup Database,,,,,76,fixed_source_comparable_review_0.23,False,created_player_profile_audit_0.23,medium,created_after_global_existing_player_comparison,,RUS,7,Andrey Pyatnitsky,,,9494083.jpg,pending
9494084,Valeri Karpin,Valeri,Karpin,,1969-02-02,40,Rusia,MED,9400040,Otros-Rusia,world_cup_1994,Fjelstul World Cup Database,,,,,81,fixed_source_comparable_review_0.23,False,created_player_profile_audit_0.23,medium,created_after_global_existing_player_comparison,,RUS,10,Valeri Karpin,,,9494084.jpg,pending
9494085,Vladimir Beschastnykh,Vladimir,Beschastnykh,,1974-04-01,40,Rusia,DEL,9400040,Otros-Rusia,world_cup_1994,Fjelstul World Cup Database,,,,,76,fixed_source_comparable_review_0.23,False,created_player_profile_audit_0.23,conservative,created_after_global_existing_player_comparison,,RUS,11,Vladimir Beschastnykh,,,9494085.jpg,pending
9494086,Omari Tetradze,Omari,Tetradze,,1969-10-13,40,Rusia,DEF,9400040,Otros-Rusia,world_cup_1994,Fjelstul World Cup Database,,,,,77,fixed_source_comparable_review_0.23,False,created_player_profile_audit_0.23,medium,created_after_global_existing_player_comparison,,RUS,12,Omari Tetradze,,,9494086.jpg,pending
9494087,Ilya Tsymbalar,Ilya,Tsymbalar,,1969-06-17,40,Rusia,MED,9400040,Otros-Rusia,world_cup_1994,Fjelstul World Cup Database,,,,,79,fixed_source_comparable_review_0.23,False,created_player_profile_audit_0.23,medium,created_after_global_existing_player_comparison,,RUS,17,Ilya Tsymbalar,,,9494087.jpg,pending
9494088,Viktor Onopko,Viktor,Onopko,,1969-10-14,40,Rusia,DEF,9400040,Otros-Rusia,world_cup_1994,Fjelstul World Cup Database,,,,,80,fixed_source_comparable_review_0.23,False,created_player_profile_audit_0.23,medium,created_after_global_existing_player_comparison,,RUS,18,Viktor Onopko,,,9494088.jpg,pending
9494089,Igor Lediakhov,Igor,Lediakhov,,1968-05-22,40,Rusia,MED,9400040,Otros-Rusia,world_cup_1994,Fjelstul World Cup Database,,,,,76,fixed_source_comparable_review_0.23,False,created_player_profile_audit_0.23,medium,created_after_global_existing_player_comparison,,RUS,20,Igor Lediakhov,,,9494089.jpg,pending
9494090,Dmitri Khlestov,Dmitri,Khlestov,,1971-01-21,40,Rusia,MED,9400040,Otros-Rusia,world_cup_1994,Fjelstul World Cup Database,,,,,76,fixed_source_comparable_review_0.23,False,created_player_profile_audit_0.23,medium,created_after_global_existing_player_comparison,,RUS,21,Dmitri Khlestov,,,9494090.jpg,pending
9494091,Thomas Ravelli,Thomas,Ravelli,,1959-08-13,79,Suecia,POR,9400079,Otros-Suecia,world_cup_1994,Fjelstul World Cup Database,,,,,80,fixed_source_comparable_review_0.23,False,created_player_profile_audit_0.23,medium,created_after_global_existing_player_comparison,,SWE,1,Thomas Ravelli,,,9494091.jpg,pending
9494092,Joachim Björklund,Joachim,Björklund,,1971-03-15,79,Suecia,DEF,9400079,Otros-Suecia,world_cup_1994,Fjelstul World Cup Database,,,,,78,fixed_source_comparable_review_0.23,False,created_player_profile_audit_0.23,medium,created_after_global_existing_player_comparison,,SWE,4,Joachim Björklund,,,9494092.jpg,pending
9494093,Roger Ljung,Roger,Ljung,,1966-01-08,79,Suecia,DEF,9400079,Otros-Suecia,world_cup_1994,Fjelstul World Cup Database,,,,,79,fixed_source_comparable_review_0.23,False,created_player_profile_audit_0.23,medium,created_after_global_existing_player_comparison,,SWE,5,Roger Ljung,,,9494093.jpg,pending
9494094,Lars Eriksson,Lars,Eriksson,,1965-09-21,79,Suecia,POR,9400079,Otros-Suecia,world_cup_1994,Fjelstul World Cup Database,,,,,78,fixed_source_comparable_review_0.23,False,created_player_profile_audit_0.23,conservative,created_after_global_existing_player_comparison,,SWE,12,Lars Eriksson,,,9494094.jpg,pending
9494095,Mikael Nilsson,Mikael,Nilsson,,1968-09-28,79,Suecia,DEF,9400079,Otros-Suecia,world_cup_1994,Fjelstul World Cup Database,,,,,76,fixed_source_comparable_review_0.23,False,created_player_profile_audit_0.23,conservative,created_after_global_existing_player_comparison,,SWE,13,Mikael Nilsson,,,9494095.jpg,pending
9494096,Pontus Kåmark,Pontus,Kåmark,,1969-04-05,79,Suecia,DEF,9400079,Otros-Suecia,world_cup_1994,Fjelstul World Cup Database,,,,,77,fixed_source_comparable_review_0.23,False,created_player_profile_audit_0.23,medium,created_after_global_existing_player_comparison,,SWE,14,Pontus Kåmark,,,9494096.jpg,pending
9494097,Teddy Lučić,Teddy,Lučić,,1973-04-15,79,Suecia,DEF,9400079,Otros-Suecia,world_cup_1994,Fjelstul World Cup Database,,,,,76,fixed_source_comparable_review_0.23,False,created_player_profile_audit_0.23,conservative,created_after_global_existing_player_comparison,,SWE,15,Teddy Lučić,,,9494097.jpg,pending
9494098,Stefan Rehn,Stefan,Rehn,,1966-09-22,79,Suecia,MED,9400079,Otros-Suecia,world_cup_1994,Fjelstul World Cup Database,,,,,77,fixed_source_comparable_review_0.23,False,created_player_profile_audit_0.23,conservative,created_after_global_existing_player_comparison,,SWE,17,Stefan Rehn,,,9494098.jpg,pending
9494099,Håkan Mild,Håkan,Mild,,1971-06-14,79,Suecia,MED,9400079,Otros-Suecia,world_cup_1994,Fjelstul World Cup Database,,,,,78,fixed_source_comparable_review_0.23,False,created_player_profile_audit_0.23,medium,created_after_global_existing_player_comparison,,SWE,18,Håkan Mild,,,9494099.jpg,pending
9494100,Magnus Erlingmark,Magnus,Erlingmark,,1968-07-08,79,Suecia,DEF,9400079,Otros-Suecia,world_cup_1994,Fjelstul World Cup Database,,,,,76,fixed_source_comparable_review_0.23,False,created_player_profile_audit_0.23,conservative,created_after_global_existing_player_comparison,,SWE,20,Magnus Erlingmark,,,9494100.jpg,pending
9494101,Jesper Blomqvist,Jesper,Blomqvist,,1974-02-05,79,Suecia,MED,9400079,Otros-Suecia,world_cup_1994,Fjelstul World Cup Database,,,,,77,fixed_source_comparable_review_0.23,False,created_player_profile_audit_0.23,medium,created_after_global_existing_player_comparison,,SWE,21,Jesper Blomqvist,,,9494101.jpg,pending
9494102,Magnus Hedman,Magnus,Hedman,,1973-03-19,79,Suecia,POR,9400079,Otros-Suecia,world_cup_1994,Fjelstul World Cup Database,,,,,78,fixed_source_comparable_review_0.23,False,created_player_profile_audit_0.23,conservative,created_after_global_existing_player_comparison,,SWE,22,Magnus Hedman,,,9494102.jpg,pending
9494103,Carlos Trucco,Carlos,Trucco,,1957-08-11,19,Bolivia,POR,9400019,Otros-Bolivia,world_cup_1994,Fjelstul World Cup Database,,,,,75,fixed_source_comparable_review_0.23,False,created_player_profile_audit_0.23,high,created_after_global_existing_player_comparison,,BOL,1,Carlos Trucco,,,9494103.jpg,pending
9494104,Juan Manuel Peña,Juan Manuel,Peña,,1973-01-17,19,Bolivia,DEF,9400019,Otros-Bolivia,world_cup_1994,Fjelstul World Cup Database,,,,,72,fixed_source_comparable_review_0.23,False,created_player_profile_audit_0.23,medium,created_after_global_existing_player_comparison,,BOL,2,Juan Manuel Peña,,,9494104.jpg,pending
9494105,Marco Sandy,Marco,Sandy,,1971-08-29,19,Bolivia,DEF,9400019,Otros-Bolivia,world_cup_1994,Fjelstul World Cup Database,,,,,70,fixed_source_comparable_review_0.23,False,created_player_profile_audit_0.23,medium,created_after_global_existing_player_comparison,,BOL,3,Marco Sandy,,,9494105.jpg,pending
9494106,Miguel Rimba,Miguel,Rimba,,1967-11-01,19,Bolivia,DEF,9400019,Otros-Bolivia,world_cup_1994,Fjelstul World Cup Database,,,,,70,fixed_source_comparable_review_0.23,False,created_player_profile_audit_0.23,medium,created_after_global_existing_player_comparison,,BOL,4,Miguel Rimba,,,9494106.jpg,pending
9494107,Gustavo Quinteros,Gustavo,Quinteros,,1965-02-15,19,Bolivia,DEF,9400019,Otros-Bolivia,world_cup_1994,Fjelstul World Cup Database,,,,,70,fixed_source_comparable_review_0.23,False,created_player_profile_audit_0.23,medium,created_after_global_existing_player_comparison,,BOL,5,Gustavo Quinteros,,,9494107.jpg,pending
9494108,Carlos Borja,Carlos,Borja,,1956-12-25,19,Bolivia,MED,9400019,Otros-Bolivia,world_cup_1994,Fjelstul World Cup Database,,,,,73,fixed_source_comparable_review_0.23,False,created_player_profile_audit_0.23,high,created_after_global_existing_player_comparison,,BOL,6,Carlos Borja,,,9494108.jpg,pending
9494109,Mario Pinedo,Mario,Pinedo,,1964-04-09,19,Bolivia,MED,9400019,Otros-Bolivia,world_cup_1994,Fjelstul World Cup Database,,,,,70,fixed_source_comparable_review_0.23,False,created_player_profile_audit_0.23,conservative,created_after_global_existing_player_comparison,,BOL,7,Mario Pinedo,,,9494109.jpg,pending
9494110,José Milton Melgar,José Milton,Melgar,,1959-09-20,19,Bolivia,MED,9400019,Otros-Bolivia,world_cup_1994,Fjelstul World Cup Database,,,,,76,fixed_source_comparable_review_0.23,False,created_player_profile_audit_0.23,high,created_after_global_existing_player_comparison,,BOL,8,José Milton Melgar,,,9494110.jpg,pending
9494111,Álvaro Peña,Álvaro,Peña,,1965-02-11,19,Bolivia,DEL,9400019,Otros-Bolivia,world_cup_1994,Fjelstul World Cup Database,,,,,71,fixed_source_comparable_review_0.23,False,created_player_profile_audit_0.23,conservative,created_after_global_existing_player_comparison,,BOL,9,Álvaro Peña,,,9494111.jpg,pending
9494112,Marco Etcheverry,Marco,Etcheverry,,1970-09-26,19,Bolivia,MED,9400019,Otros-Bolivia,world_cup_1994,Fjelstul World Cup Database,,,,,79,fixed_source_comparable_review_0.23,False,created_player_profile_audit_0.23,high,created_after_global_existing_player_comparison,,BOL,10,Marco Etcheverry,,,9494112.jpg,pending
9494113,Jaime Moreno,Jaime,Moreno,,1974-01-19,19,Bolivia,DEL,9400019,Otros-Bolivia,world_cup_1994,Fjelstul World Cup Database,,,,,72,fixed_source_comparable_review_0.23,False,created_player_profile_audit_0.23,conservative,created_after_global_existing_player_comparison,,BOL,11,Jaime Moreno,,,9494113.jpg,pending
9494114,Darío Rojas,Darío,Rojas,,1960-01-20,19,Bolivia,POR,9400019,Otros-Bolivia,world_cup_1994,Fjelstul World Cup Database,,,,,69,fixed_source_comparable_review_0.23,False,created_player_profile_audit_0.23,conservative,created_after_global_existing_player_comparison,,BOL,12,Darío Rojas,,,9494114.jpg,pending
9494115,Modesto Soruco,Modesto,Soruco,,1966-02-12,19,Bolivia,DEF,9400019,Otros-Bolivia,world_cup_1994,Fjelstul World Cup Database,,,,,71,fixed_source_comparable_review_0.23,False,created_player_profile_audit_0.23,medium,created_after_global_existing_player_comparison,,BOL,13,Modesto Soruco,,,9494115.jpg,pending
9494116,Mauricio Ramos,Mauricio,Ramos,,1969-09-23,19,Bolivia,MED,9400019,Otros-Bolivia,world_cup_1994,Fjelstul World Cup Database,,,,,71,fixed_source_comparable_review_0.23,False,created_player_profile_audit_0.23,medium,created_after_global_existing_player_comparison,,BOL,14,Mauricio Ramos,,,9494116.jpg,pending
9494117,Vladimir Soria,Vladimir,Soria,,1964-07-15,19,Bolivia,MED,9400019,Otros-Bolivia,world_cup_1994,Fjelstul World Cup Database,,,,,70,fixed_source_comparable_review_0.23,False,created_player_profile_audit_0.23,medium,created_after_global_existing_player_comparison,,BOL,15,Vladimir Soria,,,9494117.jpg,pending
9494118,Luis Cristaldo,Luis,Cristaldo,,1969-08-31,19,Bolivia,DEF,9400019,Otros-Bolivia,world_cup_1994,Fjelstul World Cup Database,,,,,71,fixed_source_comparable_review_0.23,False,created_player_profile_audit_0.23,medium,created_after_global_existing_player_comparison,,BOL,16,Luis Cristaldo,,,9494118.jpg,pending
9494119,Óscar Sánchez,Óscar,Sánchez,,1971-07-16,19,Bolivia,DEF,9400019,Otros-Bolivia,world_cup_1994,Fjelstul World Cup Database,,,,,71,fixed_source_comparable_review_0.23,False,created_player_profile_audit_0.23,conservative,created_after_global_existing_player_comparison,,BOL,17,Óscar Sánchez,,,9494119.jpg,pending
9494120,William Ramallo,William,Ramallo,,1963-07-04,19,Bolivia,DEL,9400019,Otros-Bolivia,world_cup_1994,Fjelstul World Cup Database,,,,,73,fixed_source_comparable_review_0.23,False,created_player_profile_audit_0.23,high,created_after_global_existing_player_comparison,,BOL,18,William Ramallo,,,9494120.jpg,pending
9494121,Marcelo Torrico,Marcelo,Torrico,,1972-01-11,19,Bolivia,POR,9400019,Otros-Bolivia,world_cup_1994,Fjelstul World Cup Database,,,,,71,fixed_source_comparable_review_0.23,False,created_player_profile_audit_0.23,conservative,created_after_global_existing_player_comparison,,BOL,19,Marcelo Torrico,,,9494121.jpg,pending
9494122,Julio César Baldivieso,Julio César,Baldivieso,,1971-12-02,19,Bolivia,MED,9400019,Otros-Bolivia,world_cup_1994,Fjelstul World Cup Database,,,,,73,fixed_source_comparable_review_0.23,False,created_player_profile_audit_0.23,high,created_after_global_existing_player_comparison,,BOL,22,Julio César Baldivieso,,,9494122.jpg,pending
9494123,Choi In-young,In-young,Choi,,1962-03-05,28,Corea del Sur,POR,9400028,Otros-Corea del Sur,world_cup_1994,Fjelstul World Cup Database,,,,,72,fixed_source_comparable_review_0.23,False,created_player_profile_audit_0.23,high,created_after_global_existing_player_comparison,,KOR,1,Choi In-young,,,9494123.jpg,pending
9494124,Chung Jong-son,Jong-son,Chung,,1966-03-20,28,Corea del Sur,MED,9400028,Otros-Corea del Sur,world_cup_1994,Fjelstul World Cup Database,,,,,70,fixed_source_comparable_review_0.23,False,created_player_profile_audit_0.23,conservative,created_after_global_existing_player_comparison,,KOR,2,Chung Jong-son,,,9494124.jpg,pending
9494125,Lee Jong-hwa,Jong-hwa,Lee,,1963-07-20,28,Corea del Sur,DEF,9400028,Otros-Corea del Sur,world_cup_1994,Fjelstul World Cup Database,,,,,69,fixed_source_comparable_review_0.23,False,created_player_profile_audit_0.23,conservative,created_after_global_existing_player_comparison,,KOR,3,Lee Jong-hwa,,,9494125.jpg,pending
9494126,Kim Pan-keun,Pan-keun,Kim,,1966-03-05,28,Corea del Sur,DEF,9400028,Otros-Corea del Sur,world_cup_1994,Fjelstul World Cup Database,,,,,70,fixed_source_comparable_review_0.23,False,created_player_profile_audit_0.23,medium,created_after_global_existing_player_comparison,,KOR,4,Kim Pan-keun,,,9494126.jpg,pending
9494127,Park Jung-bae,Jung-bae,Park,,1967-02-19,28,Corea del Sur,DEF,9400028,Otros-Corea del Sur,world_cup_1994,Fjelstul World Cup Database,,,,,69,fixed_source_comparable_review_0.23,False,created_player_profile_audit_0.23,medium,created_after_global_existing_player_comparison,,KOR,5,Park Jung-bae,,,9494127.jpg,pending
9494128,Lee Young-jin,Young-jin,Lee,,1963-10-27,28,Corea del Sur,MED,9400028,Otros-Corea del Sur,world_cup_1994,Fjelstul World Cup Database,,,,,70,fixed_source_comparable_review_0.23,False,created_player_profile_audit_0.23,medium,created_after_global_existing_player_comparison,,KOR,6,Lee Young-jin,,,9494128.jpg,pending
9494129,Shin Hong-gi,Hong-gi,Shin,,1968-05-04,28,Corea del Sur,DEF,9400028,Otros-Corea del Sur,world_cup_1994,Fjelstul World Cup Database,,,,,71,fixed_source_comparable_review_0.23,False,created_player_profile_audit_0.23,medium,created_after_global_existing_player_comparison,,KOR,7,Shin Hong-gi,,,9494129.jpg,pending
9494130,Kim Joo-sung,Joo-sung,Kim,,1966-01-17,28,Corea del Sur,MED,9400028,Otros-Corea del Sur,world_cup_1994,Fjelstul World Cup Database,,,,,77,fixed_source_comparable_review_0.23,False,created_player_profile_audit_0.23,high,created_after_global_existing_player_comparison,,KOR,9,Kim Joo-sung,,,9494130.jpg,pending
9494131,Ko Jeong-woon,Jeong-woon,Ko,,1966-06-27,28,Corea del Sur,DEL,9400028,Otros-Corea del Sur,world_cup_1994,Fjelstul World Cup Database,,,,,73,fixed_source_comparable_review_0.23,False,created_player_profile_audit_0.23,high,created_after_global_existing_player_comparison,,KOR,10,Ko Jeong-woon,,,9494131.jpg,pending
9494132,Seo Jung-won,Jung-won,Seo,,1970-12-17,28,Corea del Sur,DEL,9400028,Otros-Corea del Sur,world_cup_1994,Fjelstul World Cup Database,,,,,74,fixed_source_comparable_review_0.23,False,created_player_profile_audit_0.23,high,created_after_global_existing_player_comparison,,KOR,11,Seo Jung-won,,,9494132.jpg,pending
9494133,Choi Young-il,Young-il,Choi,,1966-04-25,28,Corea del Sur,DEF,9400028,Otros-Corea del Sur,world_cup_1994,Fjelstul World Cup Database,,,,,68,fixed_source_comparable_review_0.23,False,created_player_profile_audit_0.23,medium,created_after_global_existing_player_comparison,,KOR,12,Choi Young-il,,,9494133.jpg,pending
9494134,An Ik-soo,Ik-soo,An,,1965-05-06,28,Corea del Sur,DEF,9400028,Otros-Corea del Sur,world_cup_1994,Fjelstul World Cup Database,,,,,68,fixed_source_comparable_review_0.23,False,created_player_profile_audit_0.23,conservative,created_after_global_existing_player_comparison,,KOR,13,An Ik-soo,,,9494134.jpg,pending
9494135,Choi Dae-shik,Dae-shik,Choi,,1965-01-10,28,Corea del Sur,MED,9400028,Otros-Corea del Sur,world_cup_1994,Fjelstul World Cup Database,,,,,69,fixed_source_comparable_review_0.23,False,created_player_profile_audit_0.23,conservative,created_after_global_existing_player_comparison,,KOR,14,Choi Dae-shik,,,9494135.jpg,pending
9494136,Cho Jin-ho,Jin-ho,Cho,,1973-08-02,28,Corea del Sur,MED,9400028,Otros-Corea del Sur,world_cup_1994,Fjelstul World Cup Database,,,,,70,fixed_source_comparable_review_0.23,False,created_player_profile_audit_0.23,medium,created_after_global_existing_player_comparison,,KOR,15,Cho Jin-ho,,,9494136.jpg,pending
9494137,Ha Seok-ju,Seok-ju,Ha,,1968-02-20,28,Corea del Sur,MED,9400028,Otros-Corea del Sur,world_cup_1994,Fjelstul World Cup Database,,,,,73,fixed_source_comparable_review_0.23,False,created_player_profile_audit_0.23,high,created_after_global_existing_player_comparison,,KOR,16,Ha Seok-ju,,,9494137.jpg,pending
9494138,Gu Sang-bum,Sang-bum,Gu,,1964-06-15,28,Corea del Sur,DEF,9400028,Otros-Corea del Sur,world_cup_1994,Fjelstul World Cup Database,,,,,70,fixed_source_comparable_review_0.23,False,created_player_profile_audit_0.23,conservative,created_after_global_existing_player_comparison,,KOR,17,Gu Sang-bum,,,9494138.jpg,pending
9494139,Hwang Sun-hong,Sun-hong,Hwang,,1968-07-14,28,Corea del Sur,DEL,9400028,Otros-Corea del Sur,world_cup_1994,Fjelstul World Cup Database,,,,,76,fixed_source_comparable_review_0.23,False,created_player_profile_audit_0.23,high,created_after_global_existing_player_comparison,,KOR,18,Hwang Sun-hong,,,9494139.jpg,pending
9494140,Choi Moon-sik,Moon-sik,Choi,,1971-01-06,28,Corea del Sur,MED,9400028,Otros-Corea del Sur,world_cup_1994,Fjelstul World Cup Database,,,,,69,fixed_source_comparable_review_0.23,False,created_player_profile_audit_0.23,conservative,created_after_global_existing_player_comparison,,KOR,19,Choi Moon-sik,,,9494140.jpg,pending
9494141,Hong Myung-bo,Myung-bo,Hong,,1969-02-12,28,Corea del Sur,DEF,9400028,Otros-Corea del Sur,world_cup_1994,Fjelstul World Cup Database,,,,,78,fixed_source_comparable_review_0.23,False,created_player_profile_audit_0.23,high,created_after_global_existing_player_comparison,,KOR,20,Hong Myung-bo,,,9494141.jpg,pending
9494142,Park Chul-woo,Chul-woo,Park,,1965-09-29,28,Corea del Sur,POR,9400028,Otros-Corea del Sur,world_cup_1994,Fjelstul World Cup Database,,,,,68,fixed_source_comparable_review_0.23,False,created_player_profile_audit_0.23,conservative,created_after_global_existing_player_comparison,,KOR,21,Park Chul-woo,,,9494142.jpg,pending
9494143,Lee Woon-jae,Woon-jae,Lee,,1973-04-26,28,Corea del Sur,POR,9400028,Otros-Corea del Sur,world_cup_1994,Fjelstul World Cup Database,,,,,68,fixed_source_comparable_review_0.23,False,created_player_profile_audit_0.23,conservative,created_after_global_existing_player_comparison,,KOR,22,Lee Woon-jae,,,9494143.jpg,pending
9494144,Sergio Vázquez,Sergio,Vázquez,,1965-11-23,63,Argentina,DEF,9400063,Otros-Argentina,world_cup_1994,Fjelstul World Cup Database,,,,,81,fixed_source_comparable_review_0.23,False,created_player_profile_audit_0.23,conservative,created_after_global_existing_player_comparison,,ARG,2,Sergio Vázquez,,,9494144.jpg,pending
9494145,Borislav Mihaylov,Borislav,Mihaylov,,1963-02-12,21,Bulgaria,POR,9400021,Otros-Bulgaria,world_cup_1994,Fjelstul World Cup Database,,,,,79,fixed_source_comparable_review_0.23,False,created_player_profile_audit_0.23,high,created_after_global_existing_player_comparison,,BGR,1,Borislav Mihaylov,,,9494145.jpg,pending
9494146,Emil Kremenliev,Emil,Kremenliev,,1969-08-13,21,Bulgaria,DEF,9400021,Otros-Bulgaria,world_cup_1994,Fjelstul World Cup Database,,,,,74,fixed_source_comparable_review_0.23,False,created_player_profile_audit_0.23,medium,created_after_global_existing_player_comparison,,BGR,2,Emil Kremenliev,,,9494146.jpg,pending
9494147,Trifon Ivanov,Trifon,Ivanov,,1965-07-27,21,Bulgaria,DEF,9400021,Otros-Bulgaria,world_cup_1994,Fjelstul World Cup Database,,,,,80,fixed_source_comparable_review_0.23,False,created_player_profile_audit_0.23,high,created_after_global_existing_player_comparison,,BGR,3,Trifon Ivanov,,,9494147.jpg,pending
9494148,Tsanko Tsvetanov,Tsanko,Tsvetanov,,1970-01-06,21,Bulgaria,DEF,9400021,Otros-Bulgaria,world_cup_1994,Fjelstul World Cup Database,,,,,76,fixed_source_comparable_review_0.23,False,created_player_profile_audit_0.23,high,created_after_global_existing_player_comparison,,BGR,4,Tsanko Tsvetanov,,,9494148.jpg,pending
9494149,Zlatko Yankov,Zlatko,Yankov,,1966-06-07,21,Bulgaria,MED,9400021,Otros-Bulgaria,world_cup_1994,Fjelstul World Cup Database,,,,,78,fixed_source_comparable_review_0.23,False,created_player_profile_audit_0.23,high,created_after_global_existing_player_comparison,,BGR,6,Zlatko Yankov,,,9494149.jpg,pending
9494150,Nasko Sirakov,Nasko,Sirakov,,1962-04-26,21,Bulgaria,DEL,9400021,Otros-Bulgaria,world_cup_1994,Fjelstul World Cup Database,,,,,79,fixed_source_comparable_review_0.23,False,created_player_profile_audit_0.23,high,created_after_global_existing_player_comparison,,BGR,10,Nasko Sirakov,,,9494150.jpg,pending
9494151,Daniel Borimirov,Daniel,Borimirov,,1970-01-15,21,Bulgaria,MED,9400021,Otros-Bulgaria,world_cup_1994,Fjelstul World Cup Database,,,,,77,fixed_source_comparable_review_0.23,False,created_player_profile_audit_0.23,high,created_after_global_existing_player_comparison,,BGR,11,Daniel Borimirov,,,9494151.jpg,pending
9494152,Plamen Nikolov,Plamen,Nikolov,,1961-08-20,21,Bulgaria,POR,9400021,Otros-Bulgaria,world_cup_1994,Fjelstul World Cup Database,,,,,73,fixed_source_comparable_review_0.23,False,created_player_profile_audit_0.23,conservative,created_after_global_existing_player_comparison,,BGR,12,Plamen Nikolov,,,9494152.jpg,pending
9494153,Nikolay Iliev,Nikolay,Iliev,,1964-03-31,21,Bulgaria,DEF,9400021,Otros-Bulgaria,world_cup_1994,Fjelstul World Cup Database,,,,,77,fixed_source_comparable_review_0.23,False,created_player_profile_audit_0.23,high,created_after_global_existing_player_comparison,,BGR,15,Nikolay Iliev,,,9494153.jpg,pending
9494154,Petar Aleksandrov,Petar,Aleksandrov,,1962-12-07,21,Bulgaria,DEL,9400021,Otros-Bulgaria,world_cup_1994,Fjelstul World Cup Database,,,,,73,fixed_source_comparable_review_0.23,False,created_player_profile_audit_0.23,conservative,created_after_global_existing_player_comparison,,BGR,18,Petar Aleksandrov,,,9494154.jpg,pending
9494155,Georgi Georgiev,Georgi,Georgiev,,1963-01-10,21,Bulgaria,MED,9400021,Otros-Bulgaria,world_cup_1994,Fjelstul World Cup Database,,,,,73,fixed_source_comparable_review_0.23,False,created_player_profile_audit_0.23,conservative,created_after_global_existing_player_comparison,,BGR,19,Georgi Georgiev,,,9494155.jpg,pending
9494156,Ivaylo Andonov,Ivaylo,Andonov,,1967-08-14,21,Bulgaria,DEL,9400021,Otros-Bulgaria,world_cup_1994,Fjelstul World Cup Database,,,,,75,fixed_source_comparable_review_0.23,False,created_player_profile_audit_0.23,conservative,created_after_global_existing_player_comparison,,BGR,22,Ivaylo Andonov,,,9494156.jpg,pending
9494157,Antonis Minou,Antonis,Minou,,1958-05-04,47,Grecia,POR,9400047,Otros-Grecia,world_cup_1994,Fjelstul World Cup Database,,,,,71,fixed_source_comparable_review_0.23,False,created_player_profile_audit_0.23,medium,created_after_global_existing_player_comparison,,GRC,1,Antonis Minou,,,9494157.jpg,pending
9494158,Stratos Apostolakis,Stratos,Apostolakis,,1964-05-11,47,Grecia,DEF,9400047,Otros-Grecia,world_cup_1994,Fjelstul World Cup Database,,,,,76,fixed_source_comparable_review_0.23,False,created_player_profile_audit_0.23,high,created_after_global_existing_player_comparison,,GRC,2,Stratos Apostolakis,,,9494158.jpg,pending
9494159,Thanasis Kolitsidakis,Thanasis,Kolitsidakis,,1966-11-20,47,Grecia,DEF,9400047,Otros-Grecia,world_cup_1994,Fjelstul World Cup Database,,,,,71,fixed_source_comparable_review_0.23,False,created_player_profile_audit_0.23,medium,created_after_global_existing_player_comparison,,GRC,3,Thanasis Kolitsidakis,,,9494159.jpg,pending
9494160,Stelios Manolas,Stelios,Manolas,,1961-07-13,47,Grecia,DEF,9400047,Otros-Grecia,world_cup_1994,Fjelstul World Cup Database,,,,,79,fixed_source_comparable_review_0.23,False,created_player_profile_audit_0.23,high,created_after_global_existing_player_comparison,,GRC,4,Stelios Manolas,,,9494160.jpg,pending
9494161,Ioannis Kalitzakis,Ioannis,Kalitzakis,,1966-02-10,47,Grecia,DEF,9400047,Otros-Grecia,world_cup_1994,Fjelstul World Cup Database,,,,,75,fixed_source_comparable_review_0.23,False,created_player_profile_audit_0.23,high,created_after_global_existing_player_comparison,,GRC,5,Ioannis Kalitzakis,,,9494161.jpg,pending
9494162,Panagiotis Tsalouchidis,Panagiotis,Tsalouchidis,,1963-03-30,47,Grecia,MED,9400047,Otros-Grecia,world_cup_1994,Fjelstul World Cup Database,,,,,76,fixed_source_comparable_review_0.23,False,created_player_profile_audit_0.23,high,created_after_global_existing_player_comparison,,GRC,6,Panagiotis Tsalouchidis,,,9494162.jpg,pending
9494163,Dimitris Saravakos,Dimitris,Saravakos,,1961-07-26,47,Grecia,MED,9400047,Otros-Grecia,world_cup_1994,Fjelstul World Cup Database,,,,,80,fixed_source_comparable_review_0.23,False,created_player_profile_audit_0.23,high,created_after_global_existing_player_comparison,,GRC,7,Dimitris Saravakos,,,9494163.jpg,pending
9494164,Nikos Nioplias,Nikos,Nioplias,,1965-01-17,47,Grecia,MED,9400047,Otros-Grecia,world_cup_1994,Fjelstul World Cup Database,,,,,74,fixed_source_comparable_review_0.23,False,created_player_profile_audit_0.23,high,created_after_global_existing_player_comparison,,GRC,8,Nikos Nioplias,,,9494164.jpg,pending
9494165,Nikos Machlas,Nikos,Machlas,,1973-06-16,47,Grecia,DEL,9400047,Otros-Grecia,world_cup_1994,Fjelstul World Cup Database,,,,,73,fixed_source_comparable_review_0.23,False,created_player_profile_audit_0.23,high,created_after_global_existing_player_comparison,,GRC,9,Nikos Machlas,,,9494165.jpg,pending
9494166,Tasos Mitropoulos,Tasos,Mitropoulos,,1957-08-23,47,Grecia,MED,9400047,Otros-Grecia,world_cup_1994,Fjelstul World Cup Database,,,,,78,fixed_source_comparable_review_0.23,False,created_player_profile_audit_0.23,high,created_after_global_existing_player_comparison,,GRC,10,Tasos Mitropoulos,,,9494166.jpg,pending
9494167,Nikos Tsiantakis,Nikos,Tsiantakis,,1963-10-20,47,Grecia,MED,9400047,Otros-Grecia,world_cup_1994,Fjelstul World Cup Database,,,,,71,fixed_source_comparable_review_0.23,False,created_player_profile_audit_0.23,medium,created_after_global_existing_player_comparison,,GRC,11,Nikos Tsiantakis,,,9494167.jpg,pending
9494168,Spiros Marangos,Spiros,Marangos,,1967-02-20,47,Grecia,MED,9400047,Otros-Grecia,world_cup_1994,Fjelstul World Cup Database,,,,,69,fixed_source_comparable_review_0.23,False,created_player_profile_audit_0.23,medium,created_after_global_existing_player_comparison,,GRC,12,Spiros Marangos,,,9494168.jpg,pending
9494169,Vaios Karagiannis,Vaios,Karagiannis,,1968-06-25,47,Grecia,DEF,9400047,Otros-Grecia,world_cup_1994,Fjelstul World Cup Database,,,,,70,fixed_source_comparable_review_0.23,False,created_player_profile_audit_0.23,medium,created_after_global_existing_player_comparison,,GRC,13,Vaios Karagiannis,,,9494169.jpg,pending
9494170,Vasilis Dimitriadis,Vasilis,Dimitriadis,,1966-02-01,47,Grecia,DEL,9400047,Otros-Grecia,world_cup_1994,Fjelstul World Cup Database,,,,,74,fixed_source_comparable_review_0.23,False,created_player_profile_audit_0.23,high,created_after_global_existing_player_comparison,,GRC,14,Vasilis Dimitriadis,,,9494170.jpg,pending
9494171,Christos Karkamanis,Christos,Karkamanis,,1969-09-22,47,Grecia,POR,9400047,Otros-Grecia,world_cup_1994,Fjelstul World Cup Database,,,,,71,fixed_source_comparable_review_0.23,False,created_player_profile_audit_0.23,medium,created_after_global_existing_player_comparison,,GRC,15,Christos Karkamanis,,,9494171.jpg,pending
9494172,Alexis Alexoudis,Alexis,Alexoudis,,1972-06-20,47,Grecia,DEL,9400047,Otros-Grecia,world_cup_1994,Fjelstul World Cup Database,,,,,69,fixed_source_comparable_review_0.23,False,created_player_profile_audit_0.23,medium,created_after_global_existing_player_comparison,,GRC,16,Alexis Alexoudis,,,9494172.jpg,pending
9494173,Minas Hantzidis,Minas,Hantzidis,,1966-07-04,47,Grecia,MED,9400047,Otros-Grecia,world_cup_1994,Fjelstul World Cup Database,,,,,69,fixed_source_comparable_review_0.23,False,created_player_profile_audit_0.23,medium,created_after_global_existing_player_comparison,,GRC,17,Minas Hantzidis,,,9494173.jpg,pending
9494174,Kyriakos Karataidis,Kyriakos,Karataidis,,1965-07-04,47,Grecia,DEF,9400047,Otros-Grecia,world_cup_1994,Fjelstul World Cup Database,,,,,70,fixed_source_comparable_review_0.23,False,created_player_profile_audit_0.23,medium,created_after_global_existing_player_comparison,,GRC,18,Kyriakos Karataidis,,,9494174.jpg,pending
9494175,Savvas Kofidis,Savvas,Kofidis,,1961-03-21,47,Grecia,MED,9400047,Otros-Grecia,world_cup_1994,Fjelstul World Cup Database,,,,,74,fixed_source_comparable_review_0.23,False,created_player_profile_audit_0.23,high,created_after_global_existing_player_comparison,,GRC,19,Savvas Kofidis,,,9494175.jpg,pending
9494176,Elias Atmatsidis,Elias,Atmatsidis,,1969-04-24,47,Grecia,POR,9400047,Otros-Grecia,world_cup_1994,Fjelstul World Cup Database,,,,,69,fixed_source_comparable_review_0.23,False,created_player_profile_audit_0.23,medium,created_after_global_existing_player_comparison,,GRC,20,Elias Atmatsidis,,,9494176.jpg,pending
9494177,Alexis Alexandris,Alexis,Alexandris,,1968-10-21,47,Grecia,DEL,9400047,Otros-Grecia,world_cup_1994,Fjelstul World Cup Database,,,,,74,fixed_source_comparable_review_0.23,False,created_player_profile_audit_0.23,high,created_after_global_existing_player_comparison,,GRC,21,Alexis Alexandris,,,9494177.jpg,pending
9494178,Alexis Alexiou,Alexis,Alexiou,,1963-09-08,47,Grecia,DEF,9400047,Otros-Grecia,world_cup_1994,Fjelstul World Cup Database,,,,,70,fixed_source_comparable_review_0.23,False,created_player_profile_audit_0.23,medium,created_after_global_existing_player_comparison,,GRC,22,Alexis Alexiou,,,9494178.jpg,pending
9494179,Augustine Eguavoen,Augustine,Eguavoen,,1965-08-19,59,Nigeria,DEF,9400059,Otros-Nigeria,world_cup_1994,Fjelstul World Cup Database,,,,,78,fixed_source_comparable_review_0.23,False,created_player_profile_audit_0.23,high,created_after_global_existing_player_comparison,,NGA,2,Augustine Eguavoen,,,9494179.jpg,pending
9494180,Stephen Keshi,Stephen,Keshi,,1962-01-23,59,Nigeria,DEF,9400059,Otros-Nigeria,world_cup_1994,Fjelstul World Cup Database,,,,,78,fixed_source_comparable_review_0.23,False,created_player_profile_audit_0.23,high,created_after_global_existing_player_comparison,,NGA,4,Stephen Keshi,,,9494180.jpg,pending
9494181,Uche Okechukwu,Uche,Okechukwu,,1967-09-27,59,Nigeria,DEF,9400059,Otros-Nigeria,world_cup_1994,Fjelstul World Cup Database,,,,,80,fixed_source_comparable_review_0.23,False,created_player_profile_audit_0.23,high,created_after_global_existing_player_comparison,,NGA,5,Uche Okechukwu,,,9494181.jpg,pending
9494182,Chidi Nwanu,Chidi,Nwanu,,1967-01-01,59,Nigeria,DEF,9400059,Otros-Nigeria,world_cup_1994,Fjelstul World Cup Database,,,,,77,fixed_source_comparable_review_0.23,False,created_player_profile_audit_0.23,high,created_after_global_existing_player_comparison,,NGA,6,Chidi Nwanu,,,9494182.jpg,pending
9494183,Thompson Oliha,Thompson,Oliha,,1968-10-04,59,Nigeria,MED,9400059,Otros-Nigeria,world_cup_1994,Fjelstul World Cup Database,,,,,76,fixed_source_comparable_review_0.23,False,created_player_profile_audit_0.23,conservative,created_after_global_existing_player_comparison,,NGA,8,Thompson Oliha,,,9494183.jpg,pending
9494184,Emmanuel Amunike,Emmanuel,Amunike,,1970-12-25,59,Nigeria,MED,9400059,Otros-Nigeria,world_cup_1994,Fjelstul World Cup Database,,,,,81,fixed_source_comparable_review_0.23,False,created_player_profile_audit_0.23,high,created_after_global_existing_player_comparison,,NGA,11,Emmanuel Amunike,,,9494184.jpg,pending
9494185,Emeka Ezeugo,Emeka,Ezeugo,,1965-12-16,59,Nigeria,DEF,9400059,Otros-Nigeria,world_cup_1994,Fjelstul World Cup Database,,,,,76,fixed_source_comparable_review_0.23,False,created_player_profile_audit_0.23,conservative,created_after_global_existing_player_comparison,,NGA,13,Emeka Ezeugo,,,9494185.jpg,pending
9494186,Daniel Amokachi,Daniel,Amokachi,,1972-12-30,59,Nigeria,DEL,9400059,Otros-Nigeria,world_cup_1994,Fjelstul World Cup Database,,,,,81,fixed_source_comparable_review_0.23,False,created_player_profile_audit_0.23,high,created_after_global_existing_player_comparison,,NGA,14,Daniel Amokachi,,,9494186.jpg,pending
9494187,Sunday Oliseh,Sunday,Oliseh,,1974-09-14,59,Nigeria,MED,9400059,Otros-Nigeria,world_cup_1994,Fjelstul World Cup Database,,,,,78,fixed_source_comparable_review_0.23,False,created_player_profile_audit_0.23,high,created_after_global_existing_player_comparison,,NGA,15,Sunday Oliseh,,,9494187.jpg,pending
9494188,Alloysius Agu,Alloysius,Agu,,1967-07-12,59,Nigeria,POR,9400059,Otros-Nigeria,world_cup_1994,Fjelstul World Cup Database,,,,,73,fixed_source_comparable_review_0.23,False,created_player_profile_audit_0.23,high,created_after_global_existing_player_comparison,,NGA,16,Alloysius Agu,,,9494188.jpg,pending
9494189,Michael Emenalo,Michael,Emenalo,,1965-07-14,59,Nigeria,DEF,9400059,Otros-Nigeria,world_cup_1994,Fjelstul World Cup Database,,,,,75,fixed_source_comparable_review_0.23,False,created_player_profile_audit_0.23,high,created_after_global_existing_player_comparison,,NGA,19,Michael Emenalo,,,9494189.jpg,pending
9494190,Uche Okafor,Uche,Okafor,,1967-08-08,59,Nigeria,DEF,9400059,Otros-Nigeria,world_cup_1994,Fjelstul World Cup Database,,,,,73,fixed_source_comparable_review_0.23,False,created_player_profile_audit_0.23,high,created_after_global_existing_player_comparison,,NGA,20,Uche Okafor,,,9494190.jpg,pending
9494191,John Aldridge,John,Aldridge,,1958-09-18,46,Irlanda,DEL,9400046,Otros-Irlanda,world_cup_1994,Fjelstul World Cup Database,,,,,80,fixed_source_comparable_review_0.23,False,created_player_profile_audit_0.23,high,created_after_global_existing_player_comparison,,IRL,9,John Aldridge,,,9494191.jpg,pending
9494192,Alan McLoughlin,Alan,McLoughlin,,1967-04-20,46,Irlanda,MED,9400046,Otros-Irlanda,world_cup_1994,Fjelstul World Cup Database,,,,,76,fixed_source_comparable_review_0.23,False,created_player_profile_audit_0.23,conservative,created_after_global_existing_player_comparison,,IRL,19,Alan McLoughlin,,,9494192.jpg,pending
9494193,David Kelly,David,Kelly,,1965-11-25,46,Irlanda,DEL,9400046,Otros-Irlanda,world_cup_1994,Fjelstul World Cup Database,,,,,76,fixed_source_comparable_review_0.23,False,created_player_profile_audit_0.23,conservative,created_after_global_existing_player_comparison,,IRL,20,David Kelly,,,9494193.jpg,pending
9494194,Jason McAteer,Jason,McAteer,,1971-06-18,46,Irlanda,MED,9400046,Otros-Irlanda,world_cup_1994,Fjelstul World Cup Database,,,,,76,fixed_source_comparable_review_0.23,False,created_player_profile_audit_0.23,medium,created_after_global_existing_player_comparison,,IRL,21,Jason McAteer,,,9494194.jpg,pending
9494195,Erik Mykland,Erik,Mykland,,1971-07-21,60,Noruega,MED,9400060,Otros-Noruega,world_cup_1994,Fjelstul World Cup Database,,,,,77,fixed_source_comparable_review_0.23,False,created_player_profile_audit_0.23,high,created_after_global_existing_player_comparison,,NOR,7,Erik Mykland,,,9494195.jpg,pending
9494196,Øyvind Leonhardsen,Øyvind,Leonhardsen,,1970-08-17,60,Noruega,MED,9400060,Otros-Noruega,world_cup_1994,Fjelstul World Cup Database,,,,,74,fixed_source_comparable_review_0.23,False,created_player_profile_audit_0.23,medium,created_after_global_existing_player_comparison,,NOR,8,Øyvind Leonhardsen,,,9494196.jpg,pending
9494197,Kjetil Rekdal,Kjetil,Rekdal,,1968-11-06,60,Noruega,MED,9400060,Otros-Noruega,world_cup_1994,Fjelstul World Cup Database,,,,,77,fixed_source_comparable_review_0.23,False,created_player_profile_audit_0.23,high,created_after_global_existing_player_comparison,,NOR,10,Kjetil Rekdal,,,9494197.jpg,pending
9494198,Frode Grodås,Frode,Grodås,,1964-10-24,60,Noruega,POR,9400060,Otros-Noruega,world_cup_1994,Fjelstul World Cup Database,,,,,75,fixed_source_comparable_review_0.23,False,created_player_profile_audit_0.23,conservative,created_after_global_existing_player_comparison,,NOR,12,Frode Grodås,,,9494198.jpg,pending
9494199,Ola By Rise,Ola,By Rise,,1960-11-14,60,Noruega,POR,9400060,Otros-Noruega,world_cup_1994,Fjelstul World Cup Database,,,,,73,fixed_source_comparable_review_0.23,False,created_player_profile_audit_0.23,conservative,created_after_global_existing_player_comparison,,NOR,13,Ola By Rise,,,9494199.jpg,pending
9494200,Karl Petter Løken,Karl Petter,Løken,,1966-08-14,60,Noruega,DEF,9400060,Otros-Noruega,world_cup_1994,Fjelstul World Cup Database,,,,,75,fixed_source_comparable_review_0.23,False,created_player_profile_audit_0.23,conservative,created_after_global_existing_player_comparison,,NOR,15,Karl Petter Løken,,,9494200.jpg,pending
9494201,Gøran Sørloth,Gøran,Sørloth,,1962-07-16,60,Noruega,DEL,9400060,Otros-Noruega,world_cup_1994,Fjelstul World Cup Database,,,,,75,fixed_source_comparable_review_0.23,False,created_player_profile_audit_0.23,medium,created_after_global_existing_player_comparison,,NOR,16,Gøran Sørloth,,,9494201.jpg,pending
9494202,Dan Eggen,Dan,Eggen,,1970-01-13,60,Noruega,DEF,9400060,Otros-Noruega,world_cup_1994,Fjelstul World Cup Database,,,,,73,fixed_source_comparable_review_0.23,False,created_player_profile_audit_0.23,conservative,created_after_global_existing_player_comparison,,NOR,17,Dan Eggen,,,9494202.jpg,pending
9494203,Alf-Inge Håland,Alf-Inge,Håland,,1972-11-23,60,Noruega,DEF,9400060,Otros-Noruega,world_cup_1994,Fjelstul World Cup Database,,,,,73,fixed_source_comparable_review_0.23,False,created_player_profile_audit_0.23,medium,created_after_global_existing_player_comparison,,NOR,18,Alf-Inge Håland,,,9494203.jpg,pending
9494204,Roar Strand,Roar,Strand,,1970-02-02,60,Noruega,MED,9400060,Otros-Noruega,world_cup_1994,Fjelstul World Cup Database,,,,,75,fixed_source_comparable_review_0.23,False,created_player_profile_audit_0.23,conservative,created_after_global_existing_player_comparison,,NOR,19,Roar Strand,,,9494204.jpg,pending
9494205,Sigurd Rushfeldt,Sigurd,Rushfeldt,,1972-12-11,60,Noruega,DEL,9400060,Otros-Noruega,world_cup_1994,Fjelstul World Cup Database,,,,,75,fixed_source_comparable_review_0.23,False,created_player_profile_audit_0.23,medium,created_after_global_existing_player_comparison,,NOR,21,Sigurd Rushfeldt,,,9494205.jpg,pending
9494206,Lars Bohinen,Lars,Bohinen,,1969-09-08,60,Noruega,MED,9400060,Otros-Noruega,world_cup_1994,Fjelstul World Cup Database,,,,,73,fixed_source_comparable_review_0.23,False,created_player_profile_audit_0.23,medium,created_after_global_existing_player_comparison,,NOR,22,Lars Bohinen,,,9494206.jpg,pending
9494207,Dirk Medved,Dirk,Medved,,1968-09-15,17,Bélgica,DEF,9400017,Otros-Bélgica,world_cup_1994,Fjelstul World Cup Database,,,,,77,fixed_source_comparable_review_0.23,False,created_player_profile_audit_0.23,medium,created_after_global_existing_player_comparison,,BEL,2,Dirk Medved,,,9494207.jpg,pending
9494208,Vital Borkelmans,Vital,Borkelmans,,1963-06-01,17,Bélgica,DEF,9400017,Otros-Bélgica,world_cup_1994,Fjelstul World Cup Database,,,,,77,fixed_source_comparable_review_0.23,False,created_player_profile_audit_0.23,medium,created_after_global_existing_player_comparison,,BEL,3,Vital Borkelmans,,,9494208.jpg,pending
9494209,Philippe Albert,Philippe,Albert,,1967-08-10,17,Bélgica,DEF,9400017,Otros-Bélgica,world_cup_1994,Fjelstul World Cup Database,,,,,80,fixed_source_comparable_review_0.23,False,created_player_profile_audit_0.23,high,created_after_global_existing_player_comparison,,BEL,4,Philippe Albert,,,9494209.jpg,pending
9494210,Rudi Smidts,Rudi,Smidts,,1963-08-12,17,Bélgica,DEF,9400017,Otros-Bélgica,world_cup_1994,Fjelstul World Cup Database,,,,,77,fixed_source_comparable_review_0.23,False,created_player_profile_audit_0.23,medium,created_after_global_existing_player_comparison,,BEL,5,Rudi Smidts,,,9494210.jpg,pending
9494211,Lorenzo Staelens,Lorenzo,Staelens,,1964-04-30,17,Bélgica,MED,9400017,Otros-Bélgica,world_cup_1994,Fjelstul World Cup Database,,,,,80,fixed_source_comparable_review_0.23,False,created_player_profile_audit_0.23,high,created_after_global_existing_player_comparison,,BEL,6,Lorenzo Staelens,,,9494211.jpg,pending
9494212,Franky Van der Elst,Franky,Van der Elst,,1961-04-30,17,Bélgica,MED,9400017,Otros-Bélgica,world_cup_1994,Fjelstul World Cup Database,,,,,83,fixed_source_comparable_review_0.23,False,created_player_profile_audit_0.23,high,created_after_global_existing_player_comparison,,BEL,7,Franky Van der Elst,,,9494212.jpg,pending
9494213,Luc Nilis,Luc,Nilis,,1967-05-25,17,Bélgica,DEL,9400017,Otros-Bélgica,world_cup_1994,Fjelstul World Cup Database,,,,,80,fixed_source_comparable_review_0.23,False,created_player_profile_audit_0.23,high,created_after_global_existing_player_comparison,,BEL,8,Luc Nilis,,,9494213.jpg,pending
9494214,Marc Degryse,Marc,Degryse,,1965-09-04,17,Bélgica,DEL,9400017,Otros-Bélgica,world_cup_1994,Fjelstul World Cup Database,,,,,81,fixed_source_comparable_review_0.23,False,created_player_profile_audit_0.23,high,created_after_global_existing_player_comparison,,BEL,9,Marc Degryse,,,9494214.jpg,pending
9494215,Alexandre Czerniatynski,Alexandre,Czerniatynski,,1960-07-28,17,Bélgica,DEL,9400017,Otros-Bélgica,world_cup_1994,Fjelstul World Cup Database,,,,,78,fixed_source_comparable_review_0.23,False,created_player_profile_audit_0.23,conservative,created_after_global_existing_player_comparison,,BEL,11,Alexandre Czerniatynski,,,9494215.jpg,pending
9494216,Filip De Wilde,Filip,De Wilde,,1964-07-05,17,Bélgica,POR,9400017,Otros-Bélgica,world_cup_1994,Fjelstul World Cup Database,,,,,76,fixed_source_comparable_review_0.23,False,created_player_profile_audit_0.23,conservative,created_after_global_existing_player_comparison,,BEL,12,Filip De Wilde,,,9494216.jpg,pending
9494217,Michel De Wolf,Michel,De Wolf,,1958-01-19,17,Bélgica,DEF,9400017,Otros-Bélgica,world_cup_1994,Fjelstul World Cup Database,,,,,79,fixed_source_comparable_review_0.23,False,created_player_profile_audit_0.23,high,created_after_global_existing_player_comparison,,BEL,14,Michel De Wolf,,,9494217.jpg,pending
9494218,Marc Emmers,Marc,Emmers,,1966-02-25,17,Bélgica,MED,9400017,Otros-Bélgica,world_cup_1994,Fjelstul World Cup Database,,,,,77,fixed_source_comparable_review_0.23,False,created_player_profile_audit_0.23,medium,created_after_global_existing_player_comparison,,BEL,15,Marc Emmers,,,9494218.jpg,pending
9494219,Danny Boffin,Danny,Boffin,,1965-07-10,17,Bélgica,MED,9400017,Otros-Bélgica,world_cup_1994,Fjelstul World Cup Database,,,,,77,fixed_source_comparable_review_0.23,False,created_player_profile_audit_0.23,medium,created_after_global_existing_player_comparison,,BEL,16,Danny Boffin,,,9494219.jpg,pending
9494220,Josip Weber,Josip,Weber,,1964-11-16,17,Bélgica,DEL,9400017,Otros-Bélgica,world_cup_1994,Fjelstul World Cup Database,,,,,79,fixed_source_comparable_review_0.23,False,created_player_profile_audit_0.23,high,created_after_global_existing_player_comparison,,BEL,17,Josip Weber,,,9494220.jpg,pending
9494221,Marc Wilmots,Marc,Wilmots,,1969-02-22,17,Bélgica,MED,9400017,Otros-Bélgica,world_cup_1994,Fjelstul World Cup Database,,,,,77,fixed_source_comparable_review_0.23,False,created_player_profile_audit_0.23,medium,created_after_global_existing_player_comparison,,BEL,18,Marc Wilmots,,,9494221.jpg,pending
9494222,Eric Van Meir,Eric,Van Meir,,1968-02-28,17,Bélgica,DEF,9400017,Otros-Bélgica,world_cup_1994,Fjelstul World Cup Database,,,,,78,fixed_source_comparable_review_0.23,False,created_player_profile_audit_0.23,conservative,created_after_global_existing_player_comparison,,BEL,19,Eric Van Meir,,,9494222.jpg,pending
9494223,Dany Verlinden,Dany,Verlinden,,1963-08-15,17,Bélgica,POR,9400017,Otros-Bélgica,world_cup_1994,Fjelstul World Cup Database,,,,,76,fixed_source_comparable_review_0.23,False,created_player_profile_audit_0.23,conservative,created_after_global_existing_player_comparison,,BEL,20,Dany Verlinden,,,9494223.jpg,pending
9494224,Stéphane van der Heyden,Stéphane,van der Heyden,,1969-07-03,17,Bélgica,MED,9400017,Otros-Bélgica,world_cup_1994,Fjelstul World Cup Database,,,,,76,fixed_source_comparable_review_0.23,False,created_player_profile_audit_0.23,conservative,created_after_global_existing_player_comparison,,BEL,21,Stéphane van der Heyden,,,9494224.jpg,pending
9494225,Pascal Renier,Pascal,Renier,,1971-08-03,17,Bélgica,DEF,9400017,Otros-Bélgica,world_cup_1994,Fjelstul World Cup Database,,,,,76,fixed_source_comparable_review_0.23,False,created_player_profile_audit_0.23,conservative,created_after_global_existing_player_comparison,,BEL,22,Pascal Renier,,,9494225.jpg,pending
9494226,Khalil Azmi,Khalil,Azmi,,1964-08-23,56,Marruecos,POR,9400056,Otros-Marruecos,world_cup_1994,Fjelstul World Cup Database,,,,,72,fixed_source_comparable_review_0.23,False,created_player_profile_audit_0.23,medium,created_after_global_existing_player_comparison,,MAR,1,Khalil Azmi,,,9494226.jpg,pending
9494227,Nacer Abdellah,Nacer,Abdellah,,1966-03-03,56,Marruecos,DEF,9400056,Otros-Marruecos,world_cup_1994,Fjelstul World Cup Database,,,,,71,fixed_source_comparable_review_0.23,False,created_player_profile_audit_0.23,medium,created_after_global_existing_player_comparison,,MAR,2,Nacer Abdellah,,,9494227.jpg,pending
9494228,Abdelkrim El Hadrioui,Abdelkrim,El Hadrioui,,1972-03-06,56,Marruecos,DEF,9400056,Otros-Marruecos,world_cup_1994,Fjelstul World Cup Database,,,,,74,fixed_source_comparable_review_0.23,False,created_player_profile_audit_0.23,high,created_after_global_existing_player_comparison,,MAR,3,Abdelkrim El Hadrioui,,,9494228.jpg,pending
9494229,Tahar El Khalej,Tahar,El Khalej,,1968-06-16,56,Marruecos,MED,9400056,Otros-Marruecos,world_cup_1994,Fjelstul World Cup Database,,,,,77,fixed_source_comparable_review_0.23,False,created_player_profile_audit_0.23,high,created_after_global_existing_player_comparison,,MAR,4,Tahar El Khalej,,,9494229.jpg,pending
9494230,Smahi Triki,Smahi,Triki,,1967-08-01,56,Marruecos,DEF,9400056,Otros-Marruecos,world_cup_1994,Fjelstul World Cup Database,,,,,71,fixed_source_comparable_review_0.23,False,created_player_profile_audit_0.23,medium,created_after_global_existing_player_comparison,,MAR,5,Smahi Triki,,,9494230.jpg,pending
9494231,Mustapha Hadji,Mustapha,Hadji,,1971-11-16,56,Marruecos,MED,9400056,Otros-Marruecos,world_cup_1994,Fjelstul World Cup Database,,,,,75,fixed_source_comparable_review_0.23,False,created_player_profile_audit_0.23,high,created_after_global_existing_player_comparison,,MAR,7,Mustapha Hadji,,,9494231.jpg,pending
9494232,Mohammed Chaouch,Mohammed,Chaouch,,1966-12-12,56,Marruecos,DEL,9400056,Otros-Marruecos,world_cup_1994,Fjelstul World Cup Database,,,,,75,fixed_source_comparable_review_0.23,False,created_player_profile_audit_0.23,high,created_after_global_existing_player_comparison,,MAR,9,Mohammed Chaouch,,,9494232.jpg,pending
9494233,Rachid Daoudi,Rachid,Daoudi,,1966-02-21,56,Marruecos,MED,9400056,Otros-Marruecos,world_cup_1994,Fjelstul World Cup Database,,,,,76,fixed_source_comparable_review_0.23,False,created_player_profile_audit_0.23,high,created_after_global_existing_player_comparison,,MAR,11,Rachid Daoudi,,,9494233.jpg,pending
9494234,Said Dghay,Said,Dghay,,1964-01-14,56,Marruecos,POR,9400056,Otros-Marruecos,world_cup_1994,Fjelstul World Cup Database,,,,,72,fixed_source_comparable_review_0.23,False,created_player_profile_audit_0.23,conservative,created_after_global_existing_player_comparison,,MAR,12,Said Dghay,,,9494234.jpg,pending
9494235,Ahmed Bahja,Ahmed,Bahja,,1970-12-21,56,Marruecos,DEL,9400056,Otros-Marruecos,world_cup_1994,Fjelstul World Cup Database,,,,,70,fixed_source_comparable_review_0.23,False,created_player_profile_audit_0.23,medium,created_after_global_existing_player_comparison,,MAR,13,Ahmed Bahja,,,9494235.jpg,pending
9494236,Ahmed Masbahi,Ahmed,Masbahi,,1966-01-17,56,Marruecos,DEF,9400056,Otros-Marruecos,world_cup_1994,Fjelstul World Cup Database,,,,,72,fixed_source_comparable_review_0.23,False,created_player_profile_audit_0.23,conservative,created_after_global_existing_player_comparison,,MAR,14,Ahmed Masbahi,,,9494236.jpg,pending
9494237,El Arbi Hababi Hababi,El Arbi Hababi,Hababi,,1967-08-12,56,Marruecos,MED,9400056,Otros-Marruecos,world_cup_1994,Fjelstul World Cup Database,,,,,72,fixed_source_comparable_review_0.23,False,created_player_profile_audit_0.23,medium,created_after_global_existing_player_comparison,,MAR,15,El Arbi Hababi Hababi,,,9494237.jpg,pending
9494238,Abdeslam Laghrissi,Abdeslam,Laghrissi,,1962-01-05,56,Marruecos,DEL,9400056,Otros-Marruecos,world_cup_1994,Fjelstul World Cup Database,,,,,71,fixed_source_comparable_review_0.23,False,created_player_profile_audit_0.23,conservative,created_after_global_existing_player_comparison,,MAR,17,Abdeslam Laghrissi,,,9494238.jpg,pending
9494239,Rachid Neqrouz,Rachid,Neqrouz,,1972-04-10,56,Marruecos,DEF,9400056,Otros-Marruecos,world_cup_1994,Fjelstul World Cup Database,,,,,72,fixed_source_comparable_review_0.23,False,created_player_profile_audit_0.23,medium,created_after_global_existing_player_comparison,,MAR,18,Rachid Neqrouz,,,9494239.jpg,pending
9494240,Abdelmajid Bouyboud,Abdelmajid,Bouyboud,,1966-10-24,56,Marruecos,DEL,9400056,Otros-Marruecos,world_cup_1994,Fjelstul World Cup Database,,,,,72,fixed_source_comparable_review_0.23,False,created_player_profile_audit_0.23,medium,created_after_global_existing_player_comparison,,MAR,19,Abdelmajid Bouyboud,,,9494240.jpg,pending
9494241,Hassan Kachloul,Hassan,Kachloul,,1973-02-19,56,Marruecos,MED,9400056,Otros-Marruecos,world_cup_1994,Fjelstul World Cup Database,,,,,71,fixed_source_comparable_review_0.23,False,created_player_profile_audit_0.23,conservative,created_after_global_existing_player_comparison,,MAR,20,Hassan Kachloul,,,9494241.jpg,pending
9494242,Mohamed Samadi,Mohamed,Samadi,,1970-03-21,56,Marruecos,MED,9400056,Otros-Marruecos,world_cup_1994,Fjelstul World Cup Database,,,,,71,fixed_source_comparable_review_0.23,False,created_player_profile_audit_0.23,medium,created_after_global_existing_player_comparison,,MAR,21,Mohamed Samadi,,,9494242.jpg,pending
9494243,Zakaria Alaoui,Zakaria,Alaoui,,1966-06-17,56,Marruecos,POR,9400056,Otros-Marruecos,world_cup_1994,Fjelstul World Cup Database,,,,,71,fixed_source_comparable_review_0.23,False,created_player_profile_audit_0.23,medium,created_after_global_existing_player_comparison,,MAR,22,Zakaria Alaoui,,,9494243.jpg,pending
9494244,John Bosman,John,Bosman,,1965-02-01,3,Países Bajos,DEL,9400003,Otros-Países Bajos,world_cup_1994,Fjelstul World Cup Database,,,,,79,fixed_source_comparable_review_0.23,False,created_player_profile_audit_0.23,conservative,created_after_global_existing_player_comparison,,NLD,12,John Bosman,,,9494244.jpg,pending
9494245,Mohamed Al-Deayea,Mohamed,Al-Deayea,,1972-08-02,13,Arabia Saudí,POR,9400013,Otros-Arabia Saudí,world_cup_1994,Fjelstul World Cup Database,,,,,74,fixed_source_comparable_review_0.23,False,created_player_profile_audit_0.23,high,created_after_global_existing_player_comparison,,SAU,1,Mohamed Al-Deayea,,,9494245.jpg,pending
9494246,Abdullah Al-Dosari,Abdullah,Al-Dosari,,1969-11-01,13,Arabia Saudí,DEF,9400013,Otros-Arabia Saudí,world_cup_1994,Fjelstul World Cup Database,,,,,68,fixed_source_comparable_review_0.23,False,created_player_profile_audit_0.23,medium,created_after_global_existing_player_comparison,,SAU,2,Abdullah Al-Dosari,,,9494246.jpg,pending
9494247,Mohammed Al-Khilaiwi,Mohammed,Al-Khilaiwi,,1971-08-21,13,Arabia Saudí,DEF,9400013,Otros-Arabia Saudí,world_cup_1994,Fjelstul World Cup Database,,,,,72,fixed_source_comparable_review_0.23,False,created_player_profile_audit_0.23,high,created_after_global_existing_player_comparison,,SAU,3,Mohammed Al-Khilaiwi,,,9494247.jpg,pending
9494248,Abdullah Sulaiman Zubromawi,Abdullah,Sulaiman Zubromawi,,1973-11-15,13,Arabia Saudí,DEF,9400013,Otros-Arabia Saudí,world_cup_1994,Fjelstul World Cup Database,,,,,68,fixed_source_comparable_review_0.23,False,created_player_profile_audit_0.23,medium,created_after_global_existing_player_comparison,,SAU,4,Abdullah Sulaiman Zubromawi,,,9494248.jpg,pending
9494249,Ahmed Jamil Madani,Ahmed,Jamil Madani,,1970-01-06,13,Arabia Saudí,DEF,9400013,Otros-Arabia Saudí,world_cup_1994,Fjelstul World Cup Database,,,,,72,fixed_source_comparable_review_0.23,False,created_player_profile_audit_0.23,high,created_after_global_existing_player_comparison,,SAU,5,Ahmed Jamil Madani,,,9494249.jpg,pending
9494250,Fuad Anwar,Fuad,Anwar,,1972-10-13,13,Arabia Saudí,MED,9400013,Otros-Arabia Saudí,world_cup_1994,Fjelstul World Cup Database,,,,,74,fixed_source_comparable_review_0.23,False,created_player_profile_audit_0.23,high,created_after_global_existing_player_comparison,,SAU,6,Fuad Anwar,,,9494250.jpg,pending
9494251,Fahad Al-Ghesheyan,Fahad,Al-Ghesheyan,,1973-08-01,13,Arabia Saudí,DEL,9400013,Otros-Arabia Saudí,world_cup_1994,Fjelstul World Cup Database,,,,,69,fixed_source_comparable_review_0.23,False,created_player_profile_audit_0.23,conservative,created_after_global_existing_player_comparison,,SAU,7,Fahad Al-Ghesheyan,,,9494251.jpg,pending
9494252,Fahad Al-Bishi,Fahad,Al-Bishi,,1965-09-10,13,Arabia Saudí,MED,9400013,Otros-Arabia Saudí,world_cup_1994,Fjelstul World Cup Database,,,,,72,fixed_source_comparable_review_0.23,False,created_player_profile_audit_0.23,high,created_after_global_existing_player_comparison,,SAU,8,Fahad Al-Bishi,,,9494252.jpg,pending
9494253,Majed Abdullah,Majed,Abdullah,,1959-11-01,13,Arabia Saudí,DEL,9400013,Otros-Arabia Saudí,world_cup_1994,Fjelstul World Cup Database,,,,,75,fixed_source_comparable_review_0.23,False,created_player_profile_audit_0.23,high,created_after_global_existing_player_comparison,,SAU,9,Majed Abdullah,,,9494253.jpg,pending
9494254,Saeed Al-Owairan,Saeed,Al-Owairan,,1967-08-19,13,Arabia Saudí,MED,9400013,Otros-Arabia Saudí,world_cup_1994,Fjelstul World Cup Database,,,,,75,fixed_source_comparable_review_0.23,False,created_player_profile_audit_0.23,high,created_after_global_existing_player_comparison,,SAU,10,Saeed Al-Owairan,,,9494254.jpg,pending
9494255,Fahad Al-Mehallel,Fahad,Al-Mehallel,,1970-11-11,13,Arabia Saudí,DEL,9400013,Otros-Arabia Saudí,world_cup_1994,Fjelstul World Cup Database,,,,,67,fixed_source_comparable_review_0.23,False,created_player_profile_audit_0.23,conservative,created_after_global_existing_player_comparison,,SAU,11,Fahad Al-Mehallel,,,9494255.jpg,pending
9494256,Sami Al-Jaber,Sami,Al-Jaber,,1972-12-11,13,Arabia Saudí,DEL,9400013,Otros-Arabia Saudí,world_cup_1994,Fjelstul World Cup Database,,,,,72,fixed_source_comparable_review_0.23,False,created_player_profile_audit_0.23,high,created_after_global_existing_player_comparison,,SAU,12,Sami Al-Jaber,,,9494256.jpg,pending
9494257,Mohamed Abd Al-Jawad,Mohamed,Abd Al-Jawad,,1962-11-28,13,Arabia Saudí,DEF,9400013,Otros-Arabia Saudí,world_cup_1994,Fjelstul World Cup Database,,,,,72,fixed_source_comparable_review_0.23,False,created_player_profile_audit_0.23,high,created_after_global_existing_player_comparison,,SAU,13,Mohamed Abd Al-Jawad,,,9494257.jpg,pending
9494258,Khalid Al-Muwallid,Khalid,Al-Muwallid,,1971-11-23,13,Arabia Saudí,MED,9400013,Otros-Arabia Saudí,world_cup_1994,Fjelstul World Cup Database,,,,,68,fixed_source_comparable_review_0.23,False,created_player_profile_audit_0.23,medium,created_after_global_existing_player_comparison,,SAU,14,Khalid Al-Muwallid,,,9494258.jpg,pending
9494259,Saleh Al-Dawod,Saleh,Al-Dawod,,1968-09-24,13,Arabia Saudí,DEF,9400013,Otros-Arabia Saudí,world_cup_1994,Fjelstul World Cup Database,,,,,66,fixed_source_comparable_review_0.23,False,created_player_profile_audit_0.23,conservative,created_after_global_existing_player_comparison,,SAU,15,Saleh Al-Dawod,,,9494259.jpg,pending
9494260,Talal Jebreen,Talal,Jebreen,,1973-09-25,13,Arabia Saudí,MED,9400013,Otros-Arabia Saudí,world_cup_1994,Fjelstul World Cup Database,,,,,66,fixed_source_comparable_review_0.23,False,created_player_profile_audit_0.23,medium,created_after_global_existing_player_comparison,,SAU,16,Talal Jebreen,,,9494260.jpg,pending
9494261,Yassir Al-Taifi,Yassir,Al-Taifi,,1971-05-10,13,Arabia Saudí,DEF,9400013,Otros-Arabia Saudí,world_cup_1994,Fjelstul World Cup Database,,,,,66,fixed_source_comparable_review_0.23,False,created_player_profile_audit_0.23,conservative,created_after_global_existing_player_comparison,,SAU,17,Yassir Al-Taifi,,,9494261.jpg,pending
9494262,Awad Al-Anazi,Awad,Al-Anazi,,1968-09-24,13,Arabia Saudí,DEF,9400013,Otros-Arabia Saudí,world_cup_1994,Fjelstul World Cup Database,,,,,66,fixed_source_comparable_review_0.23,False,created_player_profile_audit_0.23,medium,created_after_global_existing_player_comparison,,SAU,18,Awad Al-Anazi,,,9494262.jpg,pending
9494263,Hamzah Saleh,Hamzah,Saleh,,1967-04-19,13,Arabia Saudí,MED,9400013,Otros-Arabia Saudí,world_cup_1994,Fjelstul World Cup Database,,,,,68,fixed_source_comparable_review_0.23,False,created_player_profile_audit_0.23,medium,created_after_global_existing_player_comparison,,SAU,19,Hamzah Saleh,,,9494263.jpg,pending
9494264,Hamzah Idris,Hamzah,Idris,,1972-10-08,13,Arabia Saudí,DEL,9400013,Otros-Arabia Saudí,world_cup_1994,Fjelstul World Cup Database,,,,,66,fixed_source_comparable_review_0.23,False,created_player_profile_audit_0.23,medium,created_after_global_existing_player_comparison,,SAU,20,Hamzah Idris,,,9494264.jpg,pending
9494265,Hussein Al-Sadiq,Hussein,Al-Sadiq,,1973-10-15,13,Arabia Saudí,POR,9400013,Otros-Arabia Saudí,world_cup_1994,Fjelstul World Cup Database,,,,,67,fixed_source_comparable_review_0.23,False,created_player_profile_audit_0.23,conservative,created_after_global_existing_player_comparison,,SAU,21,Hussein Al-Sadiq,,,9494265.jpg,pending
9494266,Ibrahim Al-Helwah,Ibrahim,Al-Helwah,,1972-08-18,13,Arabia Saudí,POR,9400013,Otros-Arabia Saudí,world_cup_1994,Fjelstul World Cup Database,,,,,67,fixed_source_comparable_review_0.23,False,created_player_profile_audit_0.23,conservative,created_after_global_existing_player_comparison,,SAU,22,Ibrahim Al-Helwah,,,9494266.jpg,pending
9495000,Dragoje Leković,Dragoje,Leković,,1967-11-21,75,Yugoslavia,POR,9400075,Otros-Yugoslavia,near_functional_national_teams_0.22,National-Football-Teams / historical career record,,,,FK Budućnost Titograd,75,fixed_source_comparable_review_0.23,False,created_player_profile_audit_0.23,conservative,created_after_global_existing_player_comparison,,,,Dragoje Leković,,,9495000.jpg,pending
9495001,Celso Ayala,Celso Rafael,Ayala,,1970-08-20,68,Paraguay,DEF,9400068,Otros-Paraguay,near_functional_national_teams_0.22,historical international and club records,,,,Olimpia Asunción,75,fixed_source_comparable_review_0.23,False,created_player_profile_audit_0.23,high,created_after_global_existing_player_comparison,,,,Celso Ayala,,,9495001.jpg,pending
9495002,Alan Fettis,Alan William,Fettis,,1971-02-01,44,Irlanda del Norte,POR,9400044,Otros-Irlanda del Norte,near_functional_national_teams_0.22,Hull City historical profile / international record,,,,Hull City,70,fixed_source_comparable_review_0.23,False,created_player_profile_audit_0.23,conservative,created_after_global_existing_player_comparison,,,,Alan Fettis,,,9495002.jpg,pending
9495003,József Csábi,József,Csábi,,1967-02-14,93,Hungría,DEF,9400093,Otros-Hungría,near_functional_national_teams_0.22,Magyarfutball / National-Football-Teams,,,,Kispest Honvéd,72,fixed_source_comparable_review_0.23,False,created_player_profile_audit_0.23,conservative,created_after_global_existing_player_comparison,,,,József Csábi,,,9495003.jpg,pending
9495004,János Bánfi,János,Bánfi,,1969-11-09,93,Hungría,DEF,9400093,Otros-Hungría,near_functional_national_teams_0.22,Magyarfutball / National-Football-Teams,,,,Kispest Honvéd,72,fixed_source_comparable_review_0.23,False,created_player_profile_audit_0.23,conservative,created_after_global_existing_player_comparison,,,,János Bánfi,,,9495004.jpg,pending
9495005,Dušan Tittel,Dušan,Tittel,,1966-12-27,36,Eslovaquia,DEF,9400036,Otros-Eslovaquia,near_functional_national_teams_0.22,UEFA / historical international and club records,,,,Slovan Bratislava,78,fixed_source_comparable_review_0.23,False,created_player_profile_audit_0.23,high,created_after_global_existing_player_comparison,,,,Dušan Tittel,,,9495005.jpg,pending
9495100,Patricio Toledo,Patricio,Toledo,,1962-07-14,23,Chile,POR,9400023,Otros-Chile,verified_1993_national_pools_0.22,National-Football-Teams · players used by the senior national team in 1993,https://www.national-football-teams.com/country/41/1993/Chile.html,1993,,Universidad Católica Santiago,73,fixed_source_comparable_review_0.23,False,created_player_profile_audit_0.23,conservative,created_after_global_existing_player_comparison,,,,Patricio Toledo,,,9495100.jpg,pending
9495101,Marcelo Ramírez,Marcelo,Ramírez,,1965-05-29,23,Chile,POR,9400023,Otros-Chile,verified_1993_national_pools_0.22,National-Football-Teams · players used by the senior national team in 1993,https://www.national-football-teams.com/country/41/1993/Chile.html,1993,,Colo Colo Santiago,74,fixed_source_comparable_review_0.23,False,created_player_profile_audit_0.23,conservative,created_after_global_existing_player_comparison,,,,Marcelo Ramírez,,,9495101.jpg,pending
9495102,Gabriel Mendoza,Gabriel,Mendoza,,1968-05-22,23,Chile,DEF,9400023,Otros-Chile,verified_1993_national_pools_0.22,National-Football-Teams · players used by the senior national team in 1993,https://www.national-football-teams.com/country/41/1993/Chile.html,1993,,Colo Colo Santiago,75,fixed_source_comparable_review_0.23,False,created_player_profile_audit_0.23,conservative,created_after_global_existing_player_comparison,,,,Gabriel Mendoza,,,9495102.jpg,pending
9495103,Miguel Ramírez,Miguel,Ramírez,,1970-06-11,23,Chile,DEF,9400023,Otros-Chile,verified_1993_national_pools_0.22,National-Football-Teams · players used by the senior national team in 1993,https://www.national-football-teams.com/country/41/1993/Chile.html,1993,,Colo Colo Santiago,76,fixed_source_comparable_review_0.23,False,created_player_profile_audit_0.23,high,created_after_global_existing_player_comparison,,,,Miguel Ramírez,,,9495103.jpg,pending
9495104,Eduardo Vilches,Eduardo,Vilches,,1963-04-21,23,Chile,DEF,9400023,Otros-Chile,verified_1993_national_pools_0.22,National-Football-Teams · players used by the senior national team in 1993,https://www.national-football-teams.com/country/41/1993/Chile.html,1993,,Colo Colo Santiago,74,fixed_source_comparable_review_0.23,False,created_player_profile_audit_0.23,conservative,created_after_global_existing_player_comparison,,,,Eduardo Vilches,,,9495104.jpg,pending
9495105,Javier Margas,Javier,Margas,,1969-05-10,23,Chile,DEF,9400023,Otros-Chile,verified_1993_national_pools_0.22,National-Football-Teams · players used by the senior national team in 1993,https://www.national-football-teams.com/country/41/1993/Chile.html,1993,,Colo Colo Santiago,76,fixed_source_comparable_review_0.23,False,created_player_profile_audit_0.23,high,created_after_global_existing_player_comparison,,,,Javier Margas,,,9495105.jpg,pending
9495106,Hugo González,Hugo,González,,1963-03-11,23,Chile,DEF,9400023,Otros-Chile,verified_1993_national_pools_0.22,National-Football-Teams · players used by the senior national team in 1993,https://www.national-football-teams.com/country/41/1993/Chile.html,1993,,Cobreloa Calama,71,fixed_source_comparable_review_0.23,False,created_player_profile_audit_0.23,conservative,created_after_global_existing_player_comparison,,,,Hugo González,,,9495106.jpg,pending
9495107,Juan Carlos González,Juan Carlos,González,,1968-11-13,23,Chile,DEF,9400023,Otros-Chile,verified_1993_national_pools_0.22,National-Football-Teams · players used by the senior national team in 1993,https://www.national-football-teams.com/country/41/1993/Chile.html,1993,,Unión Española Santiago,70,fixed_source_comparable_review_0.23,False,created_player_profile_audit_0.23,conservative,created_after_global_existing_player_comparison,,,,Juan Carlos González,,,9495107.jpg,pending
9495108,Ricardo González,Ricardo,González,,1965-08-31,23,Chile,DEF,9400023,Otros-Chile,verified_1993_national_pools_0.22,National-Football-Teams · players used by the senior national team in 1993,https://www.national-football-teams.com/country/41/1993/Chile.html,1993,,Unión Española Santiago,69,fixed_source_comparable_review_0.23,False,created_player_profile_audit_0.23,conservative,created_after_global_existing_player_comparison,,,,Ricardo González,,,9495108.jpg,pending
9495109,Fabián Estay,Fabián,Estay,,1968-10-05,23,Chile,MED,9400023,Otros-Chile,verified_1993_national_pools_0.22,National-Football-Teams · players used by the senior national team in 1993,https://www.national-football-teams.com/country/41/1993/Chile.html,1993,,Olympiakos Piraios,80,fixed_source_comparable_review_0.23,False,created_player_profile_audit_0.23,high,created_after_global_existing_player_comparison,,,,Fabián Estay,,,9495109.jpg,pending
9495110,Mario Lepe,Mario,Lepe,,1965-03-25,23,Chile,MED,9400023,Otros-Chile,verified_1993_national_pools_0.22,National-Football-Teams · players used by the senior national team in 1993,https://www.national-football-teams.com/country/41/1993/Chile.html,1993,,Universidad Católica Santiago,75,fixed_source_comparable_review_0.23,False,created_player_profile_audit_0.23,conservative,created_after_global_existing_player_comparison,,,,Mario Lepe,,,9495110.jpg,pending
9495112,José Luis Sierra,José Luis,Sierra,,1968-12-05,23,Chile,MED,9400023,Otros-Chile,verified_1993_national_pools_0.22,National-Football-Teams · players used by the senior national team in 1993,https://www.national-football-teams.com/country/41/1993/Chile.html,1993,,Unión Española Santiago,79,fixed_source_comparable_review_0.23,False,created_player_profile_audit_0.23,high,created_after_global_existing_player_comparison,,,,José Luis Sierra,,,9495112.jpg,pending
9495113,Fabián Guevara,Fabián,Guevara,,1968-06-22,23,Chile,MED,9400023,Otros-Chile,verified_1993_national_pools_0.22,National-Football-Teams · players used by the senior national team in 1993,https://www.national-football-teams.com/country/41/1993/Chile.html,1993,,Universidad de Chile Santiago,72,fixed_source_comparable_review_0.23,False,created_player_profile_audit_0.23,conservative,created_after_global_existing_player_comparison,,,,Fabián Guevara,,,9495113.jpg,pending
9495114,Marcelo Vega,Marcelo,Vega,,1971-08-12,23,Chile,MED,9400023,Otros-Chile,verified_1993_national_pools_0.22,National-Football-Teams · players used by the senior national team in 1993,https://www.national-football-teams.com/country/41/1993/Chile.html,1993,,Colo Colo Santiago,78,fixed_source_comparable_review_0.23,False,created_player_profile_audit_0.23,high,created_after_global_existing_player_comparison,,,,Marcelo Vega,,,9495114.jpg,pending
9495115,Luis Musrri,Luis,Musrri,,1969-12-24,23,Chile,MED,9400023,Otros-Chile,verified_1993_national_pools_0.22,National-Football-Teams · players used by the senior national team in 1993,https://www.national-football-teams.com/country/41/1993/Chile.html,1993,,Universidad de Chile Santiago,72,fixed_source_comparable_review_0.23,False,created_player_profile_audit_0.23,conservative,created_after_global_existing_player_comparison,,,,Luis Musrri,,,9495115.jpg,pending
9495116,Nelson Parraguéz,Nelson,Parraguéz,,1971-04-05,23,Chile,MED,9400023,Otros-Chile,verified_1993_national_pools_0.22,National-Football-Teams · players used by the senior national team in 1993,https://www.national-football-teams.com/country/41/1993/Chile.html,1993,,Universidad Católica Santiago,71,fixed_source_comparable_review_0.23,False,created_player_profile_audit_0.23,conservative,created_after_global_existing_player_comparison,,,,Nelson Parraguéz,,,9495116.jpg,pending
9495117,Mario Salas,Mario,Salas,,1967-10-11,23,Chile,MED,9400023,Otros-Chile,verified_1993_national_pools_0.22,National-Football-Teams · players used by the senior national team in 1993,https://www.national-football-teams.com/country/41/1993/Chile.html,1993,,Unión Española Santiago,70,fixed_source_comparable_review_0.23,False,created_player_profile_audit_0.23,conservative,created_after_global_existing_player_comparison,,,,Mario Salas,,,9495117.jpg,pending
9495120,Rodrigo Barrera,Rodrigo,Barrera,,1970-10-30,23,Chile,DEL,9400023,Otros-Chile,verified_1993_national_pools_0.22,National-Football-Teams · players used by the senior national team in 1993,https://www.national-football-teams.com/country/41/1993/Chile.html,1993,,Universidad Católica Santiago,75,fixed_source_comparable_review_0.23,False,created_player_profile_audit_0.23,high,created_after_global_existing_player_comparison,,,,Rodrigo Barrera,,,9495120.jpg,pending
9495122,Petri Jakonen,Petri,Jakonen,,1967-06-09,41,Finlandia,POR,9400041,Otros-Finlandia,verified_1993_national_pools_0.22,National-Football-Teams · players used by the senior national team in 1993,https://www.national-football-teams.com/country/66/1993/Finland.html,1993,,TPS Turku,71,fixed_source_comparable_review_0.23,False,created_player_profile_audit_0.23,conservative,created_after_global_existing_player_comparison,,,,Petri Jakonen,,,9495122.jpg,pending
9495123,Antti Niemi,Antti,Niemi,,1972-05-31,41,Finlandia,POR,9400041,Otros-Finlandia,verified_1993_national_pools_0.22,National-Football-Teams · players used by the senior national team in 1993,https://www.national-football-teams.com/country/66/1993/Finland.html,1993,,HJK Helsinki,70,fixed_source_comparable_review_0.23,False,created_player_profile_audit_0.23,conservative,created_after_global_existing_player_comparison,,,,Antti Niemi,,,9495123.jpg,pending
9495124,Kari Laukkanen,Kari,Laukkanen,,1963-12-14,41,Finlandia,POR,9400041,Otros-Finlandia,verified_1993_national_pools_0.22,National-Football-Teams · players used by the senior national team in 1993,https://www.national-football-teams.com/country/66/1993/Finland.html,1993,,Waldhof Mannheim,70,fixed_source_comparable_review_0.23,False,created_player_profile_audit_0.23,conservative,created_after_global_existing_player_comparison,,,,Kari Laukkanen,,,9495124.jpg,pending
9495125,Jari Kinnunen,Jari,Kinnunen,,1966-09-12,41,Finlandia,DEF,9400041,Otros-Finlandia,verified_1993_national_pools_0.22,National-Football-Teams · players used by the senior national team in 1993,https://www.national-football-teams.com/country/66/1993/Finland.html,1993,,Kuusysi Lahti,70,fixed_source_comparable_review_0.23,False,created_player_profile_audit_0.23,conservative,created_after_global_existing_player_comparison,,,,Jari Kinnunen,,,9495125.jpg,pending
9495126,Ari Heikkinen,Ari,Heikkinen,,1964-04-08,41,Finlandia,DEF,9400041,Otros-Finlandia,verified_1993_national_pools_0.22,National-Football-Teams · players used by the senior national team in 1993,https://www.national-football-teams.com/country/66/1993/Finland.html,1993,,TPS Turku,70,fixed_source_comparable_review_0.23,False,created_player_profile_audit_0.23,conservative,created_after_global_existing_player_comparison,,,,Ari Heikkinen,,,9495126.jpg,pending
9495127,Markku Kanerva,Markku,Kanerva,,1964-05-24,41,Finlandia,DEF,9400041,Otros-Finlandia,verified_1993_national_pools_0.22,National-Football-Teams · players used by the senior national team in 1993,https://www.national-football-teams.com/country/66/1993/Finland.html,1993,,FinnPa Anjalankoski,71,fixed_source_comparable_review_0.23,False,created_player_profile_audit_0.23,high,created_after_global_existing_player_comparison,,,,Markku Kanerva,,,9495127.jpg,pending
9495128,Erkka Petäjä,Erkka,Petäjä,,1964-02-13,41,Finlandia,DEF,9400041,Otros-Finlandia,verified_1993_national_pools_0.22,National-Football-Teams · players used by the senior national team in 1993,https://www.national-football-teams.com/country/66/1993/Finland.html,1993,,Yverdon Sport,70,fixed_source_comparable_review_0.23,False,created_player_profile_audit_0.23,conservative,created_after_global_existing_player_comparison,,,,Erkka Petäjä,,,9495128.jpg,pending
9495129,Aki Hyryläinen,Aki,Hyryläinen,,1968-04-17,41,Finlandia,DEF,9400041,Otros-Finlandia,verified_1993_national_pools_0.22,National-Football-Teams · players used by the senior national team in 1993,https://www.national-football-teams.com/country/66/1993/Finland.html,1993,,Eendracht Aalst,70,fixed_source_comparable_review_0.23,False,created_player_profile_audit_0.23,conservative,created_after_global_existing_player_comparison,,,,Aki Hyryläinen,,,9495129.jpg,pending
9495130,Erik Holmgren,Erik,Holmgren,,1964-12-17,41,Finlandia,DEF,9400041,Otros-Finlandia,verified_1993_national_pools_0.22,National-Football-Teams · players used by the senior national team in 1993,https://www.national-football-teams.com/country/66/1993/Finland.html,1993,,GAIS Göteborg,68,fixed_source_comparable_review_0.23,False,created_player_profile_audit_0.23,conservative,created_after_global_existing_player_comparison,,,,Erik Holmgren,,,9495130.jpg,pending
9495131,Anders Eriksson,Anders,Eriksson,,1965-04-19,41,Finlandia,DEF,9400041,Otros-Finlandia,verified_1993_national_pools_0.22,National-Football-Teams · players used by the senior national team in 1993,https://www.national-football-teams.com/country/66/1993/Finland.html,1993,,Bryne FK,68,fixed_source_comparable_review_0.23,False,created_player_profile_audit_0.23,conservative,created_after_global_existing_player_comparison,,,,Anders Eriksson,,,9495131.jpg,pending
9495132,Rami Nieminen,Rami,Nieminen,,1966-02-25,41,Finlandia,DEF,9400041,Otros-Finlandia,verified_1993_national_pools_0.22,National-Football-Teams · players used by the senior national team in 1993,https://www.national-football-teams.com/country/66/1993/Finland.html,1993,,FC Jazz Pori,68,fixed_source_comparable_review_0.23,False,created_player_profile_audit_0.23,conservative,created_after_global_existing_player_comparison,,,,Rami Nieminen,,,9495132.jpg,pending
9495133,Kim Suominen,Kim,Suominen,,1969-10-20,41,Finlandia,MED,9400041,Otros-Finlandia,verified_1993_national_pools_0.22,National-Football-Teams · players used by the senior national team in 1993,https://www.national-football-teams.com/country/66/1993/Finland.html,1993,,FF Jaro Pietarsaari,72,fixed_source_comparable_review_0.23,False,created_player_profile_audit_0.23,conservative,created_after_global_existing_player_comparison,,,,Kim Suominen,,,9495133.jpg,pending
9495134,Janne Lindberg,Janne,Lindberg,,1966-05-24,41,Finlandia,MED,9400041,Otros-Finlandia,verified_1993_national_pools_0.22,National-Football-Teams · players used by the senior national team in 1993,https://www.national-football-teams.com/country/66/1993/Finland.html,1993,,MyPa-47 Anjalankoski,71,fixed_source_comparable_review_0.23,False,created_player_profile_audit_0.23,conservative,created_after_global_existing_player_comparison,,,,Janne Lindberg,,,9495134.jpg,pending
9495135,Pasi Tauriainen,Pasi,Tauriainen,,1964-10-04,41,Finlandia,MED,9400041,Otros-Finlandia,verified_1993_national_pools_0.22,National-Football-Teams · players used by the senior national team in 1993,https://www.national-football-teams.com/country/66/1993/Finland.html,1993,,HJK Helsinki,69,fixed_source_comparable_review_0.23,False,created_player_profile_audit_0.23,conservative,created_after_global_existing_player_comparison,,,,Pasi Tauriainen,,,9495135.jpg,pending
9495136,Rami Rantanen,Rami,Rantanen,,1968-11-25,41,Finlandia,MED,9400041,Otros-Finlandia,verified_1993_national_pools_0.22,National-Football-Teams · players used by the senior national team in 1993,https://www.national-football-teams.com/country/66/1993/Finland.html,1993,,HJK Helsinki,69,fixed_source_comparable_review_0.23,False,created_player_profile_audit_0.23,conservative,created_after_global_existing_player_comparison,,,,Rami Rantanen,,,9495136.jpg,pending
9495137,Jukka Ruhanen,Jukka,Ruhanen,,1971-04-16,41,Finlandia,MED,9400041,Otros-Finlandia,verified_1993_national_pools_0.22,National-Football-Teams · players used by the senior national team in 1993,https://www.national-football-teams.com/country/66/1993/Finland.html,1993,,MP Mikkeli,69,fixed_source_comparable_review_0.23,False,created_player_profile_audit_0.23,conservative,created_after_global_existing_player_comparison,,,,Jukka Ruhanen,,,9495137.jpg,pending
9495138,Mika Aaltonen,Mika,Aaltonen,,1965-11-16,41,Finlandia,MED,9400041,Otros-Finlandia,verified_1993_national_pools_0.22,National-Football-Teams · players used by the senior national team in 1993,https://www.national-football-teams.com/country/66/1993/Finland.html,1993,,Hapoel Be'er-Sheva,70,fixed_source_comparable_review_0.23,False,created_player_profile_audit_0.23,conservative,created_after_global_existing_player_comparison,,,,Mika Aaltonen,,,9495138.jpg,pending
9495139,Tommi Paavola,Tommi,Paavola,,1965-12-09,41,Finlandia,MED,9400041,Otros-Finlandia,verified_1993_national_pools_0.22,National-Football-Teams · players used by the senior national team in 1993,https://www.national-football-teams.com/country/66/1993/Finland.html,1993,,FC Lorient,69,fixed_source_comparable_review_0.23,False,created_player_profile_audit_0.23,conservative,created_after_global_existing_player_comparison,,,,Tommi Paavola,,,9495139.jpg,pending
9495140,Janne Suokonautio,Janne,Suokonautio,,1968-05-20,41,Finlandia,MED,9400041,Otros-Finlandia,verified_1993_national_pools_0.22,National-Football-Teams · players used by the senior national team in 1993,https://www.national-football-teams.com/country/66/1993/Finland.html,1993,,HJK Helsinki,67,fixed_source_comparable_review_0.23,False,created_player_profile_audit_0.23,conservative,created_after_global_existing_player_comparison,,,,Janne Suokonautio,,,9495140.jpg,pending
9495142,Ari Hjelm,Ari,Hjelm,,1962-02-24,41,Finlandia,DEL,9400041,Otros-Finlandia,verified_1993_national_pools_0.22,National-Football-Teams · players used by the senior national team in 1993,https://www.national-football-teams.com/country/66/1993/Finland.html,1993,,FC St.Pauli,73,fixed_source_comparable_review_0.23,False,created_player_profile_audit_0.23,high,created_after_global_existing_player_comparison,,,,Ari Hjelm,,,9495142.jpg,pending
9495143,Mixu Paatelainen,Mixu,Paatelainen,,1967-02-03,41,Finlandia,DEL,9400041,Otros-Finlandia,verified_1993_national_pools_0.22,National-Football-Teams · players used by the senior national team in 1993,https://www.national-football-teams.com/country/66/1993/Finland.html,1993,,Aberdeen FC,75,fixed_source_comparable_review_0.23,False,created_player_profile_audit_0.23,high,created_after_global_existing_player_comparison,,,,Mixu Paatelainen,,,9495143.jpg,pending
9495144,Robert Zabica,Robert,Zabica,,1964-04-09,15,Australia,POR,9400015,Otros-Australia,verified_1993_national_pools_0.22,National-Football-Teams · players used by the senior national team in 1993,https://www.national-football-teams.com/country/12/1993/Australia.html,1993,,Adelaide City,71,fixed_source_comparable_review_0.23,False,created_player_profile_audit_0.23,conservative,created_after_global_existing_player_comparison,,,,Robert Zabica,,,9495144.jpg,pending
9495146,Mark Schwarzer,Mark,Schwarzer,,1972-10-06,15,Australia,POR,9400015,Otros-Australia,verified_1993_national_pools_0.22,National-Football-Teams · players used by the senior national team in 1993,https://www.national-football-teams.com/country/12/1993/Australia.html,1993,,Marconi Fairfield,72,fixed_source_comparable_review_0.23,False,created_player_profile_audit_0.23,conservative,created_after_global_existing_player_comparison,,,,Mark Schwarzer,,,9495146.jpg,pending
9495147,Alex Tobin,Alex,Tobin,,1965-11-03,15,Australia,DEF,9400015,Otros-Australia,verified_1993_national_pools_0.22,National-Football-Teams · players used by the senior national team in 1993,https://www.national-football-teams.com/country/12/1993/Australia.html,1993,,Adelaide City,73,fixed_source_comparable_review_0.23,False,created_player_profile_audit_0.23,high,created_after_global_existing_player_comparison,,,,Alex Tobin,,,9495147.jpg,pending
9495148,Milan Ivanović,Milan,Ivanović,,1960-12-21,15,Australia,DEF,9400015,Otros-Australia,verified_1993_national_pools_0.22,National-Football-Teams · players used by the senior national team in 1993,https://www.national-football-teams.com/country/12/1993/Australia.html,1993,,Adelaide City,72,fixed_source_comparable_review_0.23,False,created_player_profile_audit_0.23,conservative,created_after_global_existing_player_comparison,,,,Milan Ivanović,,,9495148.jpg,pending
9495150,Tony Vidmar,Tony,Vidmar,,1970-06-04,15,Australia,DEF,9400015,Otros-Australia,verified_1993_national_pools_0.22,National-Football-Teams · players used by the senior national team in 1993,https://www.national-football-teams.com/country/12/1993/Australia.html,1993,,Adelaide City,73,fixed_source_comparable_review_0.23,False,created_player_profile_audit_0.23,conservative,created_after_global_existing_player_comparison,,,,Tony Vidmar,,,9495150.jpg,pending
9495151,Ned Zelić,Ned,Zelić,,1971-07-04,15,Australia,DEF,9400015,Otros-Australia,verified_1993_national_pools_0.22,National-Football-Teams · players used by the senior national team in 1993,https://www.national-football-teams.com/country/12/1993/Australia.html,1993,,Borussia Dortmund,78,fixed_source_comparable_review_0.23,False,created_player_profile_audit_0.23,high,created_after_global_existing_player_comparison,,,,Ned Zelić,,,9495151.jpg,pending
9495153,Dominic Longo,Dominic,Longo,,1970-08-23,15,Australia,DEF,9400015,Otros-Australia,verified_1993_national_pools_0.22,National-Football-Teams · players used by the senior national team in 1993,https://www.national-football-teams.com/country/12/1993/Australia.html,1993,,Cercle Brugge,70,fixed_source_comparable_review_0.23,False,created_player_profile_audit_0.23,conservative,created_after_global_existing_player_comparison,,,,Dominic Longo,,,9495153.jpg,pending
9495154,Mehmet Duraković,Mehmet,Duraković,,1965-10-13,15,Australia,MED,9400015,Otros-Australia,verified_1993_national_pools_0.22,National-Football-Teams · players used by the senior national team in 1993,https://www.national-football-teams.com/country/12/1993/Australia.html,1993,,South Melbourne FC,72,fixed_source_comparable_review_0.23,False,created_player_profile_audit_0.23,conservative,created_after_global_existing_player_comparison,,,,Mehmet Duraković,,,9495154.jpg,pending
9495155,Paul Wade,Paul,Wade,,1962-03-20,15,Australia,MED,9400015,Otros-Australia,verified_1993_national_pools_0.22,National-Football-Teams · players used by the senior national team in 1993,https://www.national-football-teams.com/country/12/1993/Australia.html,1993,,South Melbourne FC,73,fixed_source_comparable_review_0.23,False,created_player_profile_audit_0.23,high,created_after_global_existing_player_comparison,,,,Paul Wade,,,9495155.jpg,pending
9495157,Aurelio Vidmar,Aurelio,Vidmar,,1967-02-03,15,Australia,MED,9400015,Otros-Australia,verified_1993_national_pools_0.22,National-Football-Teams · players used by the senior national team in 1993,https://www.national-football-teams.com/country/12/1993/Australia.html,1993,,KSV Waregem,76,fixed_source_comparable_review_0.23,False,created_player_profile_audit_0.23,high,created_after_global_existing_player_comparison,,,,Aurelio Vidmar,,,9495157.jpg,pending
9495158,Jason Polak,Jason,Polak,,1968-01-09,15,Australia,MED,9400015,Otros-Australia,verified_1993_national_pools_0.22,National-Football-Teams · players used by the senior national team in 1993,https://www.national-football-teams.com/country/12/1993/Australia.html,1993,,South Melbourne FC,72,fixed_source_comparable_review_0.23,False,created_player_profile_audit_0.23,conservative,created_after_global_existing_player_comparison,,,,Jason Polak,,,9495158.jpg,pending
9495159,Steve Corica,Steve,Corica,,1973-03-24,15,Australia,MED,9400015,Otros-Australia,verified_1993_national_pools_0.22,National-Football-Teams · players used by the senior national team in 1993,https://www.national-football-teams.com/country/12/1993/Australia.html,1993,,Marconi Fairfield,72,fixed_source_comparable_review_0.23,False,created_player_profile_audit_0.23,conservative,created_after_global_existing_player_comparison,,,,Steve Corica,,,9495159.jpg,pending
9495160,Branko Milošević,Branko,Milošević,,1964-08-21,15,Australia,MED,9400015,Otros-Australia,verified_1993_national_pools_0.22,National-Football-Teams · players used by the senior national team in 1993,https://www.national-football-teams.com/country/12/1993/Australia.html,1993,,Sydney Olympic,69,fixed_source_comparable_review_0.23,False,created_player_profile_audit_0.23,conservative,created_after_global_existing_player_comparison,,,,Branko Milošević,,,9495160.jpg,pending
9495161,Stan Lazaridis,Stan,Lazaridis,,1972-08-16,15,Australia,MED,9400015,Otros-Australia,verified_1993_national_pools_0.22,National-Football-Teams · players used by the senior national team in 1993,https://www.national-football-teams.com/country/12/1993/Australia.html,1993,,West Adelaide SC,71,fixed_source_comparable_review_0.23,False,created_player_profile_audit_0.23,conservative,created_after_global_existing_player_comparison,,,,Stan Lazaridis,,,9495161.jpg,pending
9495162,Andrew Marth,Andrew,Marth,,1969-02-10,15,Australia,MED,9400015,Otros-Australia,verified_1993_national_pools_0.22,National-Football-Teams · players used by the senior national team in 1993,https://www.national-football-teams.com/country/12/1993/Australia.html,1993,,Melbourne Knights,68,fixed_source_comparable_review_0.23,False,created_player_profile_audit_0.23,conservative,created_after_global_existing_player_comparison,,,,Andrew Marth,,,9495162.jpg,pending
9495163,Graham Arnold,Graham,Arnold,,1963-08-03,15,Australia,DEL,9400015,Otros-Australia,verified_1993_national_pools_0.22,National-Football-Teams · players used by the senior national team in 1993,https://www.national-football-teams.com/country/12/1993/Australia.html,1993,,RFC Liège,74,fixed_source_comparable_review_0.23,False,created_player_profile_audit_0.23,high,created_after_global_existing_player_comparison,,,,Graham Arnold,,,9495163.jpg,pending
9495165,Carl Veart,Carl,Veart,,1970-05-21,15,Australia,DEL,9400015,Otros-Australia,verified_1993_national_pools_0.22,National-Football-Teams · players used by the senior national team in 1993,https://www.national-football-teams.com/country/12/1993/Australia.html,1993,,Adelaide City,71,fixed_source_comparable_review_0.23,False,created_player_profile_audit_0.23,conservative,created_after_global_existing_player_comparison,,,,Carl Veart,,,9495165.jpg,pending
9495166,Isaac Salifu Ansah,Isaac Salifu,Ansah,,1963-09-27,42,Ghana,POR,9400042,Otros-Ghana,verified_1993_national_pools_0.22,National-Football-Teams · players used by the senior national team in 1993,https://www.national-football-teams.com/country/72/1993/Ghana.html,1993,,Hearts of Oak Accra,70,fixed_source_comparable_review_0.23,False,created_player_profile_audit_0.23,conservative,created_after_global_existing_player_comparison,,,,Isaac Salifu Ansah,,,9495166.jpg,pending
9495167,Abubakari Damba,Abubakari,Damba,,1968-12-30,42,Ghana,POR,9400042,Otros-Ghana,verified_1993_national_pools_0.22,National-Football-Teams · players used by the senior national team in 1993,https://www.national-football-teams.com/country/72/1993/Ghana.html,1993,,Great Olympics Accra,69,fixed_source_comparable_review_0.23,False,created_player_profile_audit_0.23,conservative,created_after_global_existing_player_comparison,,,,Abubakari Damba,,,9495167.jpg,pending
9495168,Edward Ansah,Edward,Ansah,,1963-02-01,42,Ghana,POR,9400042,Otros-Ghana,verified_1993_national_pools_0.22,National-Football-Teams · players used by the senior national team in 1993,https://www.national-football-teams.com/country/72/1993/Ghana.html,1993,,Asante Kotoko Kumasi,71,fixed_source_comparable_review_0.23,False,created_player_profile_audit_0.23,conservative,created_after_global_existing_player_comparison,,,,Edward Ansah,,,9495168.jpg,pending
9495169,Frimpong Manso,Frimpong,Manso,,1959-05-15,42,Ghana,DEF,9400042,Otros-Ghana,verified_1993_national_pools_0.22,National-Football-Teams · players used by the senior national team in 1993,https://www.national-football-teams.com/country/72/1993/Ghana.html,1993,,Asante Kotoko Kumasi,72,fixed_source_comparable_review_0.23,False,created_player_profile_audit_0.23,conservative,created_after_global_existing_player_comparison,,,,Frimpong Manso,,,9495169.jpg,pending
9495170,Joe Tex Odoi,Joe Tex,Odoi,,1968-09-23,42,Ghana,DEF,9400042,Otros-Ghana,verified_1993_national_pools_0.22,National-Football-Teams · players used by the senior national team in 1993,https://www.national-football-teams.com/country/72/1993/Ghana.html,1993,,Hearts of Oak Accra,72,fixed_source_comparable_review_0.23,False,created_player_profile_audit_0.23,conservative,created_after_global_existing_player_comparison,,,,Joe Tex Odoi,,,9495170.jpg,pending
9495171,Emmanuel Armah,Emmanuel,Armah,,1968-04-22,42,Ghana,DEF,9400042,Otros-Ghana,verified_1993_national_pools_0.22,National-Football-Teams · players used by the senior national team in 1993,https://www.national-football-teams.com/country/72/1993/Ghana.html,1993,,Hearts of Oak Accra,72,fixed_source_comparable_review_0.23,False,created_player_profile_audit_0.23,conservative,created_after_global_existing_player_comparison,,,,Emmanuel Armah,,,9495171.jpg,pending
9495172,Isaac Asare,Isaac,Asare,,1974-09-01,42,Ghana,DEF,9400042,Otros-Ghana,verified_1993_national_pools_0.22,National-Football-Teams · players used by the senior national team in 1993,https://www.national-football-teams.com/country/72/1993/Ghana.html,1993,,RSC Anderlecht,73,fixed_source_comparable_review_0.23,False,created_player_profile_audit_0.23,conservative,created_after_global_existing_player_comparison,,,,Isaac Asare,,,9495172.jpg,pending
9495173,Sammi Adjei,Sammi,Adjei,,1973-11-18,42,Ghana,DEF,9400042,Otros-Ghana,verified_1993_national_pools_0.22,National-Football-Teams · players used by the senior national team in 1993,https://www.national-football-teams.com/country/72/1993/Ghana.html,1993,,Goldfields Obuasi,69,fixed_source_comparable_review_0.23,False,created_player_profile_audit_0.23,conservative,created_after_global_existing_player_comparison,,,,Sammi Adjei,,,9495173.jpg,pending
9495175,Samuel Kuffour,Samuel,Kuffour,,1976-09-03,42,Ghana,DEF,9400042,Otros-Ghana,verified_1993_national_pools_0.22,National-Football-Teams · players used by the senior national team in 1993,https://www.national-football-teams.com/country/72/1993/Ghana.html,1993,,Bayern München II,72,fixed_source_comparable_review_0.23,False,created_player_profile_audit_0.23,high,created_after_global_existing_player_comparison,,,,Samuel Kuffour,,,9495175.jpg,pending
9495176,Eben Dugbatey,Eben,Dugbatey,,1973-07-31,42,Ghana,DEF,9400042,Otros-Ghana,verified_1993_national_pools_0.22,National-Football-Teams · players used by the senior national team in 1993,https://www.national-football-teams.com/country/72/1993/Ghana.html,1993,,Hearts of Oak Accra,68,fixed_source_comparable_review_0.23,False,created_player_profile_audit_0.23,conservative,created_after_global_existing_player_comparison,,,,Eben Dugbatey,,,9495176.jpg,pending
9495178,Charles Akonnor,Charles,Akonnor,,1974-03-12,42,Ghana,MED,9400042,Otros-Ghana,verified_1993_national_pools_0.22,National-Football-Teams · players used by the senior national team in 1993,https://www.national-football-teams.com/country/72/1993/Ghana.html,1993,,Fortuna Köln,74,fixed_source_comparable_review_0.23,False,created_player_profile_audit_0.23,high,created_after_global_existing_player_comparison,,,,Charles Akonnor,,,9495178.jpg,pending
9495179,Yaw Acheampong,Yaw,Acheampong,,1973-11-02,42,Ghana,MED,9400042,Otros-Ghana,verified_1993_national_pools_0.22,National-Football-Teams · players used by the senior national team in 1993,https://www.national-football-teams.com/country/72/1993/Ghana.html,1993,,Goldfields Obuasi,70,fixed_source_comparable_review_0.23,False,created_player_profile_audit_0.23,conservative,created_after_global_existing_player_comparison,,,,Yaw Acheampong,,,9495179.jpg,pending
9495181,Samuel Johnson,Samuel,Johnson,,1973-07-25,42,Ghana,MED,9400042,Otros-Ghana,verified_1993_national_pools_0.22,National-Football-Teams · players used by the senior national team in 1993,https://www.national-football-teams.com/country/72/1993/Ghana.html,1993,,Hearts of Oak Accra,69,fixed_source_comparable_review_0.23,False,created_player_profile_audit_0.23,conservative,created_after_global_existing_player_comparison,,,,Samuel Johnson,,,9495181.jpg,pending
9495182,Kenny Achampong,Kenny,Achampong,,1966-06-26,42,Ghana,MED,9400042,Otros-Ghana,verified_1993_national_pools_0.22,National-Football-Teams · players used by the senior national team in 1993,https://www.national-football-teams.com/country/72/1993/Ghana.html,1993,,Leyton Orient,69,fixed_source_comparable_review_0.23,False,created_player_profile_audit_0.23,conservative,created_after_global_existing_player_comparison,,,,Kenny Achampong,,,9495182.jpg,pending
9495184,Ablade Kumah,Ablade,Kumah,,1970-06-26,42,Ghana,MED,9400042,Otros-Ghana,verified_1993_national_pools_0.22,National-Football-Teams · players used by the senior national team in 1993,https://www.national-football-teams.com/country/72/1993/Ghana.html,1993,,Hearts of Oak Accra,68,fixed_source_comparable_review_0.23,False,created_player_profile_audit_0.23,conservative,created_after_global_existing_player_comparison,,,,Ablade Kumah,,,9495184.jpg,pending
9495186,Mamood Amadu,Mamood,Amadu,,1972-11-17,42,Ghana,DEL,9400042,Otros-Ghana,verified_1993_national_pools_0.22,National-Football-Teams · players used by the senior national team in 1993,https://www.national-football-teams.com/country/72/1993/Ghana.html,1993,,Asante Kotoko Kumasi,70,fixed_source_comparable_review_0.23,False,created_player_profile_audit_0.23,conservative,created_after_global_existing_player_comparison,,,,Mamood Amadu,,,9495186.jpg,pending
9495187,Prince Polley Opoku,Prince Polley,Opoku,,1969-04-05,42,Ghana,DEL,9400042,Otros-Ghana,verified_1993_national_pools_0.22,National-Football-Teams · players used by the senior national team in 1993,https://www.national-football-teams.com/country/72/1993/Ghana.html,1993,,FC Twente Enschede,73,fixed_source_comparable_review_0.23,False,created_player_profile_audit_0.23,conservative,created_after_global_existing_player_comparison,,,,Prince Polley Opoku,,,9495187.jpg,pending
9495188,Mohamed Reda Acimi,Mohamed Reda,Acimi,,1969-09-25,14,Argelia,POR,9400014,Otros-Argelia,verified_1993_national_pools_0.22,National-Football-Teams · players used by the senior national team in 1993,https://www.national-football-teams.com/country/3/1993/Algeria.html,1993,,WA Tlemcen,71,fixed_source_comparable_review_0.23,False,created_player_profile_audit_0.23,conservative,created_after_global_existing_player_comparison,,,,Mohamed Reda Acimi,,,9495188.jpg,pending
9495189,Mohamed Haniched,Mohamed,Haniched,,1968-04-30,14,Argelia,POR,9400014,Otros-Argelia,verified_1993_national_pools_0.22,National-Football-Teams · players used by the senior national team in 1993,https://www.national-football-teams.com/country/3/1993/Algeria.html,1993,,USM El Harrach,70,fixed_source_comparable_review_0.23,False,created_player_profile_audit_0.23,conservative,created_after_global_existing_player_comparison,,,,Mohamed Haniched,,,9495189.jpg,pending
9495190,Omar Belatoui,Omar,Belatoui,,1969-09-04,14,Argelia,DEF,9400014,Otros-Argelia,verified_1993_national_pools_0.22,National-Football-Teams · players used by the senior national team in 1993,https://www.national-football-teams.com/country/3/1993/Algeria.html,1993,,MC Oran,73,fixed_source_comparable_review_0.23,False,created_player_profile_audit_0.23,conservative,created_after_global_existing_player_comparison,,,,Omar Belatoui,,,9495190.jpg,pending
9495191,Rezki Amrouche,Rezki,Amrouche,,1970-11-17,14,Argelia,DEF,9400014,Otros-Argelia,verified_1993_national_pools_0.22,National-Football-Teams · players used by the senior national team in 1993,https://www.national-football-teams.com/country/3/1993/Algeria.html,1993,,NA Hussein Dey,72,fixed_source_comparable_review_0.23,False,created_player_profile_audit_0.23,conservative,created_after_global_existing_player_comparison,,,,Rezki Amrouche,,,9495191.jpg,pending
9495192,Kheireddine Kherris,Kheireddine,Kherris,,1973-05-08,14,Argelia,DEF,9400014,Otros-Argelia,verified_1993_national_pools_0.22,National-Football-Teams · players used by the senior national team in 1993,https://www.national-football-teams.com/country/3/1993/Algeria.html,1993,,WA Tlemcen,71,fixed_source_comparable_review_0.23,False,created_player_profile_audit_0.23,conservative,created_after_global_existing_player_comparison,,,,Kheireddine Kherris,,,9495192.jpg,pending
9495193,Mahieddine Meftah,Mahieddine,Meftah,,1968-09-25,14,Argelia,DEF,9400014,Otros-Argelia,verified_1993_national_pools_0.22,National-Football-Teams · players used by the senior national team in 1993,https://www.national-football-teams.com/country/3/1993/Algeria.html,1993,,JS Kabylie Tizi-Ouzou,74,fixed_source_comparable_review_0.23,False,created_player_profile_audit_0.23,conservative,created_after_global_existing_player_comparison,,,,Mahieddine Meftah,,,9495193.jpg,pending
9495194,Tarek Lazizi,Tarek,Lazizi,,1971-08-06,14,Argelia,DEF,9400014,Otros-Argelia,verified_1993_national_pools_0.22,National-Football-Teams · players used by the senior national team in 1993,https://www.national-football-teams.com/country/3/1993/Algeria.html,1993,,MC Alger,71,fixed_source_comparable_review_0.23,False,created_player_profile_audit_0.23,conservative,created_after_global_existing_player_comparison,,,,Tarek Lazizi,,,9495194.jpg,pending
9495195,Sid Ahmed Zerrouki,Sid Ahmed,Zerrouki,,1970-08-30,14,Argelia,DEF,9400014,Otros-Argelia,verified_1993_national_pools_0.22,National-Football-Teams · players used by the senior national team in 1993,https://www.national-football-teams.com/country/3/1993/Algeria.html,1993,,MC Oran,70,fixed_source_comparable_review_0.23,False,created_player_profile_audit_0.23,conservative,created_after_global_existing_player_comparison,,,,Sid Ahmed Zerrouki,,,9495195.jpg,pending
9495196,Abdelaziz Benhamlat,Abdelaziz,Benhamlat,,1974-03-22,14,Argelia,DEF,9400014,Otros-Argelia,verified_1993_national_pools_0.22,National-Football-Teams · players used by the senior national team in 1993,https://www.national-football-teams.com/country/3/1993/Algeria.html,1993,,JS Kabylie Tizi-Ouzou,69,fixed_source_comparable_review_0.23,False,created_player_profile_audit_0.23,conservative,created_after_global_existing_player_comparison,,,,Abdelaziz Benhamlat,,,9495196.jpg,pending
9495197,Mourad Karouf,Mourad,Karouf,,1968-12-27,14,Argelia,DEF,9400014,Otros-Argelia,verified_1993_national_pools_0.22,National-Football-Teams · players used by the senior national team in 1993,https://www.national-football-teams.com/country/3/1993/Algeria.html,1993,,JS Kabylie Tizi-Ouzou,69,fixed_source_comparable_review_0.23,False,created_player_profile_audit_0.23,conservative,created_after_global_existing_player_comparison,,,,Mourad Karouf,,,9495197.jpg,pending
9495198,Billel Dziri,Billel,Dziri,,1972-01-21,14,Argelia,MED,9400014,Otros-Argelia,verified_1993_national_pools_0.22,National-Football-Teams · players used by the senior national team in 1993,https://www.national-football-teams.com/country/3/1993/Algeria.html,1993,,NA Hussein Dey,74,fixed_source_comparable_review_0.23,False,created_player_profile_audit_0.23,conservative,created_after_global_existing_player_comparison,,,,Billel Dziri,,,9495198.jpg,pending
9495199,Tahar Chérif El Ouazzani,Tahar Chérif,El Ouazzani,,1967-10-07,14,Argelia,MED,9400014,Otros-Argelia,verified_1993_national_pools_0.22,National-Football-Teams · players used by the senior national team in 1993,https://www.national-football-teams.com/country/3/1993/Algeria.html,1993,,Raja Casablanca,76,fixed_source_comparable_review_0.23,False,created_player_profile_audit_0.23,high,created_after_global_existing_player_comparison,,,,Tahar Chérif El Ouazzani,,,9495199.jpg,pending
9495200,Ali Dahleb,Ali,Dahleb,,1969-08-25,14,Argelia,MED,9400014,Otros-Argelia,verified_1993_national_pools_0.22,National-Football-Teams · players used by the senior national team in 1993,https://www.national-football-teams.com/country/3/1993/Algeria.html,1993,,US Chaouia,70,fixed_source_comparable_review_0.23,False,created_player_profile_audit_0.23,conservative,created_after_global_existing_player_comparison,,,,Ali Dahleb,,,9495200.jpg,pending
9495201,Mohamed Idirem,Mohamed,Idirem,,1967-03-20,14,Argelia,MED,9400014,Otros-Argelia,verified_1993_national_pools_0.22,National-Football-Teams · players used by the senior national team in 1993,https://www.national-football-teams.com/country/3/1993/Algeria.html,1993,,NA Hussein Dey,69,fixed_source_comparable_review_0.23,False,created_player_profile_audit_0.23,conservative,created_after_global_existing_player_comparison,,,,Mohamed Idirem,,,9495201.jpg,pending
9495203,Tarik Bettadj,Tarik,Bettadj,,1968-08-04,14,Argelia,MED,9400014,Otros-Argelia,verified_1993_national_pools_0.22,National-Football-Teams · players used by the senior national team in 1993,https://www.national-football-teams.com/country/3/1993/Algeria.html,1993,,US Chaouia,69,fixed_source_comparable_review_0.23,False,created_player_profile_audit_0.23,conservative,created_after_global_existing_player_comparison,,,,Tarik Bettadj,,,9495203.jpg,pending
9495204,Lakhdar Adjali,Lakhdar,Adjali,,1972-07-18,14,Argelia,MED,9400014,Otros-Argelia,verified_1993_national_pools_0.22,National-Football-Teams · players used by the senior national team in 1993,https://www.national-football-teams.com/country/3/1993/Algeria.html,1993,,NA Hussein Dey,70,fixed_source_comparable_review_0.23,False,created_player_profile_audit_0.23,conservative,created_after_global_existing_player_comparison,,,,Lakhdar Adjali,,,9495204.jpg,pending
9495205,Bachir Mekani,Bachir,Mekani,,1970-03-26,14,Argelia,MED,9400014,Otros-Argelia,verified_1993_national_pools_0.22,National-Football-Teams · players used by the senior national team in 1993,https://www.national-football-teams.com/country/3/1993/Algeria.html,1993,,,68,fixed_source_comparable_review_0.23,False,created_player_profile_audit_0.23,conservative,created_after_global_existing_player_comparison,,,,Bachir Mekani,,,9495205.jpg,pending
9495206,Abdelhafid Tasfaout,Abdelhafid,Tasfaout,,1969-02-11,14,Argelia,DEL,9400014,Otros-Argelia,verified_1993_national_pools_0.22,National-Football-Teams · players used by the senior national team in 1993,https://www.national-football-teams.com/country/3/1993/Algeria.html,1993,,MC Oran,78,fixed_source_comparable_review_0.23,False,created_player_profile_audit_0.23,high,created_after_global_existing_player_comparison,,,,Abdelhafid Tasfaout,,,9495206.jpg,pending
9495207,Mourad Meziane,Mourad,Meziane,,1964-04-21,14,Argelia,DEL,9400014,Otros-Argelia,verified_1993_national_pools_0.22,National-Football-Teams · players used by the senior national team in 1993,https://www.national-football-teams.com/country/3/1993/Algeria.html,1993,,MC Oran,72,fixed_source_comparable_review_0.23,False,created_player_profile_audit_0.23,conservative,created_after_global_existing_player_comparison,,,,Mourad Meziane,,,9495207.jpg,pending
9495208,Tarek Hadj Adlane,Tarek,Hadj Adlane,,1965-11-12,14,Argelia,DEL,9400014,Otros-Argelia,verified_1993_national_pools_0.22,National-Football-Teams · players used by the senior national team in 1993,https://www.national-football-teams.com/country/3/1993/Algeria.html,1993,,JS Kabylie Tizi-Ouzou,73,fixed_source_comparable_review_0.23,False,created_player_profile_audit_0.23,conservative,created_after_global_existing_player_comparison,,,,Tarek Hadj Adlane,,,9495208.jpg,pending
9495209,Mohamed Brahimi,Mohamed,Brahimi,,1970-01-20,14,Argelia,DEL,9400014,Otros-Argelia,verified_1993_national_pools_0.22,National-Football-Teams · players used by the senior national team in 1993,https://www.national-football-teams.com/country/3/1993/Algeria.html,1993,,WA Tlemcen,71,fixed_source_comparable_review_0.23,False,created_player_profile_audit_0.23,conservative,created_after_global_existing_player_comparison,,,,Mohamed Brahimi,,,9495209.jpg,pending
9495300,Glen De Boeck,Glen,De Boeck,,1971-08-22,17,Bélgica,DEF,9400017,Otros-Bélgica,bel_tur_rus_national_depth_0.24,National-Football-Teams historical national-team year records; club cross-check in 1993-94 window,https://www.national-football-teams.com/country/20/1993/Belgium.html,1993,Centre Back,KV Mechelen,74,fixed_source_comparable_review_0.23,False,created_player_profile_audit_0.23,conservative,created_after_global_existing_player_comparison,,,,Glen De Boeck,,,9495300.jpg,pending
9495301,Régis Genaux,Régis,Genaux,,1973-08-31,17,Bélgica,DEF,9400017,Otros-Bélgica,bel_tur_rus_national_depth_0.24,National-Football-Teams historical national-team year records; club cross-check in 1993-94 window,https://www.national-football-teams.com/country/20/1993/Belgium.html,1993,Right Back,Standard Liège,73,fixed_source_comparable_review_0.23,False,created_player_profile_audit_0.23,high,created_after_global_existing_player_comparison,,,,Régis Genaux,,,9495301.jpg,pending
9495302,Bruno Versavel,Bruno,Versavel,,1967-08-27,17,Bélgica,MED,9400017,Otros-Bélgica,bel_tur_rus_national_depth_0.24,National-Football-Teams historical national-team year records; club cross-check in 1993-94 window,https://www.national-football-teams.com/country/20/1993/Belgium.html,1993,Left Midfielder,RSC Anderlecht,75,fixed_source_comparable_review_0.23,False,created_player_profile_audit_0.23,conservative,created_after_global_existing_player_comparison,,,,Bruno Versavel,,,9495302.jpg,pending
9495303,Michaël Goossens,Michaël,Goossens,,1973-11-30,17,Bélgica,DEL,9400017,Otros-Bélgica,bel_tur_rus_national_depth_0.24,National-Football-Teams historical national-team year records; club cross-check in 1993-94 window,https://www.national-football-teams.com/country/20/1993/Belgium.html,1993,Centre Forward,Standard Liège,72,fixed_source_comparable_review_0.23,False,created_player_profile_audit_0.23,conservative,created_after_global_existing_player_comparison,,,,Michaël Goossens,,,9495303.jpg,pending
9495304,Francis Severeyns,Francis,Severeyns,,1968-01-08,17,Bélgica,DEL,9400017,Otros-Bélgica,bel_tur_rus_national_depth_0.24,National-Football-Teams historical national-team year records; club cross-check in 1993-94 window,https://www.national-football-teams.com/country/20/1993/Belgium.html,1993,Centre Forward,Royal Antwerp FC,75,fixed_source_comparable_review_0.23,False,created_player_profile_audit_0.23,conservative,created_after_global_existing_player_comparison,,,,Francis Severeyns,,,9495304.jpg,pending
9495305,Bertrand Crasson,Bertrand,Crasson,,1971-10-05,17,Bélgica,DEF,9400017,Otros-Bélgica,bel_tur_rus_national_depth_0.24,National-Football-Teams historical national-team year records; club cross-check in 1993-94 window,https://www.national-football-teams.com/country/20/1993/Belgium.html,1992,Right Back,RSC Anderlecht,75,fixed_source_comparable_review_0.23,False,created_player_profile_audit_0.23,high,created_after_global_existing_player_comparison,,,,Bertrand Crasson,,,9495305.jpg,pending
9495306,Pascal Plovie,Pascal,Plovie,,1965-05-07,17,Bélgica,DEF,9400017,Otros-Bélgica,bel_tur_rus_national_depth_0.24,National-Football-Teams historical national-team year records; club cross-check in 1993-94 window,https://www.national-football-teams.com/country/20/1993/Belgium.html,1992,Centre Back,Club Brugge,74,fixed_source_comparable_review_0.23,False,created_player_profile_audit_0.23,high,created_after_global_existing_player_comparison,,,,Pascal Plovie,,,9495306.jpg,pending
9495307,Frank Dauwen,Frank,Dauwen,,1967-11-03,17,Bélgica,DEF,9400017,Otros-Bélgica,bel_tur_rus_national_depth_0.24,National-Football-Teams historical national-team year records; club cross-check in 1993-94 window,https://www.national-football-teams.com/country/20/1993/Belgium.html,1992,Centre Back,KAA Gent,73,fixed_source_comparable_review_0.23,False,created_player_profile_audit_0.23,conservative,created_after_global_existing_player_comparison,,,,Frank Dauwen,,,9495307.jpg,pending
9495308,Johan Walem,Johan,Walem,,1972-02-01,17,Bélgica,MED,9400017,Otros-Bélgica,bel_tur_rus_national_depth_0.24,National-Football-Teams historical national-team year records; club cross-check in 1993-94 window,https://www.national-football-teams.com/country/20/1993/Belgium.html,1992,Centre Midfielder,RSC Anderlecht,74,fixed_source_comparable_review_0.23,False,created_player_profile_audit_0.23,high,created_after_global_existing_player_comparison,,,,Johan Walem,,,9495308.jpg,pending
9495309,Alain De Nil,Alain,De Nil,,1966-08-17,17,Bélgica,MED,9400017,Otros-Bélgica,bel_tur_rus_national_depth_0.24,National-Football-Teams historical national-team year records; club cross-check in 1993-94 window,https://www.national-football-teams.com/country/20/1993/Belgium.html,1992,Left Midfielder,KAA Gent,73,fixed_source_comparable_review_0.23,False,created_player_profile_audit_0.23,conservative,created_after_global_existing_player_comparison,,,,Alain De Nil,,,9495309.jpg,pending
9495310,Gunther Hofmans,Gunther,Hofmans,,1967-01-03,17,Bélgica,DEL,9400017,Otros-Bélgica,bel_tur_rus_national_depth_0.24,National-Football-Teams historical national-team year records; club cross-check in 1993-94 window,https://www.national-football-teams.com/country/20/1993/Belgium.html,1992,Centre Forward,Germinal Ekeren,72,fixed_source_comparable_review_0.23,False,created_player_profile_audit_0.23,conservative,created_after_global_existing_player_comparison,,,,Gunther Hofmans,,,9495310.jpg,pending
9495311,Gilbert Bodart,Gilbert,Bodart,,1962-09-02,17,Bélgica,POR,9400017,Otros-Bélgica,bel_tur_rus_national_depth_0.24,National-Football-Teams historical national-team year records; club cross-check in 1993-94 window,https://www.national-football-teams.com/country/20/1993/Belgium.html,1994,Goalkeeper,Standard Liège,77,fixed_source_comparable_review_0.23,False,created_player_profile_audit_0.23,conservative,created_after_global_existing_player_comparison,,,,Gilbert Bodart,,,9495311.jpg,pending
9495312,Gert Verheyen,Gert,Verheyen,,1970-09-20,17,Bélgica,DEL,9400017,Otros-Bélgica,bel_tur_rus_national_depth_0.24,National-Football-Teams historical national-team year records; club cross-check in 1993-94 window,https://www.national-football-teams.com/country/20/1993/Belgium.html,1994,Right Winger,Club Brugge,75,fixed_source_comparable_review_0.23,False,created_player_profile_audit_0.23,high,created_after_global_existing_player_comparison,,,,Gert Verheyen,,,9495312.jpg,pending
9495313,Gilles De Bilde,Gilles,De Bilde,,1971-06-09,17,Bélgica,DEL,9400017,Otros-Bélgica,bel_tur_rus_national_depth_0.24,National-Football-Teams historical national-team year records; club cross-check in 1993-94 window,https://www.national-football-teams.com/country/20/1993/Belgium.html,1994,Left Winger,Eendracht Aalst,72,fixed_source_comparable_review_0.23,False,created_player_profile_audit_0.23,high,created_after_global_existing_player_comparison,,,,Gilles De Bilde,,,9495313.jpg,pending
9495314,Alain Bettagno,Alain,Bettagno,,1968-11-09,17,Bélgica,MED,9400017,Otros-Bélgica,bel_tur_rus_national_depth_0.24,National-Football-Teams historical national-team year records; club cross-check in 1993-94 window,https://www.national-football-teams.com/country/20/1993/Belgium.html,1994,Right Midfielder,Standard Liège,73,fixed_source_comparable_review_0.23,False,created_player_profile_audit_0.23,conservative,created_after_global_existing_player_comparison,,,,Alain Bettagno,,,9495314.jpg,pending
9495315,Engin İpekoğlu,Engin,İpekoğlu,,1961-06-07,84,Turquía,POR,9400084,Otros-Turquía,bel_tur_rus_national_depth_0.24,National-Football-Teams historical national-team year records; club cross-check in 1993-94 window,https://www.national-football-teams.com/country/192/1993/Turkey.html,1993,Goalkeeper,Fenerbahçe SK,77,fixed_source_comparable_review_0.23,False,created_player_profile_audit_0.23,conservative,created_after_global_existing_player_comparison,,,,Engin İpekoğlu,,,9495315.jpg,pending
9495316,Hayrettin Demirbaş,Hayrettin,Demirbaş,,1963-06-26,84,Turquía,POR,9400084,Otros-Turquía,bel_tur_rus_national_depth_0.24,National-Football-Teams historical national-team year records; club cross-check in 1993-94 window,https://www.national-football-teams.com/country/192/1993/Turkey.html,1993,Goalkeeper,Galatasaray SK,75,fixed_source_comparable_review_0.23,False,created_player_profile_audit_0.23,conservative,created_after_global_existing_player_comparison,,,,Hayrettin Demirbaş,,,9495316.jpg,pending
9495317,Rüştü Reçber,Rüştü,Reçber,,1973-05-10,84,Turquía,POR,9400084,Otros-Turquía,bel_tur_rus_national_depth_0.24,National-Football-Teams historical national-team year records; club cross-check in 1993-94 window,https://www.national-football-teams.com/country/192/1993/Turkey.html,1994,Goalkeeper,Fenerbahçe SK,70,fixed_source_comparable_review_0.23,False,created_player_profile_audit_0.23,conservative,created_after_global_existing_player_comparison,,,,Rüştü Reçber,,,9495317.jpg,pending
9495318,Şanver Göymen,Şanver,Göymen,,1967-01-22,84,Turquía,POR,9400084,Otros-Turquía,bel_tur_rus_national_depth_0.24,National-Football-Teams historical national-team year records; club cross-check in 1993-94 window,https://www.national-football-teams.com/country/192/1993/Turkey.html,1994,Goalkeeper,Altay İzmir,70,fixed_source_comparable_review_0.23,False,created_player_profile_audit_0.23,conservative,created_after_global_existing_player_comparison,,,,Şanver Göymen,,,9495318.jpg,pending
9495319,Bülent Korkmaz,Bülent,Korkmaz,,1968-11-24,84,Turquía,DEF,9400084,Otros-Turquía,bel_tur_rus_national_depth_0.24,National-Football-Teams historical national-team year records; club cross-check in 1993-94 window,https://www.national-football-teams.com/country/192/1993/Turkey.html,1993,Centre Back,Galatasaray SK,78,fixed_source_comparable_review_0.23,False,created_player_profile_audit_0.23,high,created_after_global_existing_player_comparison,,,,Bülent Korkmaz,,,9495319.jpg,pending
9495320,Recep Çetin,Recep,Çetin,,1965-10-01,84,Turquía,DEF,9400084,Otros-Turquía,bel_tur_rus_national_depth_0.24,National-Football-Teams historical national-team year records; club cross-check in 1993-94 window,https://www.national-football-teams.com/country/192/1993/Turkey.html,1993,Right Back,Beşiktaş JK,76,fixed_source_comparable_review_0.23,False,created_player_profile_audit_0.23,high,created_after_global_existing_player_comparison,,,,Recep Çetin,,,9495320.jpg,pending
9495321,Ogün Temizkanoğlu,Ogün,Temizkanoğlu,,1969-10-06,84,Turquía,DEF,9400084,Otros-Turquía,bel_tur_rus_national_depth_0.24,National-Football-Teams historical national-team year records; club cross-check in 1993-94 window,https://www.national-football-teams.com/country/192/1993/Turkey.html,1993,Centre Back,Trabzonspor,76,fixed_source_comparable_review_0.23,False,created_player_profile_audit_0.23,high,created_after_global_existing_player_comparison,,,,Ogün Temizkanoğlu,,,9495321.jpg,pending
9495322,Ali Günçar,Ali,Günçar,,1970-05-19,84,Turquía,DEF,9400084,Otros-Turquía,bel_tur_rus_national_depth_0.24,National-Football-Teams historical national-team year records; club cross-check in 1993-94 window,https://www.national-football-teams.com/country/192/1993/Turkey.html,1993,Centre Back,Beşiktaş JK,72,fixed_source_comparable_review_0.23,False,created_player_profile_audit_0.23,conservative,created_after_global_existing_player_comparison,,,,Ali Günçar,,,9495322.jpg,pending
9495323,Gökhan Keskin,Gökhan,Keskin,,1965-02-01,84,Turquía,DEF,9400084,Otros-Turquía,bel_tur_rus_national_depth_0.24,National-Football-Teams historical national-team year records; club cross-check in 1993-94 window,https://www.national-football-teams.com/country/192/1993/Turkey.html,1993,Libero,Beşiktaş JK,76,fixed_source_comparable_review_0.23,False,created_player_profile_audit_0.23,high,created_after_global_existing_player_comparison,,,,Gökhan Keskin,,,9495323.jpg,pending
9495324,Serhat Güller,Serhat,Güller,,1968-12-18,84,Turquía,DEF,9400084,Otros-Turquía,bel_tur_rus_national_depth_0.24,National-Football-Teams historical national-team year records; club cross-check in 1993-94 window,https://www.national-football-teams.com/country/192/1993/Turkey.html,1993,Defender,Ankaragücü,71,fixed_source_comparable_review_0.23,False,created_player_profile_audit_0.23,conservative,created_after_global_existing_player_comparison,,,,Serhat Güller,,,9495324.jpg,pending
9495325,Emre Aşık,Emre,Aşık,,1973-12-13,84,Turquía,DEF,9400084,Otros-Turquía,bel_tur_rus_national_depth_0.24,National-Football-Teams historical national-team year records; club cross-check in 1993-94 window,https://www.national-football-teams.com/country/192/1993/Turkey.html,1993,Centre Back,Fenerbahçe SK,70,fixed_source_comparable_review_0.23,False,created_player_profile_audit_0.23,conservative,created_after_global_existing_player_comparison,,,,Emre Aşık,,,9495325.jpg,pending
9495326,Sedat Balkanlı,Sedat,Balkanlı,,1965-01-15,84,Turquía,DEF,9400084,Otros-Turquía,bel_tur_rus_national_depth_0.24,National-Football-Teams historical national-team year records; club cross-check in 1993-94 window,https://www.national-football-teams.com/country/192/1993/Turkey.html,1993,Centre Back,Bursaspor,71,fixed_source_comparable_review_0.23,False,created_player_profile_audit_0.23,conservative,created_after_global_existing_player_comparison,,,,Sedat Balkanlı,,,9495326.jpg,pending
9495327,Yusuf Tepekule,Yusuf,Tepekule,,1968-01-15,84,Turquía,DEF,9400084,Otros-Turquía,bel_tur_rus_national_depth_0.24,National-Football-Teams historical national-team year records; club cross-check in 1993-94 window,https://www.national-football-teams.com/country/192/1993/Turkey.html,1993,Defender,Galatasaray SK,70,fixed_source_comparable_review_0.23,False,created_player_profile_audit_0.23,conservative,created_after_global_existing_player_comparison,,,,Yusuf Tepekule,,,9495327.jpg,pending
9495328,Cengiz Atila,Cengiz,Atila,,1966-07-27,84,Turquía,DEF,9400084,Otros-Turquía,bel_tur_rus_national_depth_0.24,National-Football-Teams historical national-team year records; club cross-check in 1993-94 window,https://www.national-football-teams.com/country/192/1993/Turkey.html,1994,Defender,Trabzonspor,71,fixed_source_comparable_review_0.23,False,created_player_profile_audit_0.23,conservative,created_after_global_existing_player_comparison,,,,Cengiz Atila,,,9495328.jpg,pending
9495329,Ergün Penbe,Ergün,Penbe,,1972-05-17,84,Turquía,DEF,9400084,Otros-Turquía,bel_tur_rus_national_depth_0.24,National-Football-Teams historical national-team year records; club cross-check in 1993-94 window,https://www.national-football-teams.com/country/192/1993/Turkey.html,1994,Left Back,Galatasaray SK,69,fixed_source_comparable_review_0.23,False,created_player_profile_audit_0.23,high,created_after_global_existing_player_comparison,,,,Ergün Penbe,,,9495329.jpg,pending
9495330,Mutlu Topçu,Mutlu,Topçu,,1970-11-16,84,Turquía,DEF,9400084,Otros-Turquía,bel_tur_rus_national_depth_0.24,National-Football-Teams historical national-team year records; club cross-check in 1993-94 window,https://www.national-football-teams.com/country/192/1993/Turkey.html,1994,Left Back,Beşiktaş JK,70,fixed_source_comparable_review_0.23,False,created_player_profile_audit_0.23,conservative,created_after_global_existing_player_comparison,,,,Mutlu Topçu,,,9495330.jpg,pending
9495331,Tugay Kerimoğlu,Tugay,Kerimoğlu,,1970-08-24,84,Turquía,MED,9400084,Otros-Turquía,bel_tur_rus_national_depth_0.24,National-Football-Teams historical national-team year records; club cross-check in 1993-94 window,https://www.national-football-teams.com/country/192/1993/Turkey.html,1993,Defensive Midfielder,Galatasaray SK,77,fixed_source_comparable_review_0.23,False,created_player_profile_audit_0.23,high,created_after_global_existing_player_comparison,,,,Tugay Kerimoğlu,,,9495331.jpg,pending
9495332,Oğuz Çetin,Oğuz,Çetin,,1963-02-15,84,Turquía,MED,9400084,Otros-Turquía,bel_tur_rus_national_depth_0.24,National-Football-Teams historical national-team year records; club cross-check in 1993-94 window,https://www.national-football-teams.com/country/192/1993/Turkey.html,1993,Centre Midfielder,Fenerbahçe SK,78,fixed_source_comparable_review_0.23,False,created_player_profile_audit_0.23,high,created_after_global_existing_player_comparison,,,,Oğuz Çetin,,,9495332.jpg,pending
9495333,Ünal Karaman,Ünal,Karaman,,1966-06-29,84,Turquía,MED,9400084,Otros-Turquía,bel_tur_rus_national_depth_0.24,National-Football-Teams historical national-team year records; club cross-check in 1993-94 window,https://www.national-football-teams.com/country/192/1993/Turkey.html,1993,Centre Midfielder,Trabzonspor,77,fixed_source_comparable_review_0.23,False,created_player_profile_audit_0.23,high,created_after_global_existing_player_comparison,,,,Ünal Karaman,,,9495333.jpg,pending
9495334,Mehmet Özdilek,Mehmet,Özdilek,,1966-04-01,84,Turquía,MED,9400084,Otros-Turquía,bel_tur_rus_national_depth_0.24,National-Football-Teams historical national-team year records; club cross-check in 1993-94 window,https://www.national-football-teams.com/country/192/1993/Turkey.html,1993,Attacking Midfielder,Beşiktaş JK,77,fixed_source_comparable_review_0.23,False,created_player_profile_audit_0.23,high,created_after_global_existing_player_comparison,,,,Mehmet Özdilek,,,9495334.jpg,pending
9495335,Abdullah Ercan,Abdullah,Ercan,,1971-12-08,84,Turquía,MED,9400084,Otros-Turquía,bel_tur_rus_national_depth_0.24,National-Football-Teams historical national-team year records; club cross-check in 1993-94 window,https://www.national-football-teams.com/country/192/1993/Turkey.html,1993,Left Midfielder,Trabzonspor,73,fixed_source_comparable_review_0.23,False,created_player_profile_audit_0.23,conservative,created_after_global_existing_player_comparison,,,,Abdullah Ercan,,,9495335.jpg,pending
9495336,Suat Kaya,Suat,Kaya,,1967-08-26,84,Turquía,MED,9400084,Otros-Turquía,bel_tur_rus_national_depth_0.24,National-Football-Teams historical national-team year records; club cross-check in 1993-94 window,https://www.national-football-teams.com/country/192/1993/Turkey.html,1993,Defensive Midfielder,Galatasaray SK,74,fixed_source_comparable_review_0.23,False,created_player_profile_audit_0.23,high,created_after_global_existing_player_comparison,,,,Suat Kaya,,,9495336.jpg,pending
9495337,Hamza Hamzaoğlu,Hamza,Hamzaoğlu,,1970-01-15,84,Turquía,MED,9400084,Otros-Turquía,bel_tur_rus_national_depth_0.24,National-Football-Teams historical national-team year records; club cross-check in 1993-94 window,https://www.national-football-teams.com/country/192/1993/Turkey.html,1993,Left Midfielder,Galatasaray SK,72,fixed_source_comparable_review_0.23,False,created_player_profile_audit_0.23,conservative,created_after_global_existing_player_comparison,,,,Hamza Hamzaoğlu,,,9495337.jpg,pending
9495338,Rıza Çalımbay,Rıza,Çalımbay,,1963-02-02,84,Turquía,MED,9400084,Otros-Turquía,bel_tur_rus_national_depth_0.24,National-Football-Teams historical national-team year records; club cross-check in 1993-94 window,https://www.national-football-teams.com/country/192/1993/Turkey.html,1992,Right Midfielder,Beşiktaş JK,77,fixed_source_comparable_review_0.23,False,created_player_profile_audit_0.23,conservative,created_after_global_existing_player_comparison,,,,Rıza Çalımbay,,,9495338.jpg,pending
9495339,Turhan Sofuoğlu,Turhan,Sofuoğlu,,1965-08-19,84,Turquía,MED,9400084,Otros-Turquía,bel_tur_rus_national_depth_0.24,National-Football-Teams historical national-team year records; club cross-check in 1993-94 window,https://www.national-football-teams.com/country/192/1993/Turkey.html,1992,Defensive Midfielder,Fenerbahçe SK,73,fixed_source_comparable_review_0.23,False,created_player_profile_audit_0.23,conservative,created_after_global_existing_player_comparison,,,,Turhan Sofuoğlu,,,9495339.jpg,pending
9495340,Okan Buruk,Okan,Buruk,,1973-10-19,84,Turquía,MED,9400084,Otros-Turquía,bel_tur_rus_national_depth_0.24,National-Football-Teams historical national-team year records; club cross-check in 1993-94 window,https://www.national-football-teams.com/country/192/1993/Turkey.html,1992,Right Midfielder,Galatasaray SK,70,fixed_source_comparable_review_0.23,False,created_player_profile_audit_0.23,conservative,created_after_global_existing_player_comparison,,,,Okan Buruk,,,9495340.jpg,pending
9495341,Rıdvan Dilmen,Rıdvan,Dilmen,,1962-08-15,84,Turquía,MED,9400084,Otros-Turquía,bel_tur_rus_national_depth_0.24,National-Football-Teams historical national-team year records; club cross-check in 1993-94 window,https://www.national-football-teams.com/country/192/1993/Turkey.html,1992,Right Midfielder,Fenerbahçe SK,75,fixed_source_comparable_review_0.23,False,created_player_profile_audit_0.23,conservative,created_after_global_existing_player_comparison,,,,Rıdvan Dilmen,,,9495341.jpg,pending
9495342,Uğur Tütüneker,Uğur,Tütüneker,,1963-08-02,84,Turquía,MED,9400084,Otros-Turquía,bel_tur_rus_national_depth_0.24,National-Football-Teams historical national-team year records; club cross-check in 1993-94 window,https://www.national-football-teams.com/country/192/1993/Turkey.html,1992,Attacking Midfielder,Galatasaray SK,73,fixed_source_comparable_review_0.23,False,created_player_profile_audit_0.23,conservative,created_after_global_existing_player_comparison,,,,Uğur Tütüneker,,,9495342.jpg,pending
9495343,İlker Yağcıoğlu,İlker,Yağcıoğlu,,1966-03-10,84,Turquía,MED,9400084,Otros-Turquía,bel_tur_rus_national_depth_0.24,National-Football-Teams historical national-team year records; club cross-check in 1993-94 window,https://www.national-football-teams.com/country/192/1993/Turkey.html,1994,Midfielder,Fenerbahçe SK,72,fixed_source_comparable_review_0.23,False,created_player_profile_audit_0.23,conservative,created_after_global_existing_player_comparison,,,,İlker Yağcıoğlu,,,9495343.jpg,pending
9495344,Tolunay Kafkas,Tolunay,Kafkas,,1968-03-31,84,Turquía,MED,9400084,Otros-Turquía,bel_tur_rus_national_depth_0.24,National-Football-Teams historical national-team year records; club cross-check in 1993-94 window,https://www.national-football-teams.com/country/192/1993/Turkey.html,1994,Defensive Midfielder,Trabzonspor,72,fixed_source_comparable_review_0.23,False,created_player_profile_audit_0.23,conservative,created_after_global_existing_player_comparison,,,,Tolunay Kafkas,,,9495344.jpg,pending
9495345,Sergen Yalçın,Sergen,Yalçın,,1972-10-05,84,Turquía,MED,9400084,Otros-Turquía,bel_tur_rus_national_depth_0.24,National-Football-Teams historical national-team year records; club cross-check in 1993-94 window,https://www.national-football-teams.com/country/192/1993/Turkey.html,1994,Attacking Midfielder,Beşiktaş JK,73,fixed_source_comparable_review_0.23,False,created_player_profile_audit_0.23,conservative,created_after_global_existing_player_comparison,,,,Sergen Yalçın,,,9495345.jpg,pending
9495346,Orhan Çıkırıkçı,Orhan,Çıkırıkçı,,1967-04-15,84,Turquía,DEL,9400084,Otros-Turquía,bel_tur_rus_national_depth_0.24,National-Football-Teams historical national-team year records; club cross-check in 1993-94 window,https://www.national-football-teams.com/country/192/1993/Turkey.html,1993,Left Winger,Trabzonspor,77,fixed_source_comparable_review_0.23,False,created_player_profile_audit_0.23,conservative,created_after_global_existing_player_comparison,,,,Orhan Çıkırıkçı,,,9495346.jpg,pending
9495347,Feyyaz Uçar,Feyyaz,Uçar,,1963-10-27,84,Turquía,DEL,9400084,Otros-Turquía,bel_tur_rus_national_depth_0.24,National-Football-Teams historical national-team year records; club cross-check in 1993-94 window,https://www.national-football-teams.com/country/192/1993/Turkey.html,1993,Centre Forward,Beşiktaş JK,77,fixed_source_comparable_review_0.23,False,created_player_profile_audit_0.23,high,created_after_global_existing_player_comparison,,,,Feyyaz Uçar,,,9495347.jpg,pending
9495348,Hakan Şükür,Hakan,Şükür,,1971-09-01,84,Turquía,DEL,9400084,Otros-Turquía,bel_tur_rus_national_depth_0.24,National-Football-Teams historical national-team year records; club cross-check in 1993-94 window,https://www.national-football-teams.com/country/192/1993/Turkey.html,1993,Centre Forward,Galatasaray SK,79,fixed_source_comparable_review_0.23,False,created_player_profile_audit_0.23,high,created_after_global_existing_player_comparison,,,,Hakan Şükür,,,9495348.jpg,pending
9495349,Hami Mandıralı,Hami,Mandıralı,,1968-07-20,84,Turquía,DEL,9400084,Otros-Turquía,bel_tur_rus_national_depth_0.24,National-Football-Teams historical national-team year records; club cross-check in 1993-94 window,https://www.national-football-teams.com/country/192/1993/Turkey.html,1993,Secondary Striker,Trabzonspor,78,fixed_source_comparable_review_0.23,False,created_player_profile_audit_0.23,conservative,created_after_global_existing_player_comparison,,,,Hami Mandıralı,,,9495349.jpg,pending
9495350,Ertuğrul Sağlam,Ertuğrul,Sağlam,,1969-11-19,84,Turquía,DEL,9400084,Otros-Turquía,bel_tur_rus_national_depth_0.24,National-Football-Teams historical national-team year records; club cross-check in 1993-94 window,https://www.national-football-teams.com/country/192/1993/Turkey.html,1993,Secondary Striker,Samsunspor,75,fixed_source_comparable_review_0.23,False,created_player_profile_audit_0.23,high,created_after_global_existing_player_comparison,,,,Ertuğrul Sağlam,,,9495350.jpg,pending
9495351,Aykut Kocaman,Aykut,Kocaman,,1965-04-05,84,Turquía,DEL,9400084,Otros-Turquía,bel_tur_rus_national_depth_0.24,National-Football-Teams historical national-team year records; club cross-check in 1993-94 window,https://www.national-football-teams.com/country/192/1993/Turkey.html,1993,Centre Forward,Fenerbahçe SK,78,fixed_source_comparable_review_0.23,False,created_player_profile_audit_0.23,high,created_after_global_existing_player_comparison,,,,Aykut Kocaman,,,9495351.jpg,pending
9495352,Bülent Uygun,Bülent,Uygun,,1971-08-01,84,Turquía,DEL,9400084,Otros-Turquía,bel_tur_rus_national_depth_0.24,National-Football-Teams historical national-team year records; club cross-check in 1993-94 window,https://www.national-football-teams.com/country/192/1993/Turkey.html,1993,Secondary Striker,Fenerbahçe SK,72,fixed_source_comparable_review_0.23,False,created_player_profile_audit_0.23,conservative,created_after_global_existing_player_comparison,,,,Bülent Uygun,,,9495352.jpg,pending
9495353,Saffet Sancaklı,Saffet,Sancaklı,,1966-02-27,84,Turquía,DEL,9400084,Otros-Turquía,bel_tur_rus_national_depth_0.24,National-Football-Teams historical national-team year records; club cross-check in 1993-94 window,https://www.national-football-teams.com/country/192/1993/Turkey.html,1993,Centre Forward,Kocaelispor,73,fixed_source_comparable_review_0.23,False,created_player_profile_audit_0.23,conservative,created_after_global_existing_player_comparison,,,,Saffet Sancaklı,,,9495353.jpg,pending
9495354,Arif Erdem,Arif,Erdem,,1972-01-02,84,Turquía,DEL,9400084,Otros-Turquía,bel_tur_rus_national_depth_0.24,National-Football-Teams historical national-team year records; club cross-check in 1993-94 window,https://www.national-football-teams.com/country/192/1993/Turkey.html,1994,Centre Forward,Galatasaray SK,72,fixed_source_comparable_review_0.23,False,created_player_profile_audit_0.23,conservative,created_after_global_existing_player_comparison,,,,Arif Erdem,,,9495354.jpg,pending
9495355,Zaur Khapov,Zaur,Khapov,,1964-10-21,40,Rusia,POR,9400040,Otros-Rusia,bel_tur_rus_national_depth_0.24,National-Football-Teams historical national-team year records; club cross-check in 1993-94 window,https://www.national-football-teams.com/country/152/1994/Russia.html,1994,Goalkeeper,Spartak Vladikavkaz,75,fixed_source_comparable_review_0.23,False,created_player_profile_audit_0.23,conservative,created_after_global_existing_player_comparison,,,,Zaur Khapov,,,9495355.jpg,pending
9495356,Rashid Rahimov,Rashid,Rahimov,,1965-03-18,40,Rusia,DEF,9400040,Otros-Rusia,bel_tur_rus_national_depth_0.24,National-Football-Teams historical national-team year records; club cross-check in 1993-94 window,https://www.national-football-teams.com/country/152/1994/Russia.html,1994,Left Back,Austria Wien,76,fixed_source_comparable_review_0.23,False,created_player_profile_audit_0.23,high,created_after_global_existing_player_comparison,,,,Rashid Rahimov,,,9495356.jpg,pending
9495357,Ramiz Mamedov,Ramiz,Mamedov,,1972-05-21,40,Rusia,DEF,9400040,Otros-Rusia,bel_tur_rus_national_depth_0.24,National-Football-Teams historical national-team year records; club cross-check in 1993-94 window,https://www.national-football-teams.com/country/152/1994/Russia.html,1994,Left Back,Spartak Moskva,75,fixed_source_comparable_review_0.23,False,created_player_profile_audit_0.23,high,created_after_global_existing_player_comparison,,,,Ramiz Mamedov,,,9495357.jpg,pending
9495358,Yuri Kovtun,Yuri,Kovtun,,1970-01-05,40,Rusia,DEF,9400040,Otros-Rusia,bel_tur_rus_national_depth_0.24,National-Football-Teams historical national-team year records; club cross-check in 1993-94 window,https://www.national-football-teams.com/country/152/1994/Russia.html,1994,Left Back,Dinamo Moskva,75,fixed_source_comparable_review_0.23,False,created_player_profile_audit_0.23,high,created_after_global_existing_player_comparison,,,,Yuri Kovtun,,,9495358.jpg,pending
9495359,Vladimir Tatarchuk,Vladimir,Tatarchuk,,1966-04-25,40,Rusia,MED,9400040,Otros-Rusia,bel_tur_rus_national_depth_0.24,National-Football-Teams historical national-team year records; club cross-check in 1993-94 window,https://www.national-football-teams.com/country/152/1994/Russia.html,1994,Left Midfielder,Al-Ittihad Doha,76,fixed_source_comparable_review_0.23,False,created_player_profile_audit_0.23,high,created_after_global_existing_player_comparison,,,,Vladimir Tatarchuk,,,9495359.jpg,pending
9495360,Sergei Podpaly,Sergei,Podpaly,,1963-09-13,40,Rusia,MED,9400040,Otros-Rusia,bel_tur_rus_national_depth_0.24,National-Football-Teams historical national-team year records; club cross-check in 1993-94 window,https://www.national-football-teams.com/country/152/1994/Russia.html,1994,Defensive Midfielder,Lokomotiv Moskva,74,fixed_source_comparable_review_0.23,False,created_player_profile_audit_0.23,high,created_after_global_existing_player_comparison,,,,Sergei Podpaly,,,9495360.jpg,pending
